  33.48671,  -0.39799,   0.00032
  35.20100,  -0.22097,   0.00068
  36.05147,  -0.00726,   0.00112
  34.96836,   0.02244,   0.00126
  33.60520,  -0.00955,   0.00123
  32.04638,  -0.18428,   0.00110
  30.64082,  -0.31039,   0.00097
  29.41854,  -0.27710,   0.00100
  26.47658,  -0.23872,   0.00106
  26.37512,  -0.21940,   0.00118
  27.04025,  -0.25906,   0.00125
  27.27369,  -0.30026,   0.00123
  28.47831,  -0.30136,   0.00124
  29.10888,  -0.20883,   0.00131
  29.31523,  -0.14631,   0.00124
  28.51778,  -0.09517,   0.00120
  28.06709,  -0.18232,   0.00113
  28.81354,  -0.32439,   0.00098
  30.27797,  -0.37239,   0.00124
  32.10141,  -0.24123,   0.00168
  34.55387,   0.02466,   0.00244
  34.78686,   0.23429,   0.00265
  34.11586,   0.24546,   0.00246
  34.04063,   0.08153,   0.00207
  33.56852,  -0.10114,   0.00150
  33.66440,  -0.15261,   0.00109
  34.34620,  -0.18389,   0.00068
  34.74600,  -0.01187,   0.00077
  35.18751,   0.10292,   0.00098
  35.02281,   0.06789,   0.00088
  34.69535,   0.01626,   0.00099
  34.42918,   0.10754,   0.00129
  33.15097,   0.14152,   0.00142
  31.37630,   0.16548,   0.00147
  29.40906,   0.13384,   0.00153
  28.89735,  -0.00923,   0.00149
  29.04006,  -0.13404,   0.00147
  30.82727,  -0.15515,   0.00166
  32.53657,  -0.03859,   0.00193
  33.64604,   0.20316,   0.00219
  48.24878,   0.20926,   0.00213
  47.36465,   0.17112,   0.00177
  47.45066,  -0.00414,   0.00119
  47.40811,  -0.20832,   0.00081
  32.36992,  -0.14864,   0.00075
  33.08672,  -0.04747,   0.00079
  33.83207,   0.09248,   0.00089
  33.40748,   0.13926,   0.00097
  33.73292,   0.11387,   0.00090
  33.83223,  -0.04178,   0.00048
  33.52596,  -0.14573,   0.00005
  33.31201,  -0.11832,  -0.00008
  32.62243,  -0.14909,  -0.00046
  32.30139,  -0.14941,  -0.00049
  32.51544,  -0.22802,  -0.00038
  33.11295,  -0.28914,  -0.00039
  33.82302,  -0.16978,   0.00015
  33.64093,  -0.01696,   0.00055
  32.47032,   0.14820,   0.00081
  30.38765,   0.20508,   0.00096
  28.01989,   0.09274,   0.00063
  26.70360,  -0.17153,   0.00019
  26.66233,  -0.35570,  -0.00013
  27.54669,  -0.33575,  -0.00026
  29.42916,  -0.09446,  -0.00007
  30.72622,   0.15500,   0.00021
  31.05770,   0.17216,   0.00000
  30.59279,   0.08512,  -0.00018
  29.87640,  -0.06933,  -0.00043
  30.48760,  -0.06477,  -0.00041
  30.21892,  -0.01649,  -0.00029
  30.47824,   0.07886,  -0.00009
  30.71535,   0.11605,   0.00024
  31.96753,   0.03162,   0.00038
  33.66570,  -0.04117,   0.00046
  35.42120,   0.02683,   0.00083
  35.81550,   0.15497,   0.00082
  35.98276,   0.16740,   0.00055
  34.81915,   0.15631,   0.00017
  33.51309,  -0.01423,  -0.00029
  33.20674,  -0.29188,  -0.00111
  33.69627,  -0.40332,  -0.00116
  34.13529,  -0.23795,  -0.00081
  34.27533,   0.01810,  -0.00028
  33.08204,   0.16248,   0.00011
  30.54842,   0.18999,   0.00027
  28.44306,  -0.05804,  -0.00002
  26.89469,  -0.32049,  -0.00037
  26.20483,  -0.38188,  -0.00044
  26.47770,  -0.30822,  -0.00032
  26.89056,  -0.27450,  -0.00028
  28.13191,  -0.15631,   0.00008
  29.04413,  -0.13913,   0.00037
  30.22245,  -0.14645,   0.00044
  30.29518,  -0.07773,   0.00063
  29.85127,   0.06522,   0.00077
  29.94795,   0.16982,   0.00090
  28.84928,   0.13600,   0.00067
  28.51569,   0.00344,   0.00043
  29.36726,  -0.17913,   0.00025
  31.26659,  -0.18385,   0.00021
  33.14139,  -0.05194,   0.00053
  34.17229,   0.19013,   0.00057
  33.83824,   0.29358,   0.00039
  33.38657,   0.11457,  -0.00016
  32.51039,  -0.13900,  -0.00056
  32.05172,  -0.32738,  -0.00073
  32.60143,  -0.30771,  -0.00058
  33.32832,  -0.16761,  -0.00010
  33.86420,  -0.00314,   0.00055
  32.64673,   0.13049,   0.00123
  32.43355,   0.05533,   0.00151
  32.19977,  -0.07229,   0.00158
  31.53537,  -0.08651,   0.00176
  31.09189,  -0.09216,   0.00169
  30.71206,  -0.08238,   0.00157
  29.93343,  -0.24978,   0.00094
  30.85966,  -0.35793,   0.00084
  32.63452,  -0.40838,   0.00089
  33.93002,  -0.32612,   0.00089
  34.96358,  -0.12327,   0.00120
  34.74482,   0.04998,   0.00134
  33.68989,   0.09922,   0.00131
  32.21396,  -0.10727,   0.00094
  31.48766,  -0.39633,   0.00058
  32.03868,  -0.49898,   0.00062
  34.06764,  -0.46542,   0.00069
  36.37040,  -0.25111,   0.00096
  37.05305,  -0.14698,   0.00125
  37.48376,  -0.07911,   0.00130
  38.48251,  -0.18322,   0.00107
  37.80391,  -0.28357,   0.00086
  36.87830,  -0.30077,   0.00070
  36.67034,  -0.23175,   0.00056
  35.64999,  -0.12844,   0.00055
  34.82773,  -0.12963,   0.00062
  33.79080,  -0.16933,   0.00070
  33.74964,  -0.22730,   0.00079
  33.83782,  -0.18595,   0.00084
  32.95195,  -0.07402,   0.00094
  31.69382,   0.03450,   0.00072
  30.24375,   0.00484,   0.00038
  29.30617,  -0.24283,  -0.00026
  29.30796,  -0.42195,  -0.00045
  30.59510,  -0.43323,  -0.00034
  32.56493,  -0.24922,   0.00008
  33.70003,   0.03686,   0.00072
  33.85146,   0.21728,   0.00112
  33.28664,   0.26447,   0.00139
  32.44929,   0.08702,   0.00113
  32.11630,  -0.07738,   0.00078
  32.73392,  -0.09270,   0.00075
  33.51225,  -0.01485,   0.00050
  34.54502,   0.07614,   0.00033
  34.66888,  -0.01319,   0.00004
  35.77607,  -0.08033,  -0.00019
  36.81830,  -0.11282,  -0.00043
  37.92836,  -0.04812,  -0.00061
  37.20380,   0.06454,  -0.00079
  35.51787,   0.10536,  -0.00094
  33.63844,   0.03515,  -0.00117
  32.42491,  -0.19744,  -0.00132
  31.87194,  -0.24812,  -0.00117
  32.79228,  -0.26834,  -0.00090
  32.69141,  -0.06511,  -0.00020
  33.07616,   0.13374,   0.00021
  27.65137,   0.15385,   0.00047
  26.68187,   0.06129,   0.00030
  26.02622,  -0.10381,   0.00000
  26.40564,  -0.20596,  -0.00040
  26.96217,  -0.13874,  -0.00036
  27.78685,   0.05765,  -0.00005
  28.24221,   0.21593,   0.00018
  28.68917,   0.28665,   0.00047
  29.03287,   0.25180,   0.00053
  29.33566,   0.26479,   0.00049
  34.99422,   0.31613,   0.00019
  34.67983,   0.36046,  -0.00005
  34.25242,   0.38827,  -0.00031
  34.67931,   0.24930,  -0.00072
  36.18379,   0.13120,  -0.00087
  38.74175,   0.07951,  -0.00078
  41.55046,   0.21514,  -0.00050
  43.15492,   0.45078,   0.00006
  42.41255,   0.65155,   0.00041
  40.64305,   0.65339,   0.00048
  39.78239,   0.54687,   0.00030
  38.62321,   0.27227,   0.00008
  38.40178,   0.12176,   0.00005
  38.77010,   0.26330,   0.00041
  38.06143,   0.36101,   0.00067
  38.18397,   0.48563,   0.00087
  37.89218,   0.47292,   0.00079
  37.24091,   0.31326,   0.00023
  36.65786,   0.18708,  -0.00008
  36.25448,   0.13424,  -0.00048
  35.26656,   0.19484,  -0.00051
  34.56699,   0.24608,  -0.00044
  34.15285,   0.19511,  -0.00058
  34.68340,   0.12126,  -0.00036
  35.62684,   0.18299,   0.00013
  36.33491,   0.24837,   0.00044
  36.32802,   0.38940,   0.00095
  35.55867,   0.45777,   0.00079
  34.78522,   0.32615,   0.00043
  34.29073,   0.12221,  -0.00008
  34.80500,  -0.05552,  -0.00045
  36.51162,  -0.09499,  -0.00060
  37.85013,  -0.00044,  -0.00056
  38.58656,   0.27042,  -0.00034
  38.10235,   0.40483,  -0.00026
  36.52115,   0.29399,  -0.00049
  35.23672,   0.17685,  -0.00074
  33.66326,   0.00127,  -0.00106
  32.23205,   0.01457,  -0.00103
  31.41440,   0.05350,  -0.00106
  29.49478,   0.06515,  -0.00098
  29.96193,   0.04108,  -0.00077
  30.80746,  -0.03467,  -0.00060
  31.14031,  -0.04421,  -0.00040
  31.41991,   0.03762,  -0.00021
  31.07031,   0.13488,  -0.00003
  29.85771,   0.19512,   0.00012
  28.81455,   0.12127,   0.00011
  28.09277,  -0.04471,  -0.00012
  28.78085,  -0.17266,   0.00006
  29.43695,  -0.04563,   0.00059
  30.71658,   0.18544,   0.00100
  30.33290,   0.35150,   0.00136
  30.28231,   0.37295,   0.00120
  29.81019,   0.18179,   0.00066
  29.70690,  -0.08934,  -0.00009
  29.98118,  -0.27198,  -0.00069
  30.96702,  -0.27946,  -0.00100
  31.88977,  -0.18806,  -0.00109
  32.81022,  -0.01885,  -0.00071
  33.13677,  -0.00705,  -0.00033
  33.22661,  -0.08217,  -0.00011
  51.71097,   0.47613,   0.00226
  51.62218,   0.48170,   0.00233
  53.12243,   0.21323,   0.00243
  27.71940,   0.02652,   0.00053
  26.77711,  -0.07963,   0.00044
  26.71104,  -0.23868,   0.00048
  27.08426,  -0.35387,   0.00044
  28.10398,  -0.19933,   0.00071
  28.54812,   0.10328,   0.00103
  28.07787,   0.20303,   0.00081
  26.41155,   0.24747,   0.00068
  24.57267,   0.09325,   0.00038
  23.71705,  -0.06667,  -0.00003
  23.70234,  -0.14741,   0.00003
  24.53859,  -0.02179,   0.00040
  24.80538,   0.19503,   0.00103
  25.89735,   0.34553,   0.00142
  26.66777,   0.32583,   0.00151
  27.83292,   0.20524,   0.00159
  28.53075,   0.14246,   0.00135
  28.81241,   0.21653,   0.00120
  30.23691,   0.22158,   0.00109
  30.44059,   0.30819,   0.00110
  31.01733,   0.27934,   0.00118
  32.20989,   0.17818,   0.00116
  33.50792,   0.19324,   0.00136
  33.95875,   0.39768,   0.00183
  33.21528,   0.54652,   0.00189
  31.28721,   0.56125,   0.00166
  28.44855,   0.40993,   0.00123
  26.94501,   0.08242,   0.00072
  27.02846,  -0.18491,   0.00037
  27.52351,  -0.23290,   0.00020
  29.08914,  -0.05226,   0.00053
  30.06045,   0.19234,   0.00098
  29.35694,   0.25224,   0.00103
  28.59062,   0.18488,   0.00115
  27.50676,   0.00820,   0.00115
  26.93224,  -0.03547,   0.00129
  26.41399,  -0.05746,   0.00148
  26.37503,   0.03463,   0.00168
  26.17295,   0.10881,   0.00190
  27.01842,   0.09154,   0.00202
  28.63903,   0.02659,   0.00202
  30.47089,   0.02133,   0.00203
  31.65351,   0.14362,   0.00188
  31.68988,   0.30414,   0.00161
  31.65992,   0.25787,   0.00106
  30.37613,   0.16982,   0.00062
  30.58642,  -0.00995,  -0.00000
  31.42697,  -0.13737,  -0.00008
  32.76866,  -0.05785,   0.00023
  33.52450,   0.21615,   0.00099
  32.85584,   0.40265,   0.00138
  31.32429,   0.39602,   0.00149
  29.75807,   0.23326,   0.00145
  29.16146,   0.01382,   0.00122
  28.82317,  -0.10471,   0.00111
  29.05500,  -0.02046,   0.00126
  29.62401,   0.02318,   0.00119
  30.20062,   0.15787,   0.00149
  30.46484,   0.17646,   0.00174
  30.08768,   0.10551,   0.00163
  30.16156,   0.13427,   0.00178
  29.03736,   0.19835,   0.00185
  27.34311,   0.26634,   0.00181
  25.22799,   0.22843,   0.00162
  24.12474,   0.08153,   0.00132
  24.69536,  -0.11971,   0.00105
  24.14237,  -0.15543,   0.00121
  26.32341,  -0.02642,   0.00131
  27.62270,   0.20556,   0.00149
  27.88436,   0.25622,   0.00156
  27.07483,   0.21776,   0.00135
  26.30445,   0.01981,   0.00098
  26.75287,  -0.15016,   0.00071
  27.06220,  -0.20401,   0.00078
  27.53668,  -0.06979,   0.00113
  27.12100,   0.14537,   0.00175
  26.99975,   0.23142,   0.00201
  26.61487,   0.16233,   0.00203
  27.92384,   0.09271,   0.00197
  27.23319,   0.00535,   0.00166
  26.11648,  -0.00465,   0.00136
  24.64071,  -0.07036,   0.00085
  23.80306,  -0.06984,   0.00066
  23.81588,  -0.14164,   0.00059
  24.39167,  -0.19361,   0.00041
  25.50976,  -0.14554,   0.00080
  25.99243,   0.01394,   0.00135
  25.27757,   0.25456,   0.00205
  23.92069,   0.29652,   0.00227
  22.61867,   0.16499,   0.00224
  44.58195,   0.58069,   0.00037
  45.12826,   0.52840,   0.00034
  46.01733,   0.53303,   0.00038
  46.76791,   0.58334,   0.00048
  47.18164,   0.65164,   0.00060
  30.46599,   0.34050,   0.00318
  30.86832,   0.29609,   0.00300
  31.09220,   0.18078,   0.00269
  31.90618,   0.10081,   0.00236
  31.68606,   0.11530,   0.00227
  31.12182,   0.17207,   0.00234
  30.87588,   0.17374,   0.00244
  31.05721,   0.09933,   0.00252
  31.05465,   0.09000,   0.00273
  31.99608,   0.04863,   0.00278
  32.14238,   0.09186,   0.00285
  31.14891,   0.15165,   0.00296
  29.57288,   0.07255,   0.00261
  28.46486,  -0.07718,   0.00243
  28.47422,  -0.26231,   0.00233
  29.41887,  -0.31905,   0.00215
  30.75365,  -0.20080,   0.00261
  31.45011,   0.05002,   0.00323
  30.70542,   0.23582,   0.00369
  29.22290,   0.26731,   0.00383
  28.03365,   0.11849,   0.00352
  27.48197,  -0.00597,   0.00317
  27.43292,  -0.09187,   0.00279
  50.43562,   0.54092,   0.00319
  50.48899,   0.59552,   0.00308
  52.81720,   0.33456,   0.00304
  53.29161,   0.34841,   0.00304
  53.91077,   0.34338,   0.00304
  54.47793,   0.35244,   0.00301
  54.36840,   0.38686,   0.00299
  32.51644,   0.22831,   0.00198
  31.01876,   0.17612,   0.00185
  30.53725,   0.01438,   0.00171
  30.95664,  -0.04365,   0.00191
  32.20657,  -0.07906,   0.00199
  33.59568,   0.05937,   0.00221
  33.56813,   0.21978,   0.00268
  33.20806,   0.35082,   0.00257
  32.16587,   0.27312,   0.00216
  30.88264,   0.01954,   0.00142
  30.29156,  -0.18013,   0.00101
  30.18231,  -0.22381,   0.00089
  30.24311,  -0.09148,   0.00088
  29.33052,   0.09394,   0.00111
  29.37134,   0.16587,   0.00145
  29.35166,   0.09111,   0.00159
  28.36781,   0.08917,   0.00183
  28.04464,  -0.01216,   0.00168
  27.22248,  -0.05485,   0.00157
  27.05637,  -0.06149,   0.00162
  27.39221,  -0.07762,   0.00148
  28.87132,  -0.16952,   0.00140
  30.74845,  -0.29047,   0.00123
  33.20531,  -0.22950,   0.00145
  34.67974,   0.01401,   0.00179
  35.41792,   0.26259,   0.00207
  34.66739,   0.38357,   0.00205
  32.81513,   0.23721,   0.00163
  31.48090,  -0.06441,   0.00113
  31.70380,  -0.17615,   0.00099
  32.77162,  -0.17057,   0.00091
  33.01480,  -0.04574,   0.00115
  33.52127,   0.18587,   0.00128
  33.41150,   0.25670,   0.00126
  33.07248,   0.10304,   0.00089
  31.96037,  -0.06416,   0.00071
  32.21066,  -0.10884,   0.00059
  30.83420,  -0.04462,   0.00088
  30.14662,   0.08828,   0.00129
  30.21374,   0.18535,   0.00150
  30.89260,   0.16420,   0.00202
  31.99083,   0.11458,   0.00250
  32.85968,   0.23969,   0.00307
  33.33451,   0.38928,   0.00348
  33.14663,   0.43124,   0.00350
  32.18860,   0.43736,   0.00318
  31.90390,   0.22182,   0.00254
  32.65576,   0.03316,   0.00218
  34.89400,  -0.04931,   0.00184
  37.56603,   0.09733,   0.00188
  49.67428,   0.23958,   0.00215
  39.64799,   0.54084,   0.00232
  38.58747,   0.50149,   0.00222
  37.25564,   0.27248,   0.00192
  37.62293,   0.14948,   0.00200
  37.00746,  -0.01235,   0.00185
  36.79202,  -0.01758,   0.00183
  36.87531,   0.03858,   0.00216
  37.11664,   0.03443,   0.00227
  37.73517,  -0.00833,   0.00231
  38.17537,  -0.07397,   0.00242
  38.58444,  -0.05061,   0.00248
  37.36492,   0.03137,   0.00252
  35.69524,   0.04096,   0.00226
  33.65919,  -0.01410,   0.00208
  32.31273,  -0.19683,   0.00193
  31.12972,  -0.27863,   0.00182
  31.82904,  -0.30571,   0.00202
  32.81240,  -0.15059,   0.00236
  32.16106,   0.03187,   0.00275
  31.62649,   0.12465,   0.00270
  30.64173,   0.00938,   0.00240
  30.12489,  -0.26908,   0.00197
  30.21788,  -0.46959,   0.00175
  31.21591,  -0.48011,   0.00183
  33.01248,  -0.25923,   0.00192
  34.17841,  -0.06612,   0.00237
  34.90207,   0.02800,   0.00274
  35.63914,   0.04362,   0.00304
  35.99253,  -0.03699,   0.00303
  35.94900,  -0.06641,   0.00294
  35.64627,  -0.03172,   0.00308
  34.57686,  -0.01081,   0.00289
  33.79052,  -0.08547,   0.00266
  33.37090,  -0.27896,   0.00227
  34.72320,  -0.37843,   0.00214
  36.36192,  -0.33896,   0.00212
  54.56973,   0.19609,   0.00293
  54.20396,   0.25989,   0.00303
  53.38844,   0.28065,   0.00310
  32.72575,  -0.16316,   0.00204
  30.85589,  -0.45422,   0.00198
  30.08224,  -0.67108,   0.00214
  29.98145,  -0.56282,   0.00264
  29.75569,  -0.39680,   0.00322
  30.72625,  -0.19103,   0.00363
  31.01465,  -0.13562,   0.00379
  30.31152,  -0.27111,   0.00369
  31.06520,  -0.44897,   0.00337
  31.13219,  -0.48251,   0.00307
  31.09446,  -0.38288,   0.00281
  31.59509,  -0.39589,   0.00225
  32.08907,  -0.33351,   0.00210
  32.83207,  -0.37328,   0.00206
  30.74303,  -0.24690,   0.00248
  31.54100,  -0.16330,   0.00251
  31.57753,  -0.01163,   0.00277
  30.17352,   0.07560,   0.00256
  30.89086,  -0.10148,   0.00184
  29.68035,  -0.30511,   0.00139
  29.53045,  -0.52994,   0.00109
  30.49448,  -0.62506,   0.00110
  31.82043,  -0.46602,   0.00142
  32.54175,  -0.24822,   0.00177
  32.40969,  -0.01496,   0.00219
  31.34644,   0.00048,   0.00239
  29.97978,  -0.06926,   0.00239
  28.60453,  -0.22827,   0.00231
  27.70831,  -0.20184,   0.00240
  27.35435,  -0.13181,   0.00248
  27.52343,  -0.03211,   0.00263
  26.57512,  -0.03411,   0.00265
  27.90159,  -0.07368,   0.00270
  29.63571,  -0.08749,   0.00260
  30.89138,  -0.04890,   0.00242
  31.09822,   0.06992,   0.00226
  30.64343,   0.15342,   0.00208
  30.62262,   0.07366,   0.00163
  30.76101,  -0.07614,   0.00152
  31.88541,  -0.22442,   0.00167
  33.66534,  -0.10650,   0.00219
  35.47457,   0.07657,   0.00265
  35.76669,   0.31167,   0.00328
  35.04634,   0.36643,   0.00324
  33.47550,   0.21457,   0.00314
  32.80351,  -0.02030,   0.00263
  34.00810,  -0.18372,   0.00219
  34.52150,  -0.19358,   0.00198
  35.05340,  -0.13324,   0.00172
  35.59066,   0.07085,   0.00180
  35.13475,   0.11809,   0.00158
  34.46401,   0.06665,   0.00166
  34.03849,   0.11160,   0.00173
  32.53991,   0.07547,   0.00170
  30.67825,   0.08568,   0.00165
  28.98566,   0.13025,   0.00164
  27.76808,   0.04412,   0.00163
  26.98418,  -0.07716,   0.00166
  27.99077,  -0.14814,   0.00186
  29.72339,  -0.05285,   0.00214
  31.69685,   0.13152,   0.00237
  31.89019,   0.37659,   0.00245
  31.99966,   0.35935,   0.00213
  30.77742,   0.23558,   0.00188
  30.20595,   0.04801,   0.00166
  31.79586,   0.00359,   0.00154
  32.56402,   0.08529,   0.00177
  33.57890,   0.31157,   0.00195
  34.10764,   0.48382,   0.00202
  33.29770,   0.45099,   0.00201
  45.39308,   0.35851,   0.00180
  53.07502,   0.38662,   0.00240
  53.01868,   0.36668,   0.00220
  50.50430,   0.65290,   0.00199
  50.00335,   0.66127,   0.00192
  49.74071,   0.64130,   0.00192
  52.57555,   0.32232,   0.00211
  31.25516,   0.00834,   0.00056
  31.28712,   0.06195,   0.00093
  30.30540,   0.15279,   0.00127
  28.23208,   0.23673,   0.00168
  25.40962,   0.18339,   0.00166
  24.02419,  -0.02819,   0.00140
  23.94091,  -0.23781,   0.00113
  24.43153,  -0.24168,   0.00105
  25.46491,  -0.18173,   0.00110
  26.54996,   0.03955,   0.00135
  26.72745,   0.17525,   0.00139
  26.13553,   0.12317,   0.00102
  25.44105,  -0.01699,   0.00068
  24.92220,  -0.13985,   0.00038
  24.99374,  -0.09665,   0.00036
  25.07458,  -0.01552,   0.00043
  25.49325,   0.05762,   0.00062
  25.39880,   0.09790,   0.00103
  26.48079,   0.01848,   0.00119
  27.66682,  -0.02439,   0.00126
  28.51475,   0.03470,   0.00158
  28.10034,   0.14764,   0.00156
  27.32373,   0.10267,   0.00128
  26.31879,   0.04647,   0.00108
  26.26350,  -0.09327,   0.00097
  27.43917,  -0.16124,   0.00075
  28.93644,  -0.08086,   0.00109
  29.83325,   0.14041,   0.00160
  28.63388,   0.35731,   0.00215
  27.08700,   0.40817,   0.00236
  25.35471,   0.27889,   0.00223
  24.14076,   0.10788,   0.00194
  23.94580,  -0.05612,   0.00167
  24.39986,  -0.06156,   0.00167
  25.10510,  -0.00732,   0.00175
  26.12418,   0.12048,   0.00210
  26.77349,   0.14113,   0.00199
  27.76200,   0.11228,   0.00225
  28.97534,   0.10653,   0.00246
  29.00392,   0.14619,   0.00260
  29.22818,   0.21765,   0.00276
  28.36627,   0.22593,   0.00263
  27.97340,   0.11811,   0.00246
  28.59217,  -0.01116,   0.00241
  30.39063,  -0.07775,   0.00244
  32.41056,   0.00364,   0.00250
  33.10009,   0.16400,   0.00267
  32.81279,   0.35745,   0.00241
  31.88783,   0.26243,   0.00170
  30.30712,   0.05190,   0.00108
  29.12613,  -0.18554,   0.00067
  29.24698,  -0.23590,   0.00039
  29.48465,  -0.14027,   0.00058
  29.58133,   0.03544,   0.00095
  28.36746,   0.16823,   0.00141
  27.67521,   0.13451,   0.00174
  26.13049,   0.05982,   0.00196
  25.11219,  -0.01942,   0.00204
  24.60119,  -0.09591,   0.00198
  24.27716,  -0.03555,   0.00186
  24.14952,   0.02285,   0.00184
  24.36673,  -0.08502,   0.00161
  25.74109,  -0.13121,   0.00149
  27.62460,  -0.07891,   0.00163
  29.03023,   0.08814,   0.00182
  29.45376,   0.29160,   0.00196
  28.39584,   0.38927,   0.00193
  26.70314,   0.28553,   0.00158
  25.67645,   0.02676,   0.00112
  26.19628,  -0.13855,   0.00085
  27.44792,  -0.19864,   0.00087
  29.64923,  -0.05645,   0.00096
  31.41189,   0.17978,   0.00116
  31.83610,   0.23220,   0.00129
  30.59066,   0.73367,   0.00250
  30.42439,   0.65106,   0.00239
  30.24870,   0.58568,   0.00231
  30.20873,   0.57502,   0.00233
  29.86662,   0.60117,   0.00244
  29.47013,   0.61941,   0.00259
  28.94302,   0.61025,   0.00273
  28.95194,   0.57486,   0.00284
  29.12995,   0.55972,   0.00290
  29.14863,   0.59384,   0.00292
  28.72942,   0.63261,   0.00281
  27.86638,   0.63740,   0.00261
  26.97362,   0.56808,   0.00233
  26.62205,   0.48415,   0.00215
  25.78881,  -0.37763,  -0.00012
  27.42619,  -0.29407,   0.00012
  28.65830,  -0.06535,   0.00062
  29.07792,   0.15652,   0.00115
  28.13532,   0.22119,   0.00141
  26.94815,   0.11574,   0.00136
  30.09168,  -0.02909,   0.00106
  29.96434,  -0.13938,   0.00085
  30.46004,  -0.06461,   0.00079
  31.82983,   0.01346,   0.00098
  33.24289,   0.15369,   0.00107
  34.42760,   0.19412,   0.00112
  32.10530,   0.09372,   0.00095
  32.31633,   0.12959,   0.00079
  32.73130,   0.19950,   0.00062
  31.05333,   0.27975,   0.00051
  29.16690,   0.26697,   0.00025
  27.70679,   0.11935,   0.00014
  27.44651,  -0.07000,   0.00013
  27.62225,  -0.04358,   0.00040
  28.68425,   0.04153,   0.00074
  29.14533,   0.22838,   0.00115
  28.10129,   0.31271,   0.00152
  27.06544,   0.25563,   0.00150
  26.03029,   0.03925,   0.00112
  25.82845,  -0.16914,   0.00092
  26.70567,  -0.25164,   0.00079
  27.78181,  -0.14640,   0.00113
  28.99971,   0.05537,   0.00166
  29.03225,   0.19660,   0.00204
  29.16546,   0.17253,   0.00221
  29.20170,   0.05051,   0.00212
  29.47857,   0.03269,   0.00216
  29.06563,  -0.00324,   0.00186
  28.47397,   0.00499,   0.00151
  27.71434,  -0.10907,   0.00106
  28.15744,  -0.23518,   0.00072
  29.76780,  -0.36217,   0.00050
  32.20620,  -0.38449,   0.00036
  33.50667,  -0.24589,   0.00059
  33.22648,  -0.04173,   0.00093
  32.26476,   0.05934,   0.00115
  30.11644,  -0.06064,   0.00112
  28.54970,  -0.30429,   0.00105
  27.93664,  -0.39833,   0.00117
  28.33986,  -0.44032,   0.00142
  29.13999,  -0.28699,   0.00187
  28.60838,  -0.11695,   0.00227
  28.74422,  -0.00748,   0.00246
  28.39140,  -0.06635,   0.00232
  28.23654,  -0.24245,   0.00181
  27.66834,  -0.32343,   0.00156
  27.03584,  -0.28506,   0.00148
  26.69620,  -0.25666,   0.00113
  26.68906,  -0.17664,   0.00129
  27.21416,  -0.19363,   0.00150
  27.68080,  -0.19253,   0.00179
  28.48793,  -0.21741,   0.00201
  28.77234,  -0.14506,   0.00217
  28.59208,  -0.05870,   0.00249
  27.63005,  -0.06786,   0.00225
  27.16247,  -0.21740,   0.00191
  27.88806,  -0.51346,   0.00147
  29.65686,  -0.64453,   0.00129
  31.63808,  -0.55509,   0.00140
  33.28174,  -0.39563,   0.00161
  33.38697,  -0.16363,   0.00187
  31.99798,  -0.13531,   0.00184
  30.06661,  -0.24187,   0.00163
  28.05554,  -0.48218,   0.00118
  26.57580,  -0.62840,   0.00078
  24.90868,  -0.57643,   0.00074
  24.44872,  -0.49479,   0.00069
  22.97624,  -0.47369,   0.00063
  23.48669,  -0.51890,   0.00063
  23.73466,  -0.60544,   0.00056
  23.62833,  -0.61165,   0.00049
  22.71132,  -0.54036,   0.00049
  21.47200,  -0.45956,   0.00057
  20.40542,  -0.47052,   0.00045
  19.92326,  -0.56847,   0.00051
  20.08094,  -0.71263,   0.00064
  20.19612,  -0.66672,   0.00112
  21.31649,  -0.52264,   0.00155
  22.16107,  -0.27019,   0.00193
  22.16101,  -0.12192,   0.00231
  21.81963,  -0.16195,   0.00195
  21.41756,  -0.37347,   0.00133
  21.72053,  -0.61058,   0.00068
  22.41525,  -0.66522,   0.00028
  24.07940,  -0.58886,   0.00002
  25.49674,  -0.33253,   0.00024
  26.48616,  -0.18921,   0.00054
  26.55523,  -0.20509,   0.00060
  26.55559,  -0.20565,   0.00091
  25.55093,  -0.31502,   0.00091
  24.37745,  -0.32836,   0.00093
  23.36223,  -0.24192,   0.00125
  21.78927,  -0.29547,   0.00123
  22.08027,  -0.41959,   0.00140
  23.59175,  -0.53571,   0.00164
  25.05981,  -0.50565,   0.00180
  27.04372,  -0.38293,   0.00201
  27.27492,  -0.15662,   0.00235
  26.24910,  -0.05758,   0.00244
  24.78239,  -0.19874,   0.00203
  47.80758,   0.32150,   0.00379
  48.01041,   0.22731,   0.00369
  23.21273,  -0.54344,   0.00167
  24.63879,  -0.35466,   0.00195
  25.01584,  -0.18684,   0.00229
  25.34906,  -0.11901,   0.00235
  25.40209,  -0.25125,   0.00208
  25.48793,  -0.44041,   0.00173
  26.89568,  -0.58708,   0.00132
  26.89818,  -0.51283,   0.00114
  27.12465,  -0.37722,   0.00114
  28.26147,  -0.41663,   0.00107
  27.98201,  -0.39153,   0.00145
  28.94620,  -0.41035,   0.00167
  29.41321,  -0.34982,   0.00188
  29.35520,  -0.18835,   0.00239
  27.66729,  -0.07481,   0.00245
  25.45999,  -0.08941,   0.00227
  23.22613,  -0.26282,   0.00190
  22.47275,  -0.47825,   0.00150
  23.24165,  -0.57955,   0.00125
  24.93221,  -0.49802,   0.00113
  26.15080,  -0.27171,   0.00137
  26.15268,  -0.09159,   0.00161
  44.79306,   0.25581,   0.00039
  43.09782,   0.27517,   0.00012
  23.23625,  -0.45566,   0.00111
  22.32600,  -0.56915,   0.00116
  22.18671,  -0.51502,   0.00156
  22.66270,  -0.41352,   0.00187
  22.56820,  -0.35601,   0.00231
  23.91783,  -0.39601,   0.00252
  25.59003,  -0.46613,   0.00255
  27.49059,  -0.49081,   0.00267
  28.19015,  -0.40363,   0.00246
  28.02902,  -0.32373,   0.00210
  27.48439,  -0.50151,   0.00145
  26.77920,  -0.69033,   0.00104
  26.77874,  -0.89494,   0.00082
  27.68351,  -0.87698,   0.00085
  28.60567,  -0.73845,   0.00116
  27.96906,  -0.48251,   0.00181
  26.94613,  -0.38036,   0.00186
  24.96081,  -0.50090,   0.00161
  22.23398,  -0.72240,   0.00139
  21.03553,  -1.00327,   0.00110
  20.79483,  -1.11085,   0.00095
  21.91634,  -0.96523,   0.00120
  23.27406,  -0.74398,   0.00167
  23.70157,  -0.69478,   0.00183
  23.74202,  -0.67524,   0.00205
  23.01528,  -0.74852,   0.00228
  22.02167,  -0.76543,   0.00244
  21.79275,  -0.63280,   0.00263
  20.51829,  -0.58361,   0.00259
  19.53150,  -0.60039,   0.00252
  19.23922,  -0.72258,   0.00246
  19.85617,  -0.79969,   0.00245
  22.01984,  -0.75330,   0.00251
  24.20637,  -0.53035,   0.00256
  26.11313,  -0.43045,   0.00245
  25.86515,  -0.32563,   0.00224
  24.75690,  -0.42538,   0.00188
  25.28799,  -0.62950,   0.00142
  25.35125,  -0.74558,   0.00140
  26.27846,  -0.68237,   0.00171
  27.41405,  -0.34608,   0.00249
  27.69639,  -0.17937,   0.00301
  26.76243,  -0.11620,   0.00343
  26.35351,  -0.20660,   0.00341
  25.80263,  -0.32488,   0.00334
  25.29258,  -0.39409,   0.00306
  24.83155,  -0.38399,   0.00283
  24.24889,  -0.43144,   0.00235
  24.40138,  -0.42947,   0.00223
  25.04392,  -0.46799,   0.00221
  25.35073,  -0.44779,   0.00207
  25.87888,  -0.38054,   0.00226
  25.49766,  -0.20311,   0.00265
  24.32642,  -0.10936,   0.00271
  22.77543,  -0.15503,   0.00257
  21.23641,  -0.25803,   0.00246
  21.39902,  -0.45636,   0.00223
  22.78482,  -0.54685,   0.00218
  24.42267,  -0.43841,   0.00252
  26.41970,  -0.21670,   0.00288
  54.92596,   0.12329,   0.00254
  54.90291,   0.13962,   0.00243
  28.32056,  -0.31186,   0.00252
  28.05327,  -0.44907,   0.00218
  27.95046,  -0.46325,   0.00194
  28.72317,  -0.33270,   0.00195
  28.03722,  -0.21673,   0.00200
  28.20731,  -0.20043,   0.00212
  28.64711,  -0.28741,   0.00213
  28.42589,  -0.27271,   0.00215
  28.79776,  -0.24599,   0.00210
  28.32618,  -0.16632,   0.00185
  27.40586,  -0.17203,   0.00148
  26.24491,  -0.20676,   0.00125
  25.86232,  -0.36601,   0.00077
  26.61121,  -0.47981,   0.00085
  28.45032,  -0.37832,   0.00107
  29.81126,  -0.17700,   0.00173
  30.11689,   0.07326,   0.00238
  29.25789,   0.16938,   0.00273
  27.26209,   0.11631,   0.00286
  25.82614,  -0.11336,   0.00264
  25.76393,  -0.23862,   0.00248
  26.87034,  -0.26067,   0.00227
  28.16441,  -0.25784,   0.00193
  30.00045,  -0.08705,   0.00185
  31.31792,  -0.01528,   0.00176
  32.50171,  -0.11056,   0.00131
  32.81438,  -0.16615,   0.00096
  32.37497,  -0.15184,   0.00068
  47.71430,   0.00631,   0.00020
  46.03882,   0.03728,   0.00006
  44.40209,  -0.04935,  -0.00009
  43.69365,  -0.13280,  -0.00003
  44.38283,  -0.27321,   0.00005
  45.83030,  -0.26505,   0.00028
  46.60513,  -0.09450,   0.00086
  45.75625,   0.10028,   0.00096
  43.59444,   0.13283,   0.00076
  41.91910,  -0.06972,   0.00017
  40.67290,  -0.28116,  -0.00024
  40.65306,  -0.39229,  -0.00043
  40.91991,  -0.29354,  -0.00042
  41.19533,  -0.05959,   0.00001
  40.60714,   0.13381,   0.00047
  38.97673,   0.22000,   0.00077
  37.70687,   0.12863,   0.00072
  36.80662,   0.00588,   0.00043
  37.03581,   0.04337,   0.00034
  37.39867,   0.08939,   0.00016
  37.80716,   0.10707,  -0.00000
  38.49429,   0.04294,  -0.00014
  39.72118,  -0.04467,  -0.00016
  41.11733,  -0.00824,   0.00000
  54.40968,   0.32539,   0.00096
  52.76519,   0.57842,   0.00111
  54.01411,   0.54317,   0.00142
  50.92774,   0.64373,   0.00123
  27.54783,   0.10993,   0.00131
  26.98437,  -0.16186,   0.00110
  27.82435,  -0.16873,   0.00132
  29.72710,  -0.07773,   0.00145
  28.56719,   0.00591,   0.00154
  28.58467,   0.09950,   0.00161
  27.78329,   0.03832,   0.00141
  26.80538,  -0.14133,   0.00085
  25.88392,  -0.30008,   0.00049
  25.06644,  -0.34414,   0.00037
  24.67054,  -0.26102,   0.00036
  24.58223,  -0.16822,   0.00085
  24.65959,  -0.15877,   0.00142
  24.13806,  -0.10602,   0.00193
  24.51935,  -0.14555,   0.00235
  24.72775,  -0.10924,   0.00271
  24.40005,  -0.04636,   0.00314
  23.69155,   0.00184,   0.00303
  23.11806,  -0.07918,   0.00272
  24.05124,  -0.32419,   0.00209
  25.74566,  -0.41687,   0.00194
  28.11288,  -0.31600,   0.00202
  30.64856,  -0.14347,   0.00208
  30.97053,   0.13406,   0.00235
  29.87007,   0.24107,   0.00239
  28.70121,   0.14585,   0.00228
  27.35179,  -0.06255,   0.00193
  27.36306,  -0.14653,   0.00185
  27.48627,  -0.15738,   0.00176
  27.99824,  -0.06567,   0.00190
  27.74627,  -0.05136,   0.00218
  28.15375,  -0.03843,   0.00238
  28.53782,  -0.08036,   0.00244
  29.23806,  -0.13536,   0.00228
  28.73567,  -0.09359,   0.00230
  27.57867,  -0.01001,   0.00239
  26.13564,  -0.03942,   0.00230
  24.97402,  -0.11630,   0.00238
  24.59188,  -0.24697,   0.00248
  24.00417,  -0.24151,   0.00272
  24.96029,  -0.17832,   0.00297
  25.51838,  -0.00847,   0.00320
  24.09425,   0.06711,   0.00336
  23.04132,   0.04523,   0.00296
  22.00063,  -0.13969,   0.00233
  21.79108,  -0.41279,   0.00156
  22.62081,  -0.52538,   0.00113
  24.11579,  -0.44834,   0.00111
  25.51271,  -0.31769,   0.00128
  26.13778,  -0.17570,   0.00165
  27.01991,  -0.13794,   0.00201
  26.58993,  -0.26692,   0.00201
  25.77420,  -0.39349,   0.00189
  25.02931,  -0.33811,   0.00220
  24.50190,  -0.32360,   0.00191
  24.22302,  -0.32967,   0.00167
  23.38331,  -0.47595,   0.00146
  24.17968,  -0.59603,   0.00134
  25.53512,  -0.63051,   0.00120
  26.25139,  -0.47517,   0.00130
  25.87128,  -0.23349,   0.00143
  24.36984,  -0.12560,   0.00113
  21.91594,  -0.18474,   0.00096
  19.78998,  -0.39594,   0.00076
  18.73050,  -0.50533,   0.00065
  19.01155,  -0.53748,   0.00097
  20.24467,  -0.28132,   0.00165
  21.18400,  -0.08668,   0.00217
  21.63948,   0.03299,   0.00251
  21.33171,  -0.02442,   0.00253
  21.19417,  -0.15236,   0.00233
  21.33465,  -0.23640,   0.00208
  23.47187,  -0.28044,   0.00176
  24.12743,  -0.14128,   0.00189
  24.75628,  -0.03001,   0.00210
  25.56986,  -0.05088,   0.00211
  26.56412,  -0.06833,   0.00230
  27.70744,  -0.04546,   0.00242
  28.43499,   0.09892,   0.00276
  27.52515,   0.22071,   0.00261
  25.58063,   0.23805,   0.00229
  24.08489,   0.05657,   0.00183
  23.60346,  -0.17126,   0.00131
  24.71887,  -0.32480,   0.00100
  26.61597,  -0.32763,   0.00086
  28.05296,  -0.11943,   0.00118
  28.06611,   0.08817,   0.00159
  26.62934,   0.15357,   0.00173
  24.43533,   0.04552,   0.00182
  22.59639,  -0.12958,   0.00182
  22.01903,  -0.14222,   0.00192
  21.67123,  -0.12082,   0.00209
  21.83222,  -0.01336,   0.00239
  21.39854,   0.05541,   0.00265
  21.98081,   0.05454,   0.00278
  22.88693,   0.02140,   0.00271
  23.93894,  -0.01576,   0.00244
  23.76611,   0.07590,   0.00219
  23.00898,   0.20526,   0.00190
  22.98671,   0.16421,   0.00146
  22.75974,   0.07755,   0.00110
  23.23611,  -0.04306,   0.00102
  24.77807,  -0.07786,   0.00107
  26.49275,   0.10373,   0.00145
  27.22766,   0.30224,   0.00209
  26.65892,   0.41370,   0.00230
  25.20395,   0.35214,   0.00219
  24.34697,   0.16359,   0.00197
  23.97007,  -0.05746,   0.00155
  24.70914,  -0.15269,   0.00134
  26.35542,  -0.15420,   0.00121
  27.76205,   0.00210,   0.00147
  28.34227,   0.10573,   0.00179
  27.16414,   0.10842,   0.00179
  26.21029,   0.01849,   0.00184
  25.04237,  -0.06642,   0.00180
  24.23509,  -0.02309,   0.00190
  22.48674,  -0.06100,   0.00182
  21.08820,  -0.14369,   0.00174
  19.08709,  -0.25273,   0.00148
  20.32905,  -0.37773,   0.00149
  22.25496,  -0.41233,   0.00162
  23.27601,  -0.34462,   0.00176
  23.76609,  -0.15415,   0.00195
  23.25588,  -0.05412,   0.00192
  22.73786,  -0.21370,   0.00151
  21.79722,  -0.44472,   0.00130
  21.80891,  -0.63705,   0.00124
  23.50261,  -0.55585,   0.00156
  25.03916,  -0.37309,   0.00197
  26.31469,  -0.15267,   0.00236
  25.69319,  -0.09952,   0.00274
  24.87407,  -0.19921,   0.00239
  24.02388,  -0.36928,   0.00176
  24.14340,  -0.47323,   0.00129
  23.80053,  -0.49851,   0.00077
  22.97407,  -0.53204,   0.00010
  23.10518,  -0.46346,  -0.00001
  23.32184,  -0.48141,   0.00010
  23.66281,  -0.44189,   0.00017
  23.17275,  -0.39647,   0.00050
  22.16205,  -0.27342,   0.00087
  20.08386,  -0.09967,   0.00145
  18.30699,  -0.09966,   0.00159
  16.89624,  -0.25124,   0.00152
  15.69920,  -0.43581,   0.00146
  16.81259,  -0.57174,   0.00149
  18.92593,  -0.49019,   0.00176
  20.06345,  -0.37415,   0.00198
  21.48465,  -0.11006,   0.00222
  21.49966,  -0.01191,   0.00222
  21.05246,  -0.14809,   0.00173
  20.57168,  -0.30606,   0.00128
  20.34602,  -0.37442,   0.00093
  20.71618,  -0.29471,   0.00092
  21.60835,  -0.19948,   0.00091
  22.66216,  -0.17328,   0.00102
  22.40040,  -0.21720,   0.00119
  23.52788,  -0.25035,   0.00141
  24.43663,  -0.29296,   0.00116
  24.78716,  -0.23653,   0.00091
  23.91359,  -0.29549,   0.00082
  23.00348,  -0.33815,   0.00060
  22.85314,  -0.49669,   0.00048
  23.73369,  -0.63567,   0.00012
  24.82286,  -0.66172,   0.00044
  25.49470,  -0.47910,   0.00098
  24.20793,  -0.14709,   0.00165
  23.39654,   0.00845,   0.00200
  21.71764,  -0.07716,   0.00197
  19.48770,  -0.22815,   0.00165
  18.52345,  -0.48800,   0.00120
  18.72241,  -0.59718,   0.00098
  19.51132,  -0.55551,   0.00067
  21.00002,  -0.32961,   0.00086
  22.72337,  -0.16389,   0.00107
  23.94937,  -0.21233,   0.00084
  24.17902,  -0.28066,   0.00082
  23.88059,  -0.27883,   0.00079
  24.88108,  -0.14020,   0.00110
  25.00907,  -0.05413,   0.00133
  24.96734,  -0.09493,   0.00134
  25.89109,  -0.17180,   0.00147
  27.99315,  -0.27984,   0.00156
  29.63515,  -0.18238,   0.00206
  31.71601,  -0.02497,   0.00212
  32.35665,   0.18299,   0.00206
  32.18507,   0.12895,   0.00167
  30.49034,   0.00876,   0.00116
  29.27820,  -0.21818,   0.00055
  30.07293,  -0.36348,  -0.00012
  30.77883,  -0.35097,  -0.00018
  31.33239,  -0.18654,   0.00014
  30.37064,   0.02421,   0.00072
  29.06198,   0.07067,   0.00108
  27.48706,  -0.03534,   0.00112
  26.17963,  -0.11019,   0.00114
  25.23813,  -0.24084,   0.00084
  24.61934,  -0.27810,   0.00064
  24.72779,  -0.33246,   0.00047
  25.19614,  -0.33266,   0.00053
  26.34866,  -0.37175,   0.00064
  28.96155,  -0.45677,   0.00048
  29.85254,  -0.38149,   0.00067
  29.94491,  -0.18725,   0.00083
  29.91185,  -0.02087,   0.00102
  28.37951,   0.00618,   0.00083
  26.57198,  -0.20084,   0.00033
  25.91833,  -0.46914,  -0.00022
  27.10166,  -0.54222,  -0.00050
  37.85725,  -0.37470,  -0.00046
  39.52721,  -0.15505,  -0.00041
  39.77632,   0.02693,  -0.00041
  39.34307,  -0.05438,  -0.00070
  38.04591,  -0.20874,  -0.00110
  36.99044,  -0.39484,  -0.00151
  37.46284,  -0.44036,  -0.00161
  37.41358,  -0.38607,  -0.00138
  37.48044,  -0.25997,  -0.00089
  36.14141,  -0.11520,  -0.00020
  35.91570,  -0.14859,   0.00032
  35.87716,  -0.20286,   0.00060
  35.49756,  -0.11983,   0.00093
  35.50543,  -0.05480,   0.00107
  26.22672,  -0.16485,   0.00097
  25.31878,  -0.20635,   0.00069
  25.16203,  -0.37967,   0.00036
  42.91945,   0.10751,  -0.00112
  44.21559,   0.09425,  -0.00103
  28.94285,  -0.35668,   0.00016
  29.56959,  -0.13937,   0.00059
  28.83744,  -0.01128,   0.00095
  27.86253,  -0.02128,   0.00112
  26.89515,  -0.21983,   0.00095
  26.84742,  -0.42054,   0.00069
  28.28002,  -0.43997,   0.00074
  30.95358,  -0.47952,   0.00072
  32.85555,  -0.30429,   0.00095
  34.09053,  -0.32233,   0.00104
  35.05493,  -0.34838,   0.00113
  36.03476,  -0.42163,   0.00092
  36.10975,  -0.41114,   0.00086
  35.06765,  -0.33498,   0.00082
  33.28067,  -0.28289,   0.00068
  31.35573,  -0.29385,   0.00040
  30.67189,  -0.45288,   0.00033
  30.75246,  -0.59022,   0.00043
  30.48459,  -0.49191,   0.00076
  30.75014,  -0.33797,   0.00105
  30.14927,  -0.16437,   0.00123
  28.08570,  -0.18314,   0.00114
  26.88192,  -0.35527,   0.00064
  26.05017,  -0.58353,   0.00038
  26.27221,  -0.71433,   0.00032
  28.19374,  -0.65405,   0.00029
  29.68883,  -0.41362,   0.00078
  30.88175,  -0.17320,   0.00132
  30.96995,  -0.10835,   0.00172
  41.73678,   0.06348,   0.00191
  41.57138,  -0.04734,   0.00170
  41.53729,  -0.10122,   0.00140
  42.21883,  -0.05276,   0.00142
  42.28831,  -0.02313,   0.00103
  42.25884,  -0.16477,   0.00057
  43.33076,  -0.27173,   0.00023
  44.98272,  -0.33770,   0.00001
  46.12584,  -0.29920,  -0.00015
  46.53310,  -0.15774,  -0.00011
  45.74974,  -0.04197,  -0.00008
  43.39033,  -0.09813,  -0.00021
  41.42802,  -0.33325,  -0.00041
  40.47637,  -0.51881,  -0.00054
  48.06753,   0.07700,  -0.00052
  48.98808,   0.11055,  -0.00028
  49.22508,   0.22934,   0.00006
  48.23483,   0.30473,   0.00031
  40.32943,  -0.26926,   0.00096
  39.82256,  -0.43359,   0.00065
  39.92597,  -0.61003,   0.00013
  40.17615,  -0.64317,  -0.00016
  26.88556,  -0.66694,  -0.00020
  27.11668,  -0.52426,  -0.00018
  27.60477,  -0.47790,  -0.00008
  27.48673,  -0.46917,   0.00003
  28.14819,  -0.53883,   0.00006
  28.33754,  -0.52308,  -0.00002
  27.78443,  -0.35983,   0.00023
  26.62486,  -0.26839,  -0.00010
  26.05684,  -0.40365,  -0.00058
  26.10919,  -0.59770,  -0.00099
  27.51823,  -0.76766,  -0.00123
  30.85242,  -0.75663,  -0.00123
  32.60906,  -0.49796,  -0.00089
  32.85351,  -0.16706,  -0.00042
  32.47598,  -0.01636,  -0.00013
  30.58195,  -0.06468,  -0.00009
  37.88500,  -0.12945,  -0.00041
  36.71152,  -0.31195,  -0.00072
  36.39088,  -0.33798,  -0.00083
  35.91425,  -0.19026,  -0.00059
  36.08086,  -0.04345,  -0.00035
  35.08943,  -0.06161,  -0.00033
  35.23282,  -0.13505,  -0.00041
  35.31951,  -0.20384,  -0.00068
  35.47477,  -0.20448,  -0.00102
  34.61124,  -0.11086,  -0.00113
  37.81200,  -0.22357,  -0.00083
  36.86997,  -0.27283,  -0.00085
  37.03215,  -0.41032,  -0.00068
  37.73969,  -0.37129,  -0.00015
  39.21913,  -0.31497,   0.00037
  40.09233,  -0.12533,   0.00084
  39.85756,   0.06621,   0.00152
  38.86463,   0.08525,   0.00129
  37.82774,  -0.09496,   0.00069
  38.52816,  -0.37615,   0.00003
  39.42433,  -0.53026,  -0.00050
  40.99841,  -0.47410,  -0.00069
  42.21850,  -0.35207,  -0.00070
  42.70864,  -0.14763,  -0.00049
  42.22978,  -0.09728,  -0.00046
  41.27664,  -0.17429,  -0.00061
  40.70626,  -0.21777,  -0.00060
  38.96354,  -0.30749,  -0.00072
  37.26783,  -0.32803,  -0.00076
  35.37498,  -0.29529,  -0.00064
  35.07612,  -0.36981,  -0.00051
  35.92964,  -0.47073,  -0.00032
  36.44923,  -0.45373,  -0.00012
  37.75334,  -0.33740,   0.00033
  38.37836,  -0.12857,   0.00080
  38.42933,  -0.02311,   0.00087
  37.18484,  -0.00923,   0.00089
  36.12852,  -0.15337,   0.00074
  36.35121,  -0.25269,   0.00058
  37.49856,  -0.29790,   0.00081
  38.98713,  -0.17206,   0.00120
  39.82147,   0.05878,   0.00167
  44.34527,   0.73370,  -0.00012
  44.18176,   0.69990,  -0.00025
  44.17331,   0.58274,  -0.00058
  44.72655,   0.47391,  -0.00098
  49.96724,   0.67029,  -0.00128
  50.12720,   0.69374,  -0.00135
  50.15522,   0.72185,  -0.00129
  50.36987,   0.69760,  -0.00122
  46.35986,   0.36985,  -0.00112
  47.05503,   0.34353,  -0.00087
  47.54946,   0.41865,  -0.00049
  47.01155,   0.48215,  -0.00031
  45.72646,   0.49863,  -0.00022
  44.22997,   0.41094,  -0.00040
  43.38697,   0.23659,  -0.00072
  43.73026,   0.11052,  -0.00089
  44.09018,   0.11984,  -0.00094
  44.79419,   0.26607,  -0.00069
  44.62983,   0.43631,  -0.00041
  43.36466,   0.47622,  -0.00042
  42.38018,   0.41390,  -0.00065
  41.53628,   0.29059,  -0.00091
  41.15628,   0.19111,  -0.00108
  41.53616,   0.21654,  -0.00108
  41.46016,   0.28763,  -0.00085
  41.64822,   0.36374,  -0.00064
  42.12358,   0.37438,  -0.00053
  42.76227,   0.33863,  -0.00047
  43.94323,   0.33451,  -0.00043
  44.31508,   0.39657,  -0.00050
  43.99208,   0.49473,  -0.00060
  43.39296,   0.50218,  -0.00078
  42.72993,   0.43835,  -0.00105
  42.75127,   0.33940,  -0.00122
  43.39755,   0.31114,  -0.00116
  44.11311,   0.39876,  -0.00088
  44.07505,   0.55356,  -0.00050
  43.14603,   0.66538,  -0.00036
  41.47442,   0.66443,  -0.00041
  40.16612,   0.52244,  -0.00075
  21.62916,  -0.39954,   0.00015
  21.60154,  -0.56059,  -0.00015
  22.25563,  -0.55698,  -0.00018
  23.62593,  -0.38618,   0.00018
  24.17268,  -0.28524,   0.00041
  24.74832,  -0.26011,   0.00079
  24.53650,  -0.28353,   0.00100
  24.11744,  -0.36107,   0.00117
  23.74923,  -0.28676,   0.00148
  23.07414,  -0.22665,   0.00159
  22.12581,  -0.20149,   0.00162
  22.27746,  -0.27906,   0.00165
  23.11088,  -0.32685,   0.00181
  25.40643,  -0.35424,   0.00176
  27.35171,  -0.24288,   0.00174
  28.17314,  -0.11912,   0.00168
  27.72286,   0.01913,   0.00145
  27.46706,  -0.06432,   0.00081
  26.86956,  -0.24035,   0.00032
  27.13210,  -0.39492,   0.00003
  28.68174,  -0.36510,   0.00004
  29.54673,  -0.22168,   0.00045
  30.87819,  -0.03462,   0.00081
  30.13595,   0.07424,   0.00130
  29.32186,   0.03905,   0.00150
  28.88314,  -0.06897,   0.00145
  28.85240,  -0.16990,   0.00130
  28.32410,  -0.14735,   0.00120
  28.04367,  -0.03621,   0.00123
  28.43917,  -0.06409,   0.00094
  29.22729,  -0.04040,   0.00108
  30.27004,  -0.04383,   0.00126
  31.41766,   0.03266,   0.00129
  31.48322,   0.17927,   0.00152
  30.42604,   0.32682,   0.00168
  28.85529,   0.36233,   0.00163
  27.20453,   0.22141,   0.00136
  26.79543,  -0.00631,   0.00102
  34.07323,  -0.11341,   0.00057
  36.20923,  -0.08585,   0.00057
  38.23325,   0.06281,   0.00086
  39.47210,   0.28681,   0.00113
  39.86965,   0.31127,   0.00114
  39.97681,   0.21012,   0.00085
  34.82392,   0.06347,   0.00069
  34.72704,  -0.04464,   0.00043
  34.60194,  -0.03773,   0.00036
  34.45069,   0.05498,   0.00061
  34.21762,   0.08437,   0.00079
  34.04310,   0.03292,   0.00089
  33.26298,   0.02049,   0.00101
  33.18725,  -0.03564,   0.00082
  32.60911,  -0.01329,   0.00053
  31.16844,  -0.02712,   0.00016
  29.57895,  -0.05788,  -0.00023
  28.47644,  -0.20578,  -0.00062
  28.06677,  -0.37597,  -0.00120
  28.89477,  -0.43097,  -0.00109
  29.82674,  -0.33028,  -0.00071
  30.02573,  -0.09750,  -0.00011
  28.94767,   0.07787,   0.00049
  27.48941,   0.05233,   0.00066
  26.05497,  -0.13820,   0.00053
  25.38784,  -0.28545,   0.00043
  25.88213,  -0.30116,   0.00065
  27.16200,  -0.21761,   0.00071
  28.67402,  -0.05482,   0.00089
  29.73133,  -0.04011,   0.00086
  30.55544,  -0.01997,   0.00082
  31.66366,  -0.07983,   0.00056
  31.81391,  -0.09575,   0.00031
  31.27995,  -0.05336,   0.00010
  30.92000,  -0.00839,   0.00005
  29.34538,  -0.00910,   0.00004
  28.65050,  -0.11709,   0.00010
  29.10924,  -0.24588,   0.00014
  29.96913,  -0.22478,   0.00037
  30.93989,  -0.16780,   0.00074
  30.93371,  -0.02631,   0.00100
  29.78856,   0.04110,   0.00111
  28.38482,  -0.12000,   0.00077
  27.51176,  -0.31531,   0.00053
  27.60559,  -0.46825,   0.00042
  30.29649,  -0.47094,   0.00023
  31.20993,  -0.30339,   0.00075
  31.69967,  -0.07310,   0.00141
  29.98439,   0.05074,   0.00186
  28.85467,  -0.02155,   0.00196
  27.72643,  -0.18710,   0.00174
  27.19747,  -0.26558,   0.00153
  26.69624,  -0.27329,   0.00115
  26.53764,  -0.22882,   0.00089
  26.72337,  -0.33317,   0.00055
  27.98489,  -0.43663,   0.00017
  29.78707,  -0.47025,   0.00013
  31.39635,  -0.41593,   0.00024
  33.28531,  -0.25900,   0.00059
  32.71276,  -0.08155,   0.00077
  31.13894,  -0.04181,   0.00081
  30.25431,  -0.11831,   0.00083
  29.50065,  -0.35629,   0.00064
  29.81957,  -0.51814,   0.00059
  30.89004,  -0.40694,   0.00100
  31.22317,  -0.26074,   0.00144
  31.76027,  -0.04795,   0.00171
  30.80465,  -0.05380,   0.00157
  30.12771,  -0.15473,   0.00126
  28.36203,  -0.29719,   0.00088
  28.02438,  -0.36577,   0.00059
  27.59544,  -0.32357,   0.00061
  26.53999,  -0.23130,   0.00071
  26.58522,  -0.16009,   0.00113
  27.00423,  -0.18065,   0.00150
  26.72468,  -0.15459,   0.00190
  27.33735,  -0.20012,   0.00206
  27.29356,  -0.19295,   0.00216
  26.65237,  -0.18879,   0.00234
  26.26358,  -0.24051,   0.00221
  26.52488,  -0.44234,   0.00178
  28.43363,  -0.60014,   0.00163
  31.22322,  -0.64756,   0.00165
  33.82010,  -0.55753,   0.00171
  35.15463,  -0.30593,   0.00204
  34.77462,  -0.12134,   0.00224
  33.87029,  -0.11351,   0.00227
  32.19648,  -0.35262,   0.00183
  31.11391,  -0.62824,   0.00127
  31.12378,  -0.66716,   0.00109
  31.32309,  -0.61740,   0.00096
  45.99193,  -0.64355,   0.00118
  46.26535,  -0.54909,   0.00124
  45.68944,  -0.61250,   0.00113
  45.66974,  -0.71425,   0.00099
  33.36706,  -0.64575,   0.00045
  31.43856,  -0.56687,   0.00056
  29.69397,  -0.47961,   0.00069
  28.79730,  -0.49369,   0.00064
  28.37890,  -0.56570,   0.00088
  28.26935,  -0.58953,   0.00120
  28.85044,  -0.60495,   0.00155
  29.37794,  -0.44217,   0.00190
  29.00818,  -0.23908,   0.00234
  28.38396,  -0.10721,   0.00218
  26.47180,  -0.25180,   0.00183
  26.03450,  -0.44213,   0.00119
  26.52122,  -0.58333,   0.00066
  28.80735,  -0.61116,   0.00022
  30.22176,  -0.41940,   0.00029
  30.92001,  -0.20159,   0.00060
  30.82839,  -0.11275,   0.00093
  30.07932,  -0.16874,   0.00092
  29.45456,  -0.28712,   0.00074
  29.75279,  -0.30479,   0.00090
  28.91836,  -0.31897,   0.00079
  28.25792,  -0.31311,   0.00075
  41.44525,  -0.32169,   0.00026
  42.25726,  -0.40644,   0.00035
  43.67446,  -0.47622,   0.00045
  44.31651,  -0.46411,   0.00048
  44.73616,  -0.31003,   0.00069
  43.63851,  -0.13177,   0.00081
  41.76306,  -0.15603,   0.00065
  39.31393,  -0.26590,   0.00029
  37.97447,  -0.52809,   0.00003
  37.97670,  -0.71302,  -0.00000
  37.69085,  -0.58533,   0.00038
  38.75521,  -0.37446,   0.00080
  38.95859,  -0.17528,   0.00113
  37.63111,  -0.16739,   0.00119
  25.77500,  -0.41792,   0.00081
  25.26992,  -0.61386,   0.00039
  25.09871,  -0.69198,   0.00017
  26.91215,  -0.66538,   0.00010
  28.15276,  -0.47113,   0.00044
  29.88371,  -0.33254,   0.00090
  31.74405,  -0.30325,   0.00112
  33.66006,  -0.22794,   0.00170
  33.71223,  -0.18575,   0.00185
  33.07181,  -0.08178,   0.00186
  32.38509,  -0.03028,   0.00198
  31.01859,  -0.10071,   0.00162
  30.29971,  -0.33721,   0.00122
  31.09476,  -0.60927,   0.00068
  41.67067,  -0.57240,   0.00022
  43.25276,  -0.38081,   0.00048
  43.72706,  -0.07140,   0.00093
  42.46746,   0.02910,   0.00111
  40.75890,   0.03562,   0.00116
  38.62880,  -0.19038,   0.00116
  37.29419,  -0.43218,   0.00116
  37.41028,  -0.40799,   0.00136
  36.55704,  -0.33264,   0.00181
  37.42736,  -0.18639,   0.00232
  38.53432,  -0.10975,   0.00272
  38.26418,  -0.17611,   0.00280
  39.84187,  -0.25510,   0.00271
  40.66973,  -0.24378,   0.00248
  40.93369,  -0.15206,   0.00218
  41.15981,  -0.17349,   0.00181
  40.95005,  -0.25581,   0.00124
  40.90796,  -0.38092,   0.00102
  41.71550,  -0.51362,   0.00092
  42.87719,  -0.43134,   0.00108
  43.37207,  -0.28719,   0.00121
  42.51924,  -0.12265,   0.00172
  40.78592,  -0.10215,   0.00143
  38.90575,  -0.28114,   0.00093
  38.21361,  -0.55380,   0.00045
  38.27159,  -0.75440,   0.00005
  30.90774,  -0.78488,   0.00008
  32.08433,  -0.59543,   0.00032
  32.90833,  -0.38597,   0.00071
  32.11262,  -0.29151,   0.00086
  30.94372,  -0.35205,   0.00103
  29.33183,  -0.45488,   0.00099
  27.80205,  -0.39817,   0.00108
  25.88311,  -0.37380,   0.00108
  48.57250,  -0.17408,   0.00054
  47.95324,  -0.18835,   0.00040
  48.37500,  -0.26200,   0.00026
  48.86937,  -0.29985,   0.00018
  50.42789,  -0.24650,   0.00023
  51.12200,  -0.10375,   0.00031
  50.86611,  -0.01339,   0.00023
  49.88255,   0.00845,   0.00004
  49.20105,  -0.10410,  -0.00023
  50.14487,  -0.22775,  -0.00045
  51.65479,  -0.29968,  -0.00038
  53.28276,  -0.22554,  -0.00004
  53.85371,  -0.01062,   0.00065
  53.67302,   0.11160,   0.00092
  53.07196,   0.09801,   0.00091
  53.12670,  -0.00125,   0.00077
  53.50373,  -0.13778,   0.00036
  53.92085,  -0.19988,  -0.00000
  54.07644,  -0.21434,  -0.00033
  53.89958,  -0.13479,  -0.00044
  53.86048,  -0.10774,  -0.00044
  53.58011,  -0.13694,  -0.00056
  54.31090,  -0.17075,  -0.00041
  54.72958,  -0.13718,  -0.00022
  54.67753,   0.01327,   0.00006
  53.07548,   0.05616,   0.00006
  51.54692,  -0.01345,  -0.00009
  51.32024,  -0.16204,  -0.00031
  52.41576,  -0.30484,  -0.00041
  54.77593,  -0.32479,  -0.00025
  56.53766,  -0.12678,   0.00016
  56.29856,   0.05851,   0.00044
  55.28861,   0.22387,   0.00060
  54.27778,   0.22584,   0.00048
  54.73784,   0.12390,   0.00007
  54.75465,   0.04414,  -0.00019
  54.83002,   0.07167,  -0.00030
  54.97236,   0.20063,  -0.00012
  54.67571,   0.30968,  -0.00006
  54.50060,   0.32948,  -0.00006
  54.79982,   0.29225,  -0.00005
  55.33724,   0.22891,  -0.00031
  55.55205,   0.22927,  -0.00059
  55.67433,   0.25408,  -0.00079
  54.56028,   0.28888,  -0.00103
  53.86648,   0.23985,  -0.00123
  53.86835,   0.10764,  -0.00148
  54.80418,   0.02712,  -0.00128
  55.84906,   0.07954,  -0.00083
  55.84852,   0.28386,  -0.00013
  54.89591,   0.42568,   0.00032
  53.24344,   0.44066,   0.00046
  51.81299,   0.35861,   0.00039
  51.36408,   0.13986,   0.00007
  51.84159,  -0.02049,  -0.00019
  52.58722,  -0.00174,  -0.00023
  44.86961,   0.02063,   0.00030
  46.16399,   0.18766,   0.00044
  46.79432,   0.23776,   0.00046
  47.33105,   0.16858,   0.00012
  47.44726,   0.08045,  -0.00008
  47.22525,   0.03926,  -0.00021
  47.66039,   0.12116,  -0.00014
  47.25115,   0.11364,  -0.00023
  47.51839,   0.01941,  -0.00027
  47.69757,  -0.04346,  -0.00007
  48.79557,  -0.13732,  -0.00001
  49.81081,  -0.10104,   0.00009
  50.38862,   0.00240,   0.00039
  49.64927,   0.14241,   0.00035
  48.44396,   0.13425,   0.00006
  47.88498,  -0.08562,  -0.00053
  47.60309,  -0.23260,  -0.00097
  47.87678,  -0.27354,  -0.00093
  48.26246,  -0.13759,  -0.00056
  47.79434,   0.08219,  -0.00011
  46.62547,   0.25033,   0.00032
  45.16600,   0.23484,   0.00044
  43.65396,   0.08288,   0.00026
  43.10552,  -0.03403,   0.00005
  42.45743,  -0.12490,  -0.00016
  42.52548,  -0.07295,  -0.00018
  43.04309,  -0.07482,  -0.00022
  43.41127,  -0.10032,  -0.00020
  44.37166,  -0.09925,   0.00010
  45.43676,  -0.06233,   0.00042
  46.83050,   0.05026,   0.00078
  46.41762,   0.20472,   0.00108
  45.20615,   0.28690,   0.00110
  44.26800,   0.19973,   0.00100
  43.56040,   0.04580,   0.00077
  43.96898,  -0.13995,   0.00049
  45.20279,  -0.17314,   0.00038
  46.14606,  -0.10889,   0.00056
  46.71849,   0.07081,   0.00062
  46.28220,   0.14793,   0.00048
  45.93878,  -0.01574,  -0.00004
  45.00585,  -0.21334,  -0.00056
  44.43771,  -0.38159,  -0.00095
  44.59316,  -0.39825,  -0.00106
  44.40685,  -0.31876,  -0.00076
  44.14309,  -0.21954,  -0.00025
  27.30987,  -0.08139,  -0.00007
  27.07870,  -0.16658,   0.00032
  26.83491,  -0.22849,   0.00052
  25.48446,  -0.18755,   0.00086
  24.70139,  -0.10999,   0.00088
  23.94593,  -0.08829,   0.00077
  23.39569,  -0.27546,   0.00022
  24.18828,  -0.40492,   0.00004
  25.71906,  -0.43774,   0.00003
  27.60448,  -0.31235,   0.00016
  28.77081,  -0.02527,   0.00059
  28.74152,   0.21128,   0.00094
  27.62851,   0.27053,   0.00104
  26.46514,   0.08907,   0.00070
  26.11437,  -0.16902,   0.00023
  26.89700,  -0.23905,   0.00018
  28.19111,  -0.21150,   0.00018
  30.04828,  -0.04894,   0.00046
  31.27324,   0.00440,   0.00080
  32.62861,   0.02129,   0.00100
  33.49441,  -0.04492,   0.00098
  34.77541,  -0.06455,   0.00094
  34.42827,   0.00428,   0.00094
  33.54053,   0.09160,   0.00101
  32.17861,   0.11755,   0.00118
  31.52208,   0.02433,   0.00136
  30.66352,  -0.03610,   0.00147
  31.45346,  -0.10971,   0.00167
  32.40763,  -0.01472,   0.00189
  31.57611,   0.12870,   0.00205
  30.53691,   0.22884,   0.00196
  28.92035,   0.14369,   0.00160
  27.85520,  -0.15096,   0.00070
  27.97094,  -0.35878,   0.00030
  28.87051,  -0.38607,   0.00025
  30.40283,  -0.23995,   0.00034
  31.44022,   0.00472,   0.00087
  31.69640,   0.15121,   0.00136
  31.39658,   0.18684,   0.00175
  30.68708,   0.02507,   0.00166
  30.16174,  -0.11507,   0.00135
  30.69148,  -0.11404,   0.00130
  30.50802,  -0.05629,   0.00102
  30.76446,  -0.01827,   0.00082
  31.59413,  -0.15640,   0.00049
  33.14374,  -0.18709,   0.00034
  35.12164,  -0.16801,   0.00017
  35.26856,  -0.00458,   0.00006
  33.89169,   0.17183,  -0.00004
  31.91318,   0.19055,  -0.00030
  29.34672,   0.05178,  -0.00059
  27.79606,  -0.17034,  -0.00080
  26.95511,  -0.21206,  -0.00078
  27.47661,  -0.19858,  -0.00062
  28.28985,  -0.04184,  -0.00025
  27.47713,   0.10796,   0.00029
  27.19995,   0.17646,   0.00048
  26.49788,   0.07635,   0.00037
  24.58412,  -0.07055,   0.00007
  24.23369,  -0.16730,  -0.00012
  24.26552,  -0.11936,  -0.00010
  24.56775,  -0.04525,  -0.00007
  25.16865,   0.05596,   0.00026
  25.87364,   0.07303,   0.00054
  25.81432,   0.11872,   0.00086
  26.26678,   0.10359,   0.00081
  26.10992,   0.14145,   0.00060
  25.23208,   0.18500,   0.00054
  23.98513,   0.12739,   0.00007
  23.48073,  -0.05554,  -0.00049
  23.96396,  -0.31496,  -0.00114
  26.09476,  -0.41295,  -0.00136
  28.25886,  -0.29714,  -0.00122
  29.47066,  -0.07713,  -0.00079
  29.13861,   0.13384,  -0.00035
  27.58797,   0.12794,  -0.00013
  25.53246,  -0.07766,  -0.00016
  24.30119,  -0.18164,  -0.00013
  23.44127,  -0.32910,  -0.00010
  23.13119,  -0.29709,   0.00012
  22.23145,  -0.16688,   0.00053
  22.70125,  -0.05615,   0.00092
  23.27549,  -0.05782,   0.00110
  23.71624,  -0.14497,   0.00083
  23.53937,  -0.14392,   0.00064
  22.45284,  -0.05604,   0.00045
  21.97863,  -0.04100,  -0.00004
  20.80463,  -0.01465,  -0.00000
  20.57382,  -0.09121,   0.00013
  21.42653,  -0.16631,   0.00006
  23.76306,  -0.01763,   0.00112
  24.94746,   0.10372,   0.00152
  25.18708,   0.27453,   0.00190
  24.74301,   0.33874,   0.00232
  23.67875,   0.25584,   0.00211
  23.37282,   0.05133,   0.00171
  25.09565,  -0.14740,   0.00130
  26.86310,  -0.14339,   0.00121
  28.66414,  -0.09678,   0.00126
  29.56345,   0.11758,   0.00159
  29.47012,   0.23086,   0.00185
  28.64874,   0.23263,   0.00193
  27.59620,   0.11338,   0.00179
  26.28824,   0.00306,   0.00152
  24.74630,   0.00926,   0.00152
  23.17342,  -0.00208,   0.00138
  21.23347,  -0.05637,   0.00128
  21.83725,  -0.15235,   0.00129
  23.10811,  -0.22911,   0.00136
  23.73855,  -0.21757,   0.00145
  24.02472,  -0.12595,   0.00168
  23.30429,  -0.01944,   0.00189
  22.03416,  -0.06062,   0.00184
  20.80378,  -0.17627,   0.00177
  20.30056,  -0.27604,   0.00164
  21.22829,  -0.38440,   0.00168
  22.62179,  -0.33078,   0.00195
  22.96131,  -0.13074,   0.00263
  23.77052,   0.03088,   0.00291
  23.83682,   0.05502,   0.00286
  23.06604,  -0.08400,   0.00255
  22.88972,  -0.26574,   0.00189
  43.48703,  -0.56493,   0.00103
  44.22823,  -0.54132,   0.00069
  45.18957,  -0.41519,   0.00064
  45.20354,  -0.39613,   0.00048
  45.50398,  -0.39186,   0.00073
  45.80880,  -0.42181,   0.00097
  45.44535,  -0.34756,   0.00132
  44.98533,  -0.28947,   0.00183
  43.23569,  -0.24713,   0.00193
  41.46733,  -0.28248,   0.00186
  39.55148,  -0.45102,   0.00173
  39.87469,  -0.64550,   0.00163
  41.55269,  -0.70782,   0.00174
  42.86341,  -0.54746,   0.00184
  28.48737,  -0.31543,   0.00186
  28.67378,  -0.09538,   0.00214
  27.62252,  -0.06941,   0.00215
  25.93340,  -0.21364,   0.00172
  24.90584,  -0.41088,   0.00142
  24.66149,  -0.49233,   0.00122
  24.73429,  -0.39190,   0.00135
  25.41814,  -0.24861,   0.00153
  26.34295,  -0.16396,   0.00170
  26.39459,  -0.18500,   0.00190
  27.64369,  -0.26959,   0.00167
  28.51717,  -0.29526,   0.00138
  29.98615,  -0.35459,   0.00130
  29.42970,  -0.27624,   0.00109
  28.91052,  -0.26147,   0.00092
  30.05542,  -0.37893,   0.00057
  31.13202,  -0.45425,   0.00063
  32.12553,  -0.41789,   0.00087
  32.65922,  -0.17983,   0.00153
  32.06964,   0.03355,   0.00180
  30.22700,   0.10638,   0.00178
  27.55744,   0.00485,   0.00149
  25.81123,  -0.24827,   0.00095
  25.14017,  -0.44938,   0.00044
  25.60655,  -0.49858,   0.00008
  26.61260,  -0.31974,   0.00022
  27.59272,  -0.08835,   0.00054
  27.41847,  -0.03923,   0.00058
  27.16372,  -0.06809,   0.00078
  27.25463,  -0.05628,   0.00091
  26.54685,  -0.09453,   0.00100
  25.84891,  -0.05168,   0.00113
  25.99323,   0.04537,   0.00146
  26.05808,   0.04558,   0.00166
  27.26779,  -0.02383,   0.00186
  29.36040,  -0.04529,   0.00218
  32.18531,   0.02460,   0.00225
  34.29808,   0.21210,   0.00224
  35.84773,   0.29000,   0.00219
  35.35882,   0.33995,   0.00185
  35.19721,   0.16424,   0.00116
  34.95971,  -0.06767,   0.00072
  36.25386,  -0.14317,   0.00043
  37.73265,  -0.09127,   0.00053
  38.05527,   0.13757,   0.00108
  37.88408,   0.29400,   0.00149
  36.74676,   0.27161,   0.00167
  34.89486,   0.15159,   0.00164
  34.04718,  -0.03784,   0.00147
  33.05369,  -0.18811,   0.00128
  32.66121,  -0.17285,   0.00128
  33.10857,  -0.13712,   0.00131
  33.74538,  -0.10052,   0.00121
  34.67459,  -0.09614,   0.00158
  35.35575,  -0.11743,   0.00194
  36.04137,   0.00927,   0.00222
  35.40848,   0.12678,   0.00239
  33.86965,   0.20393,   0.00237
  32.14632,   0.14517,   0.00214
  30.82471,  -0.03684,   0.00180
  31.11525,  -0.18385,   0.00148
  32.98781,  -0.22891,   0.00128
  35.34523,  -0.06753,   0.00129
  37.31881,   0.05593,   0.00135
  37.70057,   0.23103,   0.00132
  36.95523,   0.21129,   0.00111
  37.42072,   0.00792,   0.00070
  36.71730,  -0.15451,   0.00048
  37.74812,  -0.13544,   0.00055
  37.84115,  -0.02979,   0.00078
  37.98600,   0.10614,   0.00114
  37.26615,   0.18895,   0.00166
  37.14937,   0.13851,   0.00183
  36.83064,   0.05674,   0.00183
  36.46878,   0.04872,   0.00193
  35.71458,   0.09834,   0.00163
  34.69564,   0.11217,   0.00128
  33.27174,  -0.08421,   0.00067
  32.94510,  -0.21276,   0.00040
  32.61101,  -0.27283,   0.00009
  33.63777,  -0.22958,   0.00025
  34.46134,  -0.05080,   0.00064
  33.18320,   0.13424,   0.00115
  31.69064,   0.17902,   0.00129
  29.14878,   0.11645,   0.00137
  27.77808,  -0.14849,   0.00105
  27.82614,  -0.36026,   0.00072
  28.38329,  -0.37335,   0.00084
  30.51248,  -0.22778,   0.00098
  32.73194,  -0.05245,   0.00121
  33.94060,  -0.06118,   0.00125
  34.94349,  -0.12127,   0.00115
  35.13859,  -0.22095,   0.00088
  35.80140,  -0.19630,   0.00071
  34.69151,  -0.12278,   0.00051
  33.34938,  -0.08041,   0.00034
  32.49791,  -0.13533,   0.00026
  31.77989,  -0.23044,   0.00016
  31.85487,  -0.25828,   0.00042
  32.79372,  -0.22195,   0.00048
  33.01650,  -0.06352,   0.00058
  31.49523,   0.01598,   0.00067
  29.80239,   0.03422,   0.00056
  28.35184,  -0.10781,   0.00041
  27.96798,  -0.32339,   0.00003
  28.87757,  -0.35873,   0.00014
  29.92287,  -0.19467,   0.00062
  31.22526,   0.10923,   0.00143
  31.77746,   0.35914,   0.00222
  30.41298,   0.43628,   0.00271
  29.56108,   0.29242,   0.00274
  29.28311,   0.13811,   0.00247
  30.11292,   0.11016,   0.00235
  30.65497,   0.19103,   0.00212
  31.62848,   0.31657,   0.00201
  32.71765,   0.20893,   0.00151
  34.93564,   0.19824,   0.00144
  37.18923,   0.19784,   0.00132
  39.90726,   0.31096,   0.00134
  39.54057,   0.46478,   0.00128
  37.84746,   0.53936,   0.00123
  36.77186,   0.50926,   0.00112
  35.46647,   0.27525,   0.00095
  35.69930,   0.03429,   0.00084
  36.30991,   0.05425,   0.00120
  37.49843,   0.18757,   0.00149
  38.22966,   0.39824,   0.00179
  36.96419,   0.41858,   0.00184
  35.70539,   0.34402,   0.00166
  34.35319,   0.14866,   0.00129
  34.13200,  -0.00683,   0.00070
  33.45196,  -0.00457,   0.00054
  32.93740,   0.12056,   0.00061
  31.48083,   0.22605,   0.00050
  31.22044,   0.26235,   0.00074
  31.06846,   0.19172,   0.00088
  30.56648,   0.24230,   0.00117
  30.01786,   0.25460,   0.00098
  29.07911,   0.30964,   0.00073
  28.44338,   0.28626,   0.00054
  27.92418,   0.21099,   0.00024
  28.61920,   0.05835,   0.00003
  31.03294,   0.00412,   0.00002
  33.45546,   0.08586,   0.00017
  35.00495,   0.32043,   0.00054
  35.72377,   0.51628,   0.00098
  34.48123,   0.56647,   0.00104
  33.03848,   0.43693,   0.00082
  32.43820,   0.30689,   0.00068
  32.24558,   0.14732,   0.00035
  32.85440,   0.14979,   0.00019
  32.64225,   0.21523,   0.00031
  33.09899,   0.32166,   0.00040
  33.26288,   0.31465,   0.00038
  32.73352,   0.21006,   0.00004
  32.24285,   0.11358,  -0.00022
  31.35224,   0.08885,  -0.00042
  30.25831,   0.10162,  -0.00056
  28.93708,   0.11709,  -0.00038
  28.10438,   0.06318,  -0.00008
  27.45473,   0.04511,   0.00020
  28.36504,  -0.01572,   0.00062
  29.57655,   0.04490,   0.00107
  29.50880,   0.21329,   0.00175
  28.92541,   0.34483,   0.00189
  27.86804,   0.33723,   0.00163
  27.43155,   0.10519,   0.00101
  27.63111,  -0.09089,   0.00050
  29.07347,  -0.14428,   0.00022
  31.70620,  -0.07071,  -0.00001
  32.73019,   0.20638,   0.00029
  32.54300,   0.38505,   0.00057
  31.97672,   0.42557,   0.00069
  30.63716,   0.29568,   0.00051
  29.48759,   0.17638,   0.00026
  29.52145,   0.19678,   0.00037
  28.58370,   0.24369,   0.00032
  27.78025,   0.27798,   0.00041
  27.72226,   0.19414,   0.00048
  28.61276,   0.14331,   0.00068
  29.75357,   0.14310,   0.00088
  30.96404,   0.20514,   0.00107
  30.18606,   0.36594,   0.00134
  28.40376,   0.46328,   0.00151
  26.81883,   0.40749,   0.00134
  25.72124,   0.25148,   0.00130
  25.74805,   0.12991,   0.00135
  26.23884,   0.19790,   0.00163
  27.39716,   0.35288,   0.00202
  27.86914,   0.54117,   0.00235
  26.88871,   0.58505,   0.00244
  26.30776,   0.51010,   0.00215
  26.02125,   0.34847,   0.00169
  26.89070,   0.18820,   0.00119
  27.37429,   0.18992,   0.00102
  28.06538,   0.29600,   0.00114
  28.93481,   0.34761,   0.00123
  29.70507,   0.35440,   0.00152
  30.43990,   0.30027,   0.00178
  30.90040,   0.36899,   0.00231
  30.96385,   0.38975,   0.00242
  30.31025,   0.42458,   0.00237
  28.60770,   0.36307,   0.00232
  27.39138,   0.21798,   0.00198
  27.49623,   0.02310,   0.00165
  28.44405,  -0.10017,   0.00131
  30.16704,  -0.04322,   0.00138
  31.14021,   0.16591,   0.00161
  30.24340,   0.32015,   0.00157
  28.34799,   0.35259,   0.00162
  26.30074,   0.20943,   0.00148
  24.97390,   0.11428,   0.00119
  24.49255,   0.00648,   0.00112
  24.61799,   0.03686,   0.00132
  24.21260,   0.18316,   0.00178
  24.71230,   0.28886,   0.00220
  25.37477,   0.30609,   0.00243
  26.14416,   0.24892,   0.00243
  26.63344,   0.22345,   0.00233
  26.70397,   0.26921,   0.00220
  27.87264,   0.23392,   0.00180
  27.67327,   0.29174,   0.00164
  28.04113,   0.26431,   0.00150
  29.53865,   0.22061,   0.00130
  31.03556,   0.22429,   0.00138
  32.30663,   0.34989,   0.00155
  32.37733,   0.54380,   0.00196
  31.21798,   0.64547,   0.00181
  29.21899,   0.57676,   0.00134
  27.89566,   0.36462,   0.00077
  27.55034,   0.15073,   0.00019
  28.39559,   0.08028,  -0.00008
  29.69150,   0.10585,  -0.00018
  30.59541,   0.28045,   0.00013
  30.46849,   0.38890,   0.00052
  29.24575,   0.39915,   0.00069
  27.95944,   0.29399,   0.00076
  26.66898,   0.20656,   0.00071
  25.37502,   0.26601,   0.00087
  24.38894,   0.29683,   0.00087
  23.96184,   0.29467,   0.00087
  22.90253,   0.24901,   0.00085
  24.01077,   0.18077,   0.00076
  25.53644,   0.19234,   0.00063
  26.62709,   0.27127,   0.00051
  26.67513,   0.44883,   0.00030
  25.68089,   0.53387,  -0.00001
  25.01094,   0.42514,  -0.00060
  24.50517,   0.24157,  -0.00097
  25.17503,   0.11074,  -0.00116
  26.49205,   0.20463,  -0.00118
  27.89959,   0.40463,  -0.00086
  28.77407,   0.60662,  -0.00048
  28.32142,   0.72743,   0.00001
  27.60443,   0.59642,  -0.00017
  26.93611,   0.39709,  -0.00059
  27.34700,   0.29195,  -0.00080
  27.37201,   0.31858,  -0.00096
  27.72599,   0.44820,  -0.00091
  28.24678,   0.44146,  -0.00111
  29.00584,   0.46656,  -0.00084
  29.66600,   0.54294,  -0.00070
  29.93006,   0.56842,  -0.00044
  29.36831,   0.65737,  -0.00022
  27.84875,   0.79293,   0.00004
  25.85715,   0.75003,  -0.00005
  23.56909,   0.61758,  -0.00035
  23.63328,   0.39351,  -0.00051
  25.42887,   0.28998,  -0.00050
  27.50002,   0.36101,  -0.00031
  29.52994,   0.60816,   0.00007
  30.56131,   0.83271,   0.00040
  30.94212,   0.81513,   0.00029
  30.27831,   0.65847,   0.00015
  29.74823,   0.45408,  -0.00002
  31.19707,   0.43865,   0.00001
  32.04754,   0.50603,   0.00018
  33.18315,   0.64898,   0.00039
  33.78073,   0.72458,   0.00067
  34.41456,   0.67290,   0.00068
  34.82199,   0.55043,   0.00047
  35.76874,   0.47625,   0.00031
  34.92532,   0.47502,  -0.00012
  33.44735,   0.50314,  -0.00052
  32.43759,   0.35814,  -0.00130
  31.52990,   0.23488,  -0.00149
  31.42824,   0.10006,  -0.00142
  32.34217,   0.16027,  -0.00118
  32.53931,   0.30242,  -0.00065
  32.00680,   0.49630,  -0.00016
  30.03279,   0.62484,   0.00031
  27.78452,   0.51555,   0.00029
  25.83810,   0.26619,   0.00010
  25.25925,   0.10477,  -0.00002
  25.82300,   0.06160,  -0.00006
  27.37167,   0.20823,   0.00011
  28.50646,   0.25585,   0.00011
  29.78048,   0.42191,   0.00026
  30.04763,   0.41907,   0.00020
  30.63324,   0.32827,  -0.00008
  30.06027,   0.26769,  -0.00035
  29.40658,   0.28862,  -0.00059
  29.20073,   0.31891,  -0.00063
  28.04996,   0.27470,  -0.00075
  28.52416,   0.15095,  -0.00085
  29.81351,   0.00978,  -0.00085
  31.08794,   0.04675,  -0.00043
  32.35513,   0.13399,  -0.00036
  32.62167,   0.26477,  -0.00034
  31.94164,   0.19008,  -0.00049
  30.71119,   0.03000,  -0.00076
  29.85618,  -0.23246,  -0.00101
  29.70202,  -0.37816,  -0.00124
  30.35722,  -0.34957,  -0.00093
  31.14145,  -0.13571,  -0.00039
  30.34506,   0.09840,   0.00019
  28.56923,   0.20462,   0.00053
  27.26367,   0.04948,   0.00044
  25.90763,  -0.18878,   0.00006
  24.45005,  -0.30486,  -0.00027
  23.84122,  -0.33261,  -0.00052
  23.90103,  -0.24910,  -0.00062
  23.78226,  -0.30098,  -0.00102
  24.93923,  -0.29381,  -0.00093
  26.28326,  -0.29741,  -0.00082
  27.90456,  -0.22136,  -0.00056
  27.78404,  -0.07834,  -0.00027
  26.96335,   0.07240,  -0.00006
  26.42206,   0.08435,   0.00008
  25.70759,  -0.05576,  -0.00006
  49.14485,   0.35606,   0.00076
  50.91113,   0.28142,   0.00074
  52.62280,   0.39652,   0.00094
  52.80474,   0.55047,   0.00123
  52.11229,   0.72909,   0.00130
  50.68156,   0.74790,   0.00106
  50.34641,   0.58020,   0.00037
  49.91705,   0.42844,  -0.00007
  50.01718,   0.38411,  -0.00025
  50.28070,   0.45227,  -0.00025
  49.84148,   0.57970,   0.00015
  48.99720,   0.62496,   0.00056
  47.80099,   0.61056,   0.00085
  47.78128,   0.50515,   0.00095
  48.25593,   0.53391,   0.00123
  47.92204,   0.57239,   0.00124
  47.16050,   0.62513,   0.00121
  46.39417,   0.51530,   0.00088
  46.89130,   0.41327,   0.00076
  48.53542,   0.31656,   0.00079
  50.26120,   0.34140,   0.00088
  51.69184,   0.52944,   0.00129
  51.60672,   0.75195,   0.00162
  50.69344,   0.87064,   0.00174
  49.41342,   0.77897,   0.00139
  48.90733,   0.55549,   0.00084
  50.02758,   0.42651,   0.00049
  51.08959,   0.37044,   0.00013
  51.30478,   0.42757,   0.00018
  51.63222,   0.55686,   0.00025
  51.53810,   0.59906,   0.00029
  51.47791,   0.53147,   0.00012
  51.42733,   0.42623,  -0.00008
  51.26842,   0.38134,  -0.00022
  51.37729,   0.44921,  -0.00019
  50.09300,   0.50349,  -0.00004
  49.11851,   0.48711,   0.00016
  48.23121,   0.45092,   0.00034
  48.67511,   0.36121,   0.00062
  49.42300,   0.37252,   0.00091
  48.87489,   0.53668,   0.00130
  48.15221,   0.67377,   0.00135
  46.79304,   0.70186,   0.00112
  45.96527,   0.53954,   0.00041
  46.17165,   0.35565,  -0.00005
  47.52691,   0.25368,  -0.00027
  49.09775,   0.32540,  -0.00033
  49.83259,   0.50439,   0.00003
  31.63078,   0.28998,  -0.00015
  31.53986,   0.31761,   0.00011
  30.78752,   0.16887,   0.00002
  31.12658,   0.12135,   0.00019
  30.67697,   0.00408,  -0.00010
  30.71272,   0.01474,  -0.00031
  31.17022,  -0.02118,  -0.00032
  32.35307,  -0.00802,  -0.00028
  33.84386,  -0.04789,  -0.00022
  35.58544,  -0.12627,  -0.00034
  36.21736,  -0.06684,  -0.00035
  35.82185,   0.05913,  -0.00034
  34.94255,   0.13931,  -0.00043
  32.54503,   0.07838,  -0.00067
  30.29709,  -0.14164,  -0.00099
  28.51594,  -0.33885,  -0.00137
  27.47294,  -0.36656,  -0.00120
  27.87481,  -0.25518,  -0.00097
  28.34007,  -0.04867,  -0.00065
  27.16892,   0.02422,  -0.00047
  26.08719,  -0.02401,  -0.00056
  24.64877,  -0.21137,  -0.00086
  24.03240,  -0.40584,  -0.00137
  23.43065,  -0.42660,  -0.00145
  23.72887,  -0.28808,  -0.00121
  24.22513,  -0.15501,  -0.00097
  24.99189,  -0.03941,  -0.00051
  25.13935,  -0.04730,  -0.00019
  25.35116,   0.02619,   0.00032
  25.47627,   0.05523,   0.00029
  25.27811,   0.14735,   0.00005
  25.02154,   0.18189,  -0.00005
  23.02116,   0.05286,  -0.00032
  23.08239,  -0.10411,  -0.00075
  24.09148,  -0.25301,  -0.00116
  26.01155,  -0.20961,  -0.00121
  27.68648,  -0.04914,  -0.00102
  27.78684,   0.16579,  -0.00072
  26.56648,   0.22826,  -0.00052
  24.64665,   0.17327,  -0.00051
  23.07270,  -0.07229,  -0.00063
  22.39274,  -0.27497,  -0.00071
  22.06539,  -0.20190,  -0.00072
  22.89550,  -0.08504,  -0.00026
  22.52151,   0.02323,   0.00018
  23.85419,   0.09456,   0.00060
  23.51970,   0.02459,   0.00062
  23.63788,  -0.07824,   0.00054
  23.26464,  -0.10465,   0.00039
  22.94132,  -0.09346,   0.00009
  22.61011,  -0.01890,   0.00002
  21.67638,  -0.02674,  -0.00046
  22.23041,  -0.12844,  -0.00041
  23.49732,  -0.21832,  -0.00027
  24.59530,  -0.02585,   0.00024
  25.58470,   0.13351,   0.00044
  30.34306,   0.23921,   0.00063
  29.52900,   0.19779,   0.00034
  28.63214,  -0.01741,  -0.00010
  29.21094,  -0.29291,  -0.00063
  30.33426,  -0.41132,  -0.00080
  32.83983,  -0.35283,  -0.00072
  34.57474,  -0.02286,  -0.00022
  35.05438,   0.23272,   0.00030
  34.72639,   0.26458,   0.00046
  32.99259,   0.12402,   0.00042
  25.84826,   0.03125,   0.00065
  24.50231,  -0.01831,   0.00044
  23.31054,   0.02920,   0.00033
  21.69915,   0.04215,   0.00027
  21.80996,   0.02717,   0.00030
  22.64853,  -0.02475,   0.00023
  23.69132,  -0.04895,   0.00002
  24.31326,   0.03463,  -0.00003
  23.88483,   0.19421,  -0.00000
  23.50257,   0.22514,  -0.00007
  22.33956,   0.18074,  -0.00029
  21.48627,   0.01315,  -0.00041
  21.65278,  -0.15283,  -0.00043
  22.28949,  -0.07407,   0.00000
  23.73541,   0.07497,   0.00043
  24.80305,   0.28832,   0.00087
  24.37133,   0.36325,   0.00132
  24.34092,   0.28543,   0.00100
  24.14652,   0.09078,   0.00036
  24.28102,  -0.07510,  -0.00030
  24.84118,  -0.14675,  -0.00095
  25.44260,  -0.11530,  -0.00137
  25.88703,  -0.03562,  -0.00161
  26.45896,  -0.00991,  -0.00150
  26.73607,  -0.06675,  -0.00141
  26.53487,   0.02230,  -0.00124
  25.78342,   0.02609,  -0.00131
  24.17902,   0.05544,  -0.00134
  23.64166,   0.14364,  -0.00128
  22.21490,   0.01298,  -0.00148
  20.80707,  -0.14991,  -0.00175
  21.41382,  -0.29210,  -0.00173
  22.68242,  -0.26549,  -0.00144
  24.07550,  -0.04244,  -0.00088
  24.61729,   0.20739,  -0.00039
  24.01443,   0.22941,  -0.00040
  22.60384,   0.16148,  -0.00050
  21.54640,   0.07390,  -0.00081
  20.97005,  -0.03069,  -0.00094
  21.31315,   0.04592,  -0.00084
  22.21434,   0.23176,  -0.00048
  23.23315,   0.40094,  -0.00025
  23.78834,   0.41590,  -0.00020
  25.03342,   0.34518,  -0.00042
  26.29752,   0.28571,  -0.00079
  28.55244,   0.26788,  -0.00101
  28.44510,   0.36211,  -0.00120
  27.89906,   0.41477,  -0.00130
  28.51235,   0.29530,  -0.00167
  28.92646,   0.18320,  -0.00149
  30.29104,   0.14324,  -0.00105
  32.18331,   0.35010,  -0.00017
  32.63414,   0.54343,   0.00046
  31.64506,   0.64649,   0.00079
  29.62896,   0.59527,   0.00086
  27.80539,   0.38131,   0.00053
  27.06105,   0.14610,   0.00015
  27.39271,   0.02866,  -0.00020
  28.49433,   0.13925,  -0.00011
  29.52603,   0.34598,   0.00018
  29.09536,   0.37638,  -0.00002
  28.46807,   0.37981,   0.00008
  27.42621,   0.28887,   0.00001
  27.23025,   0.27520,  -0.00010
  26.19226,   0.24473,  -0.00013
  25.36978,   0.28063,  -0.00008
  24.99950,   0.31999,   0.00010
  25.25781,   0.25839,   0.00024
  26.49716,   0.16624,   0.00035
  28.32924,   0.17728,   0.00062
  30.76430,   0.21196,   0.00094
  31.46149,   0.38630,   0.00098
  30.94216,   0.47816,   0.00079
  30.79842,   0.33433,   0.00025
  29.83405,   0.15579,  -0.00012
  29.97542,  -0.00846,  -0.00032
  31.12345,   0.03986,  -0.00026
  31.90907,   0.20965,   0.00005
  31.95508,   0.39790,   0.00041
  30.26864,   0.48260,   0.00071
  28.95704,   0.35979,   0.00050
  27.86966,   0.14694,   0.00012
  26.91197,   0.01918,  -0.00017
  26.43991,  -0.02225,  -0.00036
  26.70783,   0.05564,  -0.00027
  26.30175,   0.05475,  -0.00030
  26.77897,   0.07567,   0.00009
  27.56339,   0.05850,   0.00049
  28.24519,   0.12372,   0.00090
  28.18045,   0.16998,   0.00126
  27.45211,   0.24330,   0.00146
  26.14656,   0.28760,   0.00156
  25.24252,   0.16620,   0.00135
  25.19472,  -0.03370,   0.00114
  26.06667,  -0.14568,   0.00104
  28.55133,  -0.08736,   0.00103
  30.72498,   0.12866,   0.00107
  31.67900,   0.21743,   0.00099
  31.69904,   0.20133,   0.00055
  30.72188,   0.06228,   0.00005
  29.81721,  -0.15372,  -0.00045
  30.16492,  -0.22974,  -0.00072
  30.19067,  -0.20210,  -0.00060
  30.44210,  -0.07504,  -0.00023
  29.75610,   0.05422,   0.00033
  29.57266,   0.04170,   0.00066
  29.27279,  -0.04841,   0.00075
  28.92475,  -0.06734,   0.00097
  28.14319,  -0.05267,   0.00083
  27.22996,   0.01652,   0.00066
  26.33690,  -0.04026,   0.00037
  25.31709,  -0.13319,  -0.00013
  25.52622,  -0.19647,  -0.00014
  26.25405,  -0.17777,   0.00002
  26.92919,  -0.01081,   0.00028
  26.70557,   0.22014,   0.00063
  25.40291,   0.35816,   0.00080
  23.93086,   0.34161,   0.00073
  22.74828,   0.15190,   0.00033
  22.62275,  -0.04944,  -0.00005
  23.92436,  -0.07708,  -0.00006
  25.78742,   0.04523,   0.00005
  27.55652,   0.25903,   0.00037
  28.56789,   0.30552,   0.00059
  29.49354,   0.30722,   0.00062
  29.77128,   0.23993,   0.00050
  30.94190,   0.24453,   0.00048
  30.48392,   0.28310,   0.00038
  29.76501,   0.34117,   0.00047
  28.94610,   0.33251,   0.00053
  28.84046,   0.23912,   0.00058
  28.32538,   0.21140,   0.00071
  29.73485,   0.17571,   0.00066
  30.64483,   0.26565,   0.00057
  29.69230,   0.37094,   0.00054
  28.20249,   0.39347,   0.00031
  26.52712,   0.26395,  -0.00009
  25.37059,   0.04242,  -0.00091
  25.57410,  -0.13276,  -0.00103
  26.42293,  -0.11901,  -0.00077
  33.29734,   0.13746,  -0.00045
  33.81210,   0.35753,   0.00028
  33.49702,   0.44509,   0.00078
  32.56958,   0.45656,   0.00106
  31.75289,   0.24685,   0.00089
  31.61199,   0.10280,   0.00069
  32.73944,   0.14888,   0.00082
  33.75604,   0.26335,   0.00081
  34.61325,   0.22505,   0.00061
  36.30078,   0.25198,   0.00055
  36.33780,   0.35420,   0.00040
  37.44391,   0.41038,   0.00033
  37.56668,   0.54136,   0.00027
  37.98211,   0.65113,   0.00021
  36.00992,   0.65562,   0.00002
  34.24704,   0.49810,  -0.00020
  33.83919,   0.34539,  -0.00029
  34.70569,   0.19988,  -0.00025
  36.39551,   0.24904,   0.00002
  37.03116,   0.42640,   0.00059
  36.84303,   0.59267,   0.00093
  35.68909,   0.59463,   0.00098
  34.79827,   0.40329,   0.00058
  33.76147,   0.21748,   0.00036
  33.40861,   0.14103,   0.00032
  33.69853,   0.17527,   0.00028
  33.80617,   0.31776,   0.00067
  33.69597,   0.40516,   0.00109
  28.59726,   0.30967,   0.00130
  28.43998,   0.22998,   0.00133
  28.18160,   0.17052,   0.00116
  28.09160,   0.17749,   0.00114
  26.92878,   0.18287,   0.00075
  26.06612,   0.12439,   0.00032
  25.69666,  -0.13386,  -0.00033
  26.87703,  -0.28904,  -0.00059
  28.84456,  -0.30202,  -0.00061
  31.32574,  -0.16211,  -0.00030
  31.82636,   0.07260,   0.00002
  30.75837,   0.18933,   0.00017
  29.29748,   0.14512,   0.00033
  27.24008,  -0.11017,   0.00009
  25.98644,  -0.36694,  -0.00015
  25.69425,  -0.38660,   0.00009
  26.49406,  -0.28764,   0.00022
  27.34035,  -0.11662,   0.00045
  26.29430,  -0.12292,   0.00053
  25.62946,  -0.17238,   0.00028
  24.17832,  -0.23385,   0.00023
  23.74708,  -0.28181,  -0.00012
  22.90175,  -0.27211,  -0.00042
  21.18360,  -0.21747,  -0.00033
  20.28303,  -0.20584,  -0.00008
  19.51391,  -0.19650,   0.00014
  20.32179,  -0.25993,   0.00052
  21.60542,  -0.25049,   0.00089
  21.61232,  -0.12949,   0.00137
  22.02642,   0.02091,   0.00164
  21.55685,   0.06229,   0.00159
  21.01888,  -0.14852,   0.00127
  21.20793,  -0.37559,   0.00100
  22.70949,  -0.51690,   0.00093
  25.59201,  -0.44844,   0.00097
  27.65139,  -0.26318,   0.00122
  28.94793,   0.04381,   0.00163
  29.13176,   0.14795,   0.00179
  28.71851,   0.10058,   0.00182
  28.22659,  -0.10736,   0.00149
  27.47882,  -0.27768,   0.00113
  27.52547,  -0.24407,   0.00119
  26.30281,  -0.29475,   0.00097
  26.59815,  -0.31325,   0.00098
  27.45561,  -0.37953,   0.00108
  27.77801,  -0.45880,   0.00106
  28.48973,  -0.40813,   0.00124
  27.97640,  -0.26467,   0.00152
  27.24941,  -0.19013,   0.00164
  25.60031,  -0.18359,   0.00174
  24.01166,  -0.27129,   0.00159
  23.35468,  -0.45123,   0.00171
  23.96467,  -0.52474,   0.00198
  24.72316,  -0.34717,   0.00247
  26.14992,  -0.10099,   0.00281
  26.71160,   0.07925,   0.00293
  25.79023,  -0.02021,   0.00266
  25.26762,  -0.16159,   0.00211
  26.11176,  -0.36290,   0.00142
  26.56371,  -0.37759,   0.00101
  27.46555,  -0.25125,   0.00088
  28.92987,  -0.20412,   0.00076
  29.77230,  -0.11507,   0.00098
  30.36406,  -0.12313,   0.00115
  31.30476,  -0.03186,   0.00154
  31.21310,  -0.02213,   0.00149
  30.73369,   0.04406,   0.00139
  30.28308,   0.11137,   0.00157
  28.97586,   0.00818,   0.00129
  28.71686,  -0.16488,   0.00110
  29.75198,  -0.30980,   0.00100
  31.41096,  -0.31395,   0.00095
  32.99454,  -0.18396,   0.00106
  33.42199,   0.04305,   0.00127
  32.36623,   0.14600,   0.00131
  30.15315,   0.01883,   0.00096
  27.97168,  -0.10441,   0.00064
  26.73198,  -0.32027,   0.00041
  26.58461,  -0.39754,   0.00035
  26.85303,  -0.21863,   0.00061
  26.60766,  -0.11664,   0.00079
  27.41648,  -0.07585,   0.00089
  28.02929,  -0.13772,   0.00082
  28.45633,  -0.23123,   0.00069
  28.44962,  -0.28482,   0.00042
  28.30086,  -0.24796,   0.00024
  29.19689,  -0.23658,   0.00012
  33.64089,  -0.32508,   0.00046
  30.20385,  -0.29873,  -0.00003
  31.38597,  -0.36486,   0.00010
  32.85909,  -0.30304,   0.00030
  33.60856,  -0.06250,   0.00092
  33.13033,   0.10199,   0.00081
  31.63190,   0.10507,   0.00038
  30.24331,  -0.08984,  -0.00026
  29.21002,  -0.35303,  -0.00098
  29.29278,  -0.52206,  -0.00140
  30.99379,  -0.49512,  -0.00161
  32.34774,  -0.23707,  -0.00133
  32.68433,  -0.00277,  -0.00091
  32.05511,   0.06056,  -0.00090
  30.44611,  -0.01873,  -0.00075
  28.70509,  -0.15002,  -0.00070
  28.48746,  -0.07715,  -0.00034
  27.56449,  -0.05326,  -0.00013
  27.35773,   0.00262,   0.00012
  26.84277,  -0.00849,   0.00037
  28.21280,  -0.03610,   0.00056
  30.17424,  -0.03212,   0.00064
  32.08301,   0.00328,   0.00067
  32.81745,   0.17280,   0.00059
  32.35826,   0.28983,   0.00035
  32.41029,   0.17375,  -0.00033
  31.48523,   0.02336,  -0.00074
  31.74279,  -0.18022,  -0.00106
  33.45793,  -0.14357,  -0.00108
  35.14331,  -0.00414,  -0.00086
  36.33920,   0.20136,  -0.00057
  35.66471,   0.31432,  -0.00008
  34.68251,   0.22622,  -0.00024
  34.17911,   0.07815,  -0.00048
  33.35496,  -0.14222,  -0.00094
  33.15399,  -0.23163,  -0.00118
  33.30663,  -0.24441,  -0.00126
  33.90423,  -0.12514,  -0.00098
  34.43321,  -0.05040,  -0.00065
  34.16930,  -0.02123,  -0.00069
  33.69215,  -0.05389,  -0.00044
  32.92349,  -0.03580,  -0.00023
  31.39301,   0.11248,   0.00011
  29.74273,   0.11184,   0.00001
  28.28629,   0.00982,  -0.00021
  26.68422,  -0.12673,  -0.00057
  27.54693,  -0.28672,  -0.00074
  29.61405,  -0.28188,  -0.00075
  31.25598,  -0.16742,  -0.00060
  32.46957,   0.07840,  -0.00037
  32.12034,   0.19390,  -0.00031
  31.97894,   0.08384,  -0.00067
  31.31240,  -0.12520,  -0.00088
  31.35374,  -0.26996,  -0.00096
  32.79989,  -0.17976,  -0.00059
  34.57867,  -0.02872,  -0.00019
  36.27258,   0.13857,   0.00027
  36.41749,   0.19115,   0.00077
  37.00995,   0.10488,   0.00069
  37.19980,   0.00165,   0.00036
  37.78996,  -0.05876,   0.00017
  37.13365,  -0.02859,  -0.00019
  36.33480,   0.00491,  -0.00049
  35.50613,  -0.15877,  -0.00118
  35.80355,  -0.26698,  -0.00129
  36.26127,  -0.26271,  -0.00136
  36.89266,  -0.20054,  -0.00101
  36.64224,  -0.03771,  -0.00058
  34.40881,   0.14165,  -0.00006
  32.19366,   0.08615,  -0.00004
  30.15671,  -0.13980,  -0.00023
  28.77426,  -0.34095,  -0.00039
  29.19475,  -0.50804,  -0.00049
  30.53386,  -0.48863,  -0.00038
  32.75167,  -0.28361,  -0.00009
  42.96208,  -0.16760,  -0.00033
  42.69448,  -0.11141,  -0.00030
  42.89851,  -0.22193,  -0.00062
  42.30341,  -0.32746,  -0.00103
  42.56498,  -0.32331,  -0.00123
  41.84503,  -0.22969,  -0.00151
  41.30381,  -0.17638,  -0.00166
  41.23648,  -0.21710,  -0.00180
  40.92481,  -0.31238,  -0.00172
  41.97526,  -0.38438,  -0.00187
  43.33073,  -0.33110,  -0.00179
  43.45127,  -0.17688,  -0.00201
  42.38096,  -0.10304,  -0.00230
  40.50488,  -0.18936,  -0.00278
  30.47487,  -0.37081,  -0.00260
  30.17180,  -0.54446,  -0.00270
  30.85433,  -0.55145,  -0.00247
  31.24691,  -0.31534,  -0.00181
  31.66605,  -0.06016,  -0.00107
  31.12735,   0.08078,  -0.00054
  28.70140,   0.08620,  -0.00024
  27.62986,  -0.11046,  -0.00049
  26.94043,  -0.27140,  -0.00084
  26.81020,  -0.30607,  -0.00101
  27.33234,  -0.21056,  -0.00112
  28.41018,  -0.08766,  -0.00108
  28.84039,  -0.14704,  -0.00145
  30.51639,  -0.16372,  -0.00145
  31.94942,  -0.15688,  -0.00147
  33.14623,  -0.02516,  -0.00130
  32.53107,   0.06503,  -0.00124
  31.35389,   0.07586,  -0.00127
  30.58641,   0.00802,  -0.00128
  30.65381,  -0.24665,  -0.00142
  32.22778,  -0.44247,  -0.00141
  34.17807,  -0.37825,  -0.00099
  36.29417,  -0.17046,  -0.00063
  36.79152,   0.06589,  -0.00029
  36.23283,   0.04844,  -0.00045
  34.81992,  -0.06324,  -0.00086
  33.72725,  -0.26238,  -0.00134
  34.28970,  -0.36457,  -0.00180
  34.09319,  -0.31222,  -0.00163
  33.92853,  -0.14727,  -0.00124
  33.15833,  -0.02671,  -0.00098
  32.21483,   0.04140,  -0.00069
  31.76653,  -0.05102,  -0.00059
  31.32929,  -0.14087,  -0.00066
  31.13882,  -0.12729,  -0.00061
  30.02224,  -0.07435,  -0.00068
  29.10990,  -0.03434,  -0.00071
  29.42062,  -0.15546,  -0.00093
  30.97970,  -0.27052,  -0.00109
  32.82227,  -0.27103,  -0.00081
  34.70197,  -0.11727,  -0.00037
  36.44457,   0.11024,   0.00015
  35.83562,   0.29577,   0.00043
  34.28403,   0.28874,   0.00035
  41.82423,   0.15365,  -0.00042
  41.76430,  -0.04733,  -0.00082
  42.67184,  -0.12947,  -0.00096
  44.14680,  -0.05120,  -0.00103
  50.62715,   0.52239,  -0.00102
  50.59076,   0.56254,  -0.00100
  44.69009,   0.02898,  -0.00121
  44.44331,  -0.10985,  -0.00161
  37.28474,  -0.14640,  -0.00154
  35.90632,  -0.19265,  -0.00169
  34.30797,  -0.17785,  -0.00163
  32.54372,  -0.15910,  -0.00147
  32.01647,  -0.22696,  -0.00117
  32.17652,  -0.32921,  -0.00087
  31.80299,  -0.30394,  -0.00042
  31.66444,  -0.26022,   0.00007
  31.37586,  -0.16419,   0.00022
  30.25652,  -0.11505,   0.00016
  28.32558,  -0.27452,  -0.00031
  27.59338,  -0.47832,  -0.00076
  27.85760,  -0.65898,  -0.00108
  29.00661,  -0.67871,  -0.00132
  35.17861,  -0.37387,  -0.00109
  35.59276,  -0.15108,  -0.00072
  35.03211,  -0.04606,  -0.00051
  34.22472,  -0.06110,  -0.00047
  33.44514,  -0.22745,  -0.00083
  33.08889,  -0.38131,  -0.00124
  33.59950,  -0.38198,  -0.00129
  33.95753,  -0.31237,  -0.00133
  34.18471,  -0.30257,  -0.00125
  35.02172,  -0.30553,  -0.00110
  39.50342,  -0.48507,  -0.00144
  40.66198,  -0.46351,  -0.00130
  41.41943,  -0.38397,  -0.00114
  40.14648,  -0.24066,  -0.00102
  38.15203,  -0.17941,  -0.00101
  36.18224,  -0.26914,  -0.00126
  35.16968,  -0.44794,  -0.00125
  34.46177,  -0.50950,  -0.00100
  35.60248,  -0.46398,  -0.00066
  36.47483,  -0.26859,  -0.00025
  35.23939,  -0.12546,  -0.00001
  34.38500,  -0.08537,  -0.00009
  26.57105,  -0.23255,  -0.00028
  26.10913,  -0.42121,  -0.00068
  26.19794,  -0.53028,  -0.00088
  27.25533,  -0.49981,  -0.00099
  28.08350,  -0.34020,  -0.00058
  28.84184,  -0.21419,  -0.00008
  28.77559,  -0.18090,   0.00034
  29.36222,  -0.24500,   0.00056
  29.84862,  -0.30255,   0.00059
  30.39815,  -0.22796,   0.00088
  29.67024,  -0.15798,   0.00061
  29.05255,  -0.14790,   0.00025
  28.89555,  -0.34836,  -0.00026
  30.02253,  -0.48717,  -0.00050
  31.88003,  -0.51773,  -0.00064
  33.61319,  -0.41944,  -0.00076
  33.80543,  -0.17311,  -0.00065
  32.45413,  -0.00798,  -0.00059
  29.72761,   0.01516,  -0.00043
  27.93436,  -0.17213,  -0.00069
  26.89342,  -0.36333,  -0.00090
  26.65735,  -0.32723,  -0.00076
  27.02158,  -0.26127,  -0.00049
  26.68856,  -0.12624,  -0.00001
  27.18709,  -0.02836,   0.00034
  27.48730,  -0.04343,   0.00050
  27.40347,  -0.12303,   0.00037
  27.39787,  -0.17860,   0.00021
  39.21477,  -0.36484,  -0.00011
  39.02593,  -0.24892,  -0.00006
  39.15740,  -0.15684,   0.00004
  39.48131,  -0.15629,  -0.00001
  40.77531,  -0.20296,   0.00013
  42.23994,  -0.20719,   0.00028
  43.19874,  -0.04478,   0.00060
  43.66486,   0.06543,   0.00071
  43.05160,   0.10642,   0.00036
  42.26868,  -0.04612,  -0.00022
  42.74062,  -0.34048,  -0.00095
  43.93017,  -0.58227,  -0.00144
  45.77500,  -0.61380,  -0.00150
  47.53393,  -0.42881,  -0.00121
  36.23332,  -0.05462,  -0.00106
  35.90738,   0.01866,  -0.00069
  35.01462,  -0.01982,  -0.00058
  33.79887,  -0.20624,  -0.00066
  31.00608,  -0.22456,  -0.00042
  29.92618,  -0.26331,  -0.00045
  29.24089,  -0.22668,  -0.00039
  27.82175,  -0.23098,  -0.00040
  28.35426,  -0.27538,  -0.00036
  29.46138,  -0.35624,  -0.00043
  30.33263,  -0.38182,  -0.00066
  30.29572,  -0.27898,  -0.00074
  29.25224,  -0.15261,  -0.00082
  28.35412,  -0.16989,  -0.00123
  26.89147,  -0.26792,  -0.00143
  26.38359,  -0.44647,  -0.00158
  28.81694,  -0.46268,  -0.00142
  30.11798,  -0.39026,  -0.00112
  31.19203,  -0.17612,  -0.00043
  31.42695,   0.00136,  -0.00008
  30.98862,  -0.01185,   0.00006
  30.28937,  -0.14839,  -0.00032
  30.67642,  -0.33889,  -0.00080
  31.04489,  -0.40623,  -0.00122
  32.55774,  -0.41172,  -0.00142
  33.26213,  -0.24508,  -0.00128
  33.52262,  -0.12966,  -0.00105
  33.37083,  -0.11972,  -0.00093
  33.08489,  -0.16202,  -0.00086
  32.51224,  -0.18139,  -0.00090
  31.84320,  -0.08865,  -0.00072
  29.88007,  -0.06602,  -0.00079
  27.97567,  -0.12753,  -0.00092
  26.42686,  -0.26084,  -0.00108
  26.99334,  -0.42034,  -0.00119
  28.60752,  -0.48069,  -0.00115
  29.88355,  -0.37700,  -0.00084
  30.62794,  -0.24127,  -0.00045
  30.19491,  -0.12330,  -0.00012
  29.12816,  -0.17003,  -0.00005
  28.20074,  -0.32771,  -0.00028
  27.90292,  -0.50533,  -0.00040
  28.43873,  -0.55598,  -0.00031
  29.05724,  -0.41691,   0.00019
  30.24189,  -0.25542,   0.00058
  31.11229,  -0.18100,   0.00077
  31.05381,  -0.24877,   0.00075
  31.66527,  -0.36605,   0.00034
  32.10109,  -0.44587,  -0.00015
  32.72718,  -0.46501,  -0.00049
  32.65818,  -0.45364,  -0.00079
  32.56278,  -0.47347,  -0.00100
  33.79285,  -0.64489,  -0.00165
  34.68263,  -0.71536,  -0.00140
  35.59828,  -0.68183,  -0.00094
  36.23415,  -0.44277,  -0.00009
  35.41925,  -0.28398,   0.00036
  33.52064,  -0.23931,   0.00058
  31.20222,  -0.36717,   0.00053
  30.40546,  -0.60781,   0.00033
  30.83414,  -0.76674,   0.00029
  32.37075,  -0.69987,   0.00045
  33.85296,  -0.57032,   0.00060
  35.11576,  -0.32065,   0.00103
  35.43157,  -0.20268,   0.00127
  34.98563,  -0.28179,   0.00097
  34.26106,  -0.39707,   0.00083
  33.41232,  -0.46381,   0.00074
  33.42694,  -0.41651,   0.00081
  33.22073,  -0.37422,   0.00088
  33.42228,  -0.37714,   0.00097
  33.73197,  -0.47769,   0.00100
  34.98900,  -0.44418,   0.00126
  36.67572,  -0.44358,   0.00124
  37.66035,  -0.35572,   0.00124
  38.14766,  -0.32813,   0.00122
  37.82691,  -0.38421,   0.00083
  37.12257,  -0.51467,   0.00054
  37.19201,  -0.68505,   0.00031
  38.28974,  -0.73899,   0.00021
  51.44649,  -0.66568,  -0.00001
  51.43984,  -0.47073,   0.00052
  39.02396,  -0.33068,   0.00132
  37.49300,  -0.36302,   0.00115
  35.83841,  -0.54682,   0.00068
  34.10809,  -0.73210,   0.00020
  33.23453,  -0.84517,  -0.00027
  32.61697,  -0.86799,  -0.00066
  33.03275,  -0.75619,  -0.00063
  33.53899,  -0.67708,  -0.00046
  33.37915,  -0.69069,  -0.00055
  33.42516,  -0.73536,  -0.00040
  33.53044,  -0.66703,  -0.00004
  32.64660,  -0.61281,   0.00013
  31.43618,  -0.54497,   0.00022
  30.29354,  -0.55626,   0.00029
  29.21141,  -0.68620,   0.00025
  30.35400,  -0.85549,   0.00017
  32.68607,  -0.87407,   0.00015
  35.28653,  -0.67775,   0.00038
  37.51962,  -0.49198,   0.00037
  37.98180,  -0.31419,   0.00020
  37.31523,  -0.34298,  -0.00023
  36.90920,  -0.57330,  -0.00096
  37.06251,  -0.69704,  -0.00142
  37.14116,  -0.72691,  -0.00156
  37.63683,  -0.60427,  -0.00131
  37.59832,  -0.43853,  -0.00086
  50.05519,  -0.19055,  -0.00078
  49.55621,  -0.28566,  -0.00064
  49.70464,  -0.43868,  -0.00077
  50.41219,  -0.48495,  -0.00072
  50.06849,  -0.48234,  -0.00084
  49.53189,  -0.42091,  -0.00086
  48.58792,  -0.48436,  -0.00117
  49.05977,  -0.53519,  -0.00104
  50.45649,  -0.58826,  -0.00081
  51.39975,  -0.50471,  -0.00057
  52.31179,  -0.31174,  -0.00014
  52.08028,  -0.07588,   0.00027
  50.09667,  -0.03021,   0.00021
  48.16962,  -0.17238,  -0.00014
  48.58630,  -0.39037,  -0.00059
  49.71638,  -0.60581,  -0.00107
  51.82120,  -0.58785,  -0.00120
  53.29384,  -0.43942,  -0.00108
  53.75297,  -0.21211,  -0.00087
  53.29098,  -0.13381,  -0.00083
  53.95560,  -0.25252,  -0.00118
  54.23576,  -0.37118,  -0.00149
  50.98624,  -0.44420,  -0.00141
  50.11742,  -0.34085,  -0.00130
  49.13095,  -0.22422,  -0.00100
  48.72691,  -0.19523,  -0.00067
  48.43067,  -0.28608,  -0.00040
  48.70797,  -0.36936,  -0.00022
  48.79390,  -0.28525,   0.00014
  48.47603,  -0.12060,   0.00014
  47.10063,   0.01764,  -0.00006
  45.60788,  -0.07511,  -0.00067
  44.33284,  -0.25100,  -0.00109
  43.84090,  -0.46361,  -0.00172
  44.88615,  -0.51457,  -0.00165
  46.20822,  -0.35680,  -0.00117
  45.78376,  -0.09762,  -0.00056
  45.00280,   0.04656,  -0.00008
  35.82702,   0.09502,   0.00036
  34.68254,  -0.12547,   0.00018
  33.99655,  -0.35721,  -0.00007
  34.44460,  -0.38449,   0.00015
  35.33947,  -0.34561,   0.00015
  37.15708,  -0.23585,   0.00031
  38.44518,  -0.31950,   0.00023
  40.59879,  -0.35458,   0.00021
  42.08305,  -0.40244,   0.00012
  43.66509,  -0.34664,   0.00016
  42.74010,  -0.26582,   0.00005
  40.81040,  -0.22717,  -0.00016
  39.04055,  -0.33858,  -0.00050
  37.69914,  -0.56945,  -0.00090
  37.09104,  -0.74912,  -0.00097
  38.01961,  -0.83668,  -0.00091
  37.89174,  -0.66457,  -0.00049
  38.06089,  -0.44949,  -0.00028
  35.00861,  -0.39162,  -0.00023
  33.34010,  -0.50177,  -0.00043
  31.91638,  -0.71402,  -0.00074
  31.79518,  -0.85654,  -0.00114
  31.93724,  -0.83861,  -0.00095
  32.42667,  -0.65980,  -0.00036
  32.12353,  -0.46287,   0.00017
  31.97118,  -0.36743,   0.00076
  31.58333,  -0.41232,   0.00102
  31.09402,  -0.45397,   0.00126
  30.67798,  -0.46511,   0.00109
  30.00368,  -0.38920,   0.00086
  29.65391,  -0.45364,   0.00041
  29.83542,  -0.49137,   0.00001
  31.02708,  -0.60576,  -0.00032
  33.14950,  -0.70740,  -0.00069
  34.90207,  -0.61348,  -0.00066
  35.66333,  -0.37717,  -0.00043
  36.03640,  -0.19818,  -0.00011
  34.28927,  -0.17219,  -0.00006
  32.42969,  -0.35162,  -0.00024
  31.50145,  -0.53095,  -0.00030
  31.46113,  -0.68761,  -0.00044
  32.58958,  -0.65405,  -0.00025
  32.31224,  -0.55446,   0.00033
  32.90575,  -0.38475,   0.00073
  32.68996,  -0.35955,   0.00081
  31.68374,  -0.49677,   0.00044
  30.90456,  -0.61548,   0.00005
  29.76599,  -0.64554,  -0.00023
  29.02707,  -0.58957,  -0.00052
  28.30159,  -0.50641,  -0.00042
  28.06693,  -0.50709,  -0.00024
  27.04746,  -0.46808,  -0.00008
  27.74751,  -0.50969,   0.00008
  28.40464,  -0.45563,   0.00023
  28.29492,  -0.28077,   0.00069
  27.79943,  -0.19016,   0.00058
  27.02588,  -0.25388,   0.00025
  26.95057,  -0.50216,  -0.00027
  27.87655,  -0.67458,  -0.00054
  30.02883,  -0.66717,  -0.00048
  32.79678,  -0.47610,  -0.00014
  34.32649,  -0.20400,   0.00042
  34.38069,  -0.00552,   0.00080
  33.49834,  -0.02268,   0.00078
  32.94062,  -0.09456,   0.00075
  32.12520,  -0.25196,   0.00034
  31.83509,  -0.28310,   0.00008
  31.48127,  -0.23834,   0.00016
  31.99205,  -0.17424,   0.00020
  32.90820,  -0.17763,   0.00020
  33.28519,  -0.23740,  -0.00012
  34.13639,  -0.25755,  -0.00023
  34.39386,  -0.18523,  -0.00022
  34.58815,  -0.06617,  -0.00028
  32.79314,  -0.01910,  -0.00013
  31.28523,  -0.10068,  -0.00003
  30.74241,  -0.19714,  -0.00013
  31.22729,  -0.33370,   0.00008
  32.67571,  -0.31978,   0.00053
  33.44762,  -0.10302,   0.00132
  34.22256,   0.10839,   0.00178
  33.86336,   0.17749,   0.00184
  33.32215,  -0.01485,   0.00137
  33.02238,  -0.23462,   0.00067
  33.59499,  -0.37744,   0.00005
  36.12360,  -0.36002,  -0.00039
  38.81839,  -0.19542,  -0.00033
  39.63605,  -0.06470,  -0.00024
  39.74551,  -0.04348,  -0.00018
  40.28041,  -0.01945,  -0.00006
  39.52531,  -0.08659,  -0.00022
  38.40585,  -0.09078,  -0.00047
  37.75772,   0.00135,  -0.00045
  36.25905,  -0.03701,  -0.00075
  35.29951,  -0.16227,  -0.00094
  35.28888,  -0.35419,  -0.00119
  36.16816,  -0.40954,  -0.00104
  37.38939,  -0.29181,  -0.00072
  36.74241,  -0.13512,  -0.00059
  35.68179,   0.05458,  -0.00028
  33.52771,   0.07954,  -0.00022
  31.67402,  -0.02338,  -0.00051
  30.20484,  -0.19599,  -0.00074
  29.86471,  -0.26479,  -0.00083
  29.68832,  -0.18297,  -0.00058
  30.53861,  -0.00256,  -0.00034
  31.01277,   0.11344,  -0.00017
  30.40727,   0.04849,  -0.00028
  30.45852,  -0.05578,  -0.00069
  30.59138,  -0.13339,  -0.00120
  32.37281,  -0.14062,  -0.00153
  32.49685,  -0.07036,  -0.00167
  32.71721,  -0.03058,  -0.00164
  33.26201,  -0.13564,  -0.00169
  34.29425,  -0.21006,  -0.00139
  35.72249,  -0.08552,  -0.00065
  36.74232,   0.03816,  -0.00033
  36.93439,   0.20084,  -0.00012
  35.50206,   0.28546,   0.00013
  33.88857,   0.14103,  -0.00035
  32.83799,  -0.15447,  -0.00095
  32.32174,  -0.45402,  -0.00149
  33.59101,  -0.51715,  -0.00162
  35.67197,  -0.33187,  -0.00141
  35.55280,  -0.17038,  -0.00138
  35.07460,  -0.03484,  -0.00105
  33.67988,  -0.01824,  -0.00120
  31.75937,  -0.20203,  -0.00125
  29.87319,  -0.35626,  -0.00130
  28.63692,  -0.23284,  -0.00102
  28.28834,  -0.19096,  -0.00079
  28.65164,  -0.16030,  -0.00045
  28.48015,  -0.13146,   0.00005
  29.75252,  -0.18129,   0.00030
  31.25832,  -0.18122,   0.00045
  33.07957,  -0.15503,   0.00049
  33.17445,   0.01495,   0.00051
  32.48531,   0.12242,   0.00032
  32.59636,  -0.02559,  -0.00027
  32.69689,  -0.15782,  -0.00045
  33.85426,  -0.20392,  -0.00046
  35.72243,  -0.06755,  -0.00013
  36.97499,   0.15727,   0.00024
  37.03356,   0.34675,   0.00048
  35.93348,   0.35401,   0.00052
  34.54268,   0.18558,   0.00003
  33.59490,  -0.03690,  -0.00058
  34.22782,  -0.17194,  -0.00101
  34.71767,  -0.13834,  -0.00104
  35.51137,   0.00920,  -0.00070
  35.50333,   0.04399,  -0.00060
  35.43112,   0.06587,  -0.00018
  35.10178,   0.02107,   0.00012
  34.77018,   0.08168,   0.00045
  33.77166,   0.12055,   0.00061
  32.16927,   0.15926,   0.00067
  47.23635,   0.15339,   0.00070
  46.13798,   0.00644,   0.00043
  28.74591,  -0.19122,   0.00028
  30.71949,  -0.25299,   0.00023
  33.02082,  -0.15511,   0.00025
  33.91406,   0.01175,   0.00027
  34.03441,   0.09775,   0.00005
  33.07968,   0.05166,  -0.00032
  32.05938,  -0.16039,  -0.00086
  32.24452,  -0.35045,  -0.00141
  34.02800,  -0.38095,  -0.00144
  35.00604,  -0.29481,  -0.00128
  36.40953,  -0.12859,  -0.00097
  35.85366,  -0.03564,  -0.00049
  36.00254,  -0.11198,  -0.00047
  35.97236,  -0.19714,  -0.00035
  35.51482,  -0.29860,  -0.00075
  34.88376,  -0.27863,  -0.00114
  34.27476,  -0.28091,  -0.00141
  33.61911,  -0.23532,  -0.00155
  33.23335,  -0.34391,  -0.00214
  33.98046,  -0.39235,  -0.00206
  34.66993,  -0.34686,  -0.00178
  34.73196,  -0.09802,  -0.00140
  33.53383,   0.09224,  -0.00118
  30.89877,   0.22316,  -0.00107
  28.58447,   0.05936,  -0.00132
  27.17778,  -0.25733,  -0.00170
  26.81119,  -0.42261,  -0.00190
  28.48036,  -0.43127,  -0.00182
  57.82349,   0.01292,  -0.00053
  58.24972,   0.19065,  -0.00015
  58.24386,   0.29628,   0.00011
  58.20654,   0.24670,   0.00005
  58.88240,   0.18106,  -0.00005
  59.11839,   0.11355,  -0.00015
  58.95108,   0.11923,  -0.00019
  58.73937,   0.17792,  -0.00010
  58.37438,   0.19411,  -0.00005
  58.46573,   0.15391,  -0.00006
  58.73008,   0.09574,  -0.00007
  59.23579,   0.06351,  -0.00018
  39.15942,  -0.06811,  -0.00112
  37.93457,   0.06540,  -0.00138
  35.67567,   0.04751,  -0.00179
  34.64749,  -0.23678,  -0.00275
  33.89910,  -0.47536,  -0.00302
  34.12668,  -0.57300,  -0.00292
  34.94247,  -0.40402,  -0.00252
  34.63193,  -0.12167,  -0.00170
  34.01027,   0.08894,  -0.00105
  32.22809,   0.08641,  -0.00070
  30.08410,  -0.03192,  -0.00057
  28.61226,  -0.30514,  -0.00081
  27.75580,  -0.43080,  -0.00101
  28.30878,  -0.31526,  -0.00087
  28.60759,  -0.24560,  -0.00093
  29.95529,  -0.09746,  -0.00067
  30.91848,  -0.16972,  -0.00099
  32.17633,  -0.16321,  -0.00106
  34.13169,  -0.07000,  -0.00108
  33.62936,   0.05703,  -0.00111
  33.18243,   0.17938,  -0.00099
  31.50754,   0.10673,  -0.00120
  39.35058,   0.01271,  -0.00151
  40.46759,  -0.23246,  -0.00164
  42.56031,  -0.34077,  -0.00151
  44.69846,  -0.18226,  -0.00081
  46.06616,   0.06417,  -0.00037
  45.81645,   0.15250,  -0.00018
  44.66575,   0.08972,  -0.00032
  43.64737,  -0.14986,  -0.00065
  43.87232,  -0.36989,  -0.00104
  43.86267,  -0.41991,  -0.00083
  43.81399,  -0.27834,  -0.00042
  44.10727,  -0.08144,   0.00018
  42.55776,   0.02187,   0.00061
  42.02825,  -0.06226,   0.00081
  44.84793,  -0.21462,   0.00127
  44.60376,  -0.31072,   0.00116
  41.25957,  -0.39953,   0.00049
  40.53068,  -0.40151,   0.00036
  40.37848,  -0.44572,   0.00022
  40.58044,  -0.65365,  -0.00027
  41.74574,  -0.72578,  -0.00038
  43.65210,  -0.69340,  -0.00002
  45.31347,  -0.51456,   0.00048
  46.30117,  -0.26225,   0.00098
  45.81002,  -0.15208,   0.00119
  43.97201,  -0.28765,   0.00092
  43.67457,  -0.53174,   0.00058
  43.95575,  -0.78268,   0.00027
  34.75637,  -0.90914,   0.00056
  36.70474,  -0.66737,   0.00077
  37.85392,  -0.39531,   0.00094
  37.90255,  -0.47798,   0.00064
  37.12669,  -0.55354,   0.00018
  36.01622,  -0.67469,  -0.00033
  33.55490,  -0.69338,  -0.00057
  32.24546,  -0.65553,  -0.00066
  30.78350,  -0.58794,  -0.00046
  28.96743,  -0.52542,  -0.00019
  28.52308,  -0.55815,   0.00014
  28.74051,  -0.60250,   0.00042
  29.43838,  -0.65823,   0.00067
  29.16413,  -0.55357,   0.00090
  27.99802,  -0.48667,   0.00111
  26.66735,  -0.48643,   0.00094
  25.54093,  -0.74613,   0.00040
  26.11337,  -0.95662,   0.00016
  27.72624,  -1.03732,   0.00001
  29.92975,  -0.86086,   0.00033
  41.32055,  -0.51010,   0.00068
  41.27269,  -0.24583,   0.00104
  39.97656,  -0.21396,   0.00096
  39.19885,  -0.33615,   0.00079
  38.64975,  -0.57230,   0.00008
  38.52857,  -0.73598,  -0.00050
  38.93390,  -0.76516,  -0.00063
  40.24170,  -0.70100,  -0.00073
  41.40519,  -0.67856,  -0.00074
  41.05057,  -0.76490,  -0.00087
  42.19321,  -0.80295,  -0.00086
  42.97241,  -0.80535,  -0.00089
  42.47266,  -0.71246,  -0.00084
  41.21070,  -0.58222,  -0.00066
  38.43563,  -0.56106,  -0.00074
  36.98520,  -0.74752,  -0.00066
  37.05672,  -0.95286,  -0.00041
  37.03751,  -0.84766,   0.00016
  37.59939,  -0.68187,   0.00089
  38.36645,  -0.36569,   0.00132
  37.92648,  -0.14456,   0.00135
  36.33469,  -0.24411,   0.00078
  35.75859,  -0.50941,  -0.00022
  35.97960,  -0.70309,  -0.00076
  37.35508,  -0.66593,  -0.00080
  39.84793,  -0.44718,  -0.00080
  41.24844,  -0.16926,  -0.00042
  41.94644,  -0.01155,   0.00016
  42.28960,  -0.05137,   0.00042
  43.30581,  -0.10635,   0.00053
  44.42076,  -0.11162,   0.00059
  44.88078,  -0.03546,   0.00065
  44.76786,  -0.02937,   0.00047
  45.36967,  -0.04969,   0.00024
  47.16666,  -0.26456,  -0.00011
  49.32347,  -0.34824,  -0.00012
  59.16010,   0.28959,   0.00073
  59.48194,   0.46274,   0.00098
  58.37415,   0.64225,   0.00114
  56.91647,   0.68534,   0.00100
  55.17687,   0.55155,   0.00069
  54.41738,   0.31189,   0.00031
  54.61188,   0.21104,   0.00020
  55.06317,   0.19049,   0.00030
  54.87750,   0.31047,   0.00058
  53.35201,   0.41225,   0.00087
  52.51323,   0.42846,   0.00092
  51.96911,   0.32916,   0.00079
  52.10154,   0.22265,   0.00051
  52.37737,   0.19190,   0.00042
  52.77096,   0.23558,   0.00026
  52.48369,   0.32269,   0.00039
  52.45550,   0.34647,   0.00051
  52.82661,   0.32320,   0.00059
  54.14074,   0.28695,   0.00075
  55.41086,   0.34064,   0.00088
  55.89976,   0.51451,   0.00128
  54.77700,   0.60677,   0.00097
  53.40508,   0.57897,   0.00039
  53.35566,   0.37953,  -0.00036
  53.94339,   0.16876,  -0.00105
  55.14837,   0.08354,  -0.00132
  55.86639,   0.17295,  -0.00123
  55.89388,   0.38130,  -0.00085
  54.96813,   0.48927,  -0.00054
  53.54771,   0.46610,  -0.00046
  52.31579,   0.30384,  -0.00056
  52.32472,   0.24992,  -0.00041
  52.05805,   0.16510,  -0.00036
  51.94872,   0.19629,  -0.00014
  51.00510,   0.26273,   0.00024
  51.14693,   0.27209,   0.00047
  51.57110,   0.22252,   0.00059
  51.53862,   0.17831,   0.00057
  52.29283,   0.19527,   0.00054
  52.18425,   0.30717,   0.00056
  51.33137,   0.38830,   0.00048
  50.65613,   0.30385,   0.00003
  50.60316,   0.14804,  -0.00021
  51.70170,  -0.00827,  -0.00033
  53.37728,   0.03685,   0.00000
  54.89377,   0.17048,   0.00039
  55.10933,   0.35018,   0.00071
  54.50848,   0.42688,   0.00097
  32.90251,  -0.18723,   0.00016
  32.53662,  -0.46134,  -0.00044
  32.96325,  -0.68369,  -0.00097
  34.53715,  -0.76756,  -0.00119
  35.93126,  -0.57754,  -0.00090
  36.75271,  -0.35428,  -0.00038
  36.57537,  -0.28480,  -0.00013
  36.23212,  -0.30019,   0.00009
  35.69079,  -0.35329,   0.00008
  34.89031,  -0.27276,   0.00017
  33.06100,  -0.19963,   0.00022
  30.90553,  -0.19304,   0.00011
  29.42197,  -0.28498,  -0.00003
  28.48002,  -0.43268,  -0.00031
  29.77524,  -0.50365,  -0.00027
  31.42955,  -0.41771,  -0.00007
  32.44185,  -0.26555,   0.00020
  31.91221,  -0.03762,   0.00054
  30.45990,   0.02062,   0.00062
  29.78601,  -0.15226,   0.00033
  29.41508,  -0.40446,  -0.00044
  30.12915,  -0.45653,  -0.00027
  31.18785,  -0.33480,   0.00042
  32.93832,  -0.08840,   0.00108
  34.51676,   0.12084,   0.00165
  34.51085,   0.08614,   0.00201
  35.49852,  -0.03130,   0.00171
  36.38373,  -0.14277,   0.00120
  38.15779,  -0.22222,   0.00084
  37.97270,  -0.14861,   0.00052
  37.78932,  -0.10304,   0.00025
  37.84688,  -0.26284,  -0.00034
  38.75395,  -0.37274,  -0.00037
  39.50740,  -0.28804,  -0.00014
  40.27197,  -0.20385,   0.00014
  39.78808,  -0.05570,   0.00041
  37.39727,   0.08603,   0.00079
  34.93209,  -0.07330,   0.00064
  33.27478,  -0.36396,   0.00040
  31.77175,  -0.58902,   0.00020
  32.66462,  -0.68955,   0.00038
  34.59220,  -0.53898,   0.00081
  35.51431,  -0.35796,   0.00110
  36.14438,  -0.12797,   0.00149
  35.45309,  -0.13749,   0.00135
  34.40836,  -0.25087,   0.00114
  33.77039,  -0.32543,   0.00107
  33.18014,  -0.33605,   0.00092
  32.96384,  -0.24890,   0.00090
  32.78992,  -0.17686,   0.00094
  33.79172,  -0.17714,   0.00097
  35.44259,  -0.24140,   0.00087
  37.42332,  -0.29247,   0.00082
  38.60162,  -0.22801,   0.00054
  38.42460,  -0.07648,   0.00031
  38.70893,  -0.09466,  -0.00006
  37.40079,  -0.17549,  -0.00034
  37.06252,  -0.36354,  -0.00052
  38.60181,  -0.43381,  -0.00053
  39.89227,  -0.36752,  -0.00015
  40.74264,  -0.13769,   0.00047
  40.11619,   0.12337,   0.00129
  38.44511,   0.19458,   0.00148
  36.57331,   0.06812,   0.00122
  35.15186,  -0.13314,   0.00088
  34.43262,  -0.29308,   0.00041
  34.57723,  -0.35252,  -0.00003
  34.92118,  -0.23537,  -0.00005
  35.22475,  -0.11528,   0.00008
  35.07607,  -0.12902,  -0.00009
  35.18271,  -0.15964,  -0.00000
  35.01431,  -0.19769,   0.00001
  34.94662,  -0.11986,   0.00020
  33.55093,  -0.06726,   0.00025
  31.92055,  -0.07180,   0.00024
  30.93740,  -0.13857,   0.00026
  31.52475,  -0.29794,   0.00017
  33.43687,  -0.37754,   0.00019
  35.53951,  -0.31741,   0.00054
  36.93093,  -0.09587,   0.00077
  36.87149,   0.11194,   0.00077
  36.49266,   0.03983,   0.00036
  35.20648,  -0.11486,  -0.00017
  34.50165,  -0.31847,  -0.00066
  35.18834,  -0.37552,  -0.00092
  35.30523,  -0.27957,  -0.00082
  47.64206,  -0.14544,  -0.00051
  47.19424,  -0.01380,  -0.00017
  46.17549,  -0.03588,  -0.00007
  44.95979,  -0.08335,   0.00002
  43.95801,  -0.21796,  -0.00025
  43.03240,  -0.25960,  -0.00040
  42.69562,  -0.23986,  -0.00053
  42.64974,  -0.18183,  -0.00037
  43.30284,  -0.17185,  -0.00012
  44.02540,  -0.20758,  -0.00004
  45.56108,  -0.17388,   0.00048
  46.60794,  -0.01278,   0.00113
  47.00223,   0.24822,   0.00176
  45.71683,   0.36627,   0.00200
  44.03040,   0.30549,   0.00189
  43.41625,   0.15350,   0.00166
  44.14917,  -0.05542,   0.00132
  45.96658,  -0.12260,   0.00120
  47.66409,  -0.07817,   0.00124
  49.31262,   0.13656,   0.00144
  50.03429,   0.26927,   0.00147
  50.77862,   0.15037,   0.00103
  50.90978,  -0.00496,   0.00069
  50.97656,  -0.16056,   0.00044
  52.05911,  -0.17126,   0.00039
  51.74363,  -0.13668,   0.00063
  51.33102,  -0.10349,   0.00095
  49.88300,  -0.10392,   0.00143
  49.49404,  -0.20526,   0.00173
  49.53500,  -0.26486,   0.00189
  49.30008,  -0.19151,   0.00212
  48.15234,  -0.08947,   0.00213
  46.65305,  -0.04953,   0.00190
  45.52021,  -0.24489,   0.00122
  45.01736,  -0.40558,   0.00090
  45.58393,  -0.52114,   0.00081
  32.88408,  -0.43204,   0.00067
  33.37711,  -0.19170,   0.00104
  33.18511,   0.04629,   0.00136
  31.40344,   0.10421,   0.00159
  29.73011,  -0.05672,   0.00137
  28.29768,  -0.29669,   0.00097
  28.25874,  -0.39001,   0.00088
  28.48892,  -0.38582,   0.00074
  29.52228,  -0.27242,   0.00085
  30.80517,  -0.29276,   0.00089
  32.79846,  -0.23878,   0.00101
  34.16214,  -0.24463,   0.00100
  36.11826,  -0.20993,   0.00111
  35.53583,  -0.12228,   0.00105
  34.01553,  -0.02553,   0.00092
  32.33568,  -0.03650,   0.00082
  31.31355,  -0.17750,   0.00061
  31.04125,  -0.37201,   0.00047
  30.10456,  -0.40869,   0.00063
  31.26669,  -0.33426,   0.00069
  32.02204,  -0.13875,   0.00077
  30.79685,  -0.04530,   0.00072
  29.70837,  -0.09199,   0.00048
  28.33541,  -0.30676,   0.00011
  26.95967,  -0.53318,  -0.00048
  26.64812,  -0.65078,  -0.00046
  26.99605,  -0.57433,  -0.00013
  26.80509,  -0.36152,   0.00031
  27.78454,  -0.20441,   0.00090
  27.94015,  -0.22488,   0.00130
  26.42597,  -0.24273,   0.00175
  25.55436,  -0.37862,   0.00168
  24.82747,  -0.40714,   0.00146
  25.13579,  -0.40494,   0.00127
  25.55996,  -0.38768,   0.00102
  26.85640,  -0.43963,   0.00085
  28.31596,  -0.63931,   0.00032
  30.57536,  -0.58337,   0.00017
  31.85364,  -0.34772,   0.00021
  33.04409,  -0.09467,   0.00040
  31.45505,   0.04053,   0.00031
  30.10766,  -0.00410,   0.00006
  28.35732,  -0.29422,  -0.00028
  27.65156,  -0.54425,  -0.00045
  27.81018,  -0.51003,  -0.00012
  28.78734,  -0.35389,   0.00029
  29.94653,  -0.10678,   0.00083
  29.91876,  -0.04390,   0.00104
  29.34125,  -0.06953,   0.00107
  28.51109,  -0.17698,   0.00097
  28.87316,  -0.21343,   0.00081
  27.99560,  -0.14989,   0.00091
  27.84257,  -0.09601,   0.00082
  27.88753,  -0.00819,   0.00113
  28.46675,  -0.01629,   0.00142
  28.46734,  -0.00674,   0.00161
  29.64162,   0.02045,   0.00179
  30.32985,   0.13062,   0.00181
  30.31518,   0.24409,   0.00188
  29.70541,   0.15511,   0.00140
  29.04560,  -0.03428,   0.00089
  29.37052,  -0.27529,   0.00047
  31.83317,  -0.45162,   0.00007
  34.17708,  -0.36314,   0.00024
  35.99920,  -0.09806,   0.00064
  36.89937,   0.09841,   0.00112
  44.21672,   0.23344,   0.00115
  43.18945,   0.10928,   0.00104
  33.11073,  -0.14108,   0.00129
  32.28866,  -0.29751,   0.00105
  31.78687,  -0.32275,   0.00099
  31.40084,  -0.26438,   0.00116
  31.03927,  -0.25175,   0.00105
  31.68958,  -0.27469,   0.00106
  32.09666,  -0.33405,   0.00089
  32.02426,  -0.32849,   0.00061
  32.34170,  -0.29964,   0.00027
  30.31152,  -0.23532,   0.00025
  28.21634,  -0.27907,   0.00019
  26.59176,  -0.36260,  -0.00009
  26.29780,  -0.56645,   0.00002
  27.03969,  -0.65237,   0.00031
  27.85333,  -0.44246,   0.00111
  28.95796,  -0.21370,   0.00159
  29.24826,  -0.05839,   0.00179
  28.64202,  -0.15527,   0.00172
  28.86059,  -0.37873,   0.00128
  29.13977,  -0.56778,   0.00091
  30.16230,  -0.58582,   0.00081
  33.03318,  -0.45375,   0.00080
  36.47236,  -0.22559,   0.00122
  37.93736,  -0.05440,   0.00148
  38.11774,  -0.06159,   0.00149
  37.81754,  -0.08830,   0.00152
  36.78642,  -0.18697,   0.00136
  35.26411,  -0.24109,   0.00103
  33.59970,  -0.27292,   0.00076
  32.43142,  -0.36410,   0.00049
  31.80847,  -0.56910,   0.00015
  32.91999,  -0.71569,   0.00012
  34.32544,  -0.71321,   0.00022
  35.26157,  -0.55055,   0.00063
  34.93351,  -0.33760,   0.00110
  33.59735,  -0.27790,   0.00121
  31.50488,  -0.37028,   0.00119
  29.56744,  -0.59833,   0.00109
  28.31847,  -0.72300,   0.00105
  28.26842,  -0.71793,   0.00126
  28.45648,  -0.61181,   0.00159
  29.83179,  -0.41312,   0.00191
  30.50995,  -0.31920,   0.00196
  30.13088,  -0.46756,   0.00158
  29.88944,  -0.61415,   0.00104
  29.37025,  -0.70132,   0.00050
  30.37739,  -0.74773,  -0.00003
  30.32616,  -0.66303,  -0.00022
  30.94112,  -0.61195,  -0.00021
  31.66759,  -0.63921,  -0.00019
  32.28941,  -0.67531,   0.00000
  32.85039,  -0.62814,   0.00021
  33.13441,  -0.41766,   0.00093
  32.27308,  -0.28256,   0.00097
  30.92002,  -0.27766,   0.00082
  29.66865,  -0.46345,   0.00062
  28.94031,  -0.70410,   0.00023
  29.93784,  -0.80932,   0.00011
  31.56998,  -0.70452,   0.00027
  32.87871,  -0.48569,   0.00056
  33.17830,  -0.24023,   0.00073
  32.77043,  -0.14773,   0.00087
  31.50736,  -0.26696,   0.00076
  29.84495,  -0.35295,   0.00055
  28.60653,  -0.48354,   0.00039
  27.63124,  -0.42077,   0.00051
  28.35788,  -0.35128,   0.00071
  29.69594,  -0.31814,   0.00096
  29.71583,  -0.35985,   0.00110
  31.49429,  -0.43451,   0.00116
  44.45623,  -0.28461,   0.00102
  45.81253,  -0.21472,   0.00104
  45.97867,  -0.12570,   0.00100
  46.27744,  -0.16618,   0.00071
  46.18781,  -0.26986,   0.00056
  47.18708,  -0.39674,   0.00053
  49.05223,  -0.36384,   0.00073
  50.79053,  -0.23722,   0.00098
  51.14706,  -0.06345,   0.00122
  49.96127,   0.03120,   0.00141
  48.21794,  -0.06216,   0.00100
  46.93888,  -0.28934,   0.00035
  47.05650,  -0.50712,  -0.00033
  47.72078,  -0.58043,  -0.00068
  48.21797,  -0.48202,  -0.00066
  47.96560,  -0.35577,  -0.00073
  47.23306,  -0.23284,  -0.00039
  46.51211,  -0.22796,  -0.00011
  46.57666,  -0.21246,   0.00000
  46.20191,  -0.25096,   0.00008
  45.23710,  -0.23309,   0.00016
  43.98001,  -0.16795,   0.00036
  43.00811,  -0.18879,   0.00039
  43.11141,  -0.28126,   0.00038
  43.83060,  -0.36797,   0.00029
  45.97887,  -0.31415,   0.00035
  47.60935,  -0.10710,   0.00044
  47.93310,   0.02765,   0.00038
  46.68925,   0.12445,   0.00014
  45.22275,   0.04178,  -0.00029
  45.26181,  -0.13983,  -0.00085
  45.34017,  -0.28427,  -0.00119
  46.03870,  -0.27857,  -0.00126
  46.84732,  -0.11858,  -0.00088
  46.68457,   0.01200,  -0.00061
  46.11356,   0.01362,  -0.00052
  45.65738,  -0.06792,  -0.00051
  45.87885,  -0.23134,  -0.00089
  46.57268,  -0.33465,  -0.00115
  46.33624,  -0.33882,  -0.00138
  45.58589,  -0.35959,  -0.00156
  45.07954,  -0.35696,  -0.00147
  44.90644,  -0.40140,  -0.00129
  44.40206,  -0.37825,  -0.00119
  44.84431,  -0.34327,  -0.00098
  44.44848,  -0.24102,  -0.00075
  42.46652,  -0.11119,  -0.00048
  40.17297,  -0.14849,  -0.00066
  38.39529,  -0.33304,  -0.00102
  37.34087,  -0.53085,  -0.00144
  38.64479,  -0.67308,  -0.00174
  40.85324,  -0.59671,  -0.00171
  41.81935,  -0.40504,  -0.00143
  42.12424,  -0.20289,  -0.00110
  42.27928,  -0.17180,  -0.00111
  41.91375,  -0.26802,  -0.00121
  41.97322,  -0.39037,  -0.00140
  43.67785,  -0.38628,  -0.00136
  44.01979,  -0.30594,  -0.00119
  43.98992,  -0.19236,  -0.00084
  43.91106,  -0.13680,  -0.00043
  44.18360,  -0.17133,  -0.00021
  34.30269,  -0.31424,   0.00001
  34.80585,  -0.27592,  -0.00003
  34.92929,  -0.21982,  -0.00004
  33.60704,  -0.11565,  -0.00023
  32.63783,  -0.26417,  -0.00099
  31.92026,  -0.43364,  -0.00130
  32.46799,  -0.58059,  -0.00170
  33.20697,  -0.58264,  -0.00139
  33.57192,  -0.34491,  -0.00068
  33.55180,  -0.09066,   0.00003
  32.38949,   0.01420,   0.00046
  30.21918,  -0.03283,   0.00064
  28.70847,  -0.31678,   0.00046
  27.85412,  -0.57606,   0.00024
  27.99757,  -0.67491,   0.00026
  29.40991,  -0.54709,   0.00053
  31.68096,  -0.33436,   0.00092
  33.33793,  -0.36280,   0.00083
  34.44481,  -0.36488,   0.00100
  34.58868,  -0.38947,   0.00102
  35.40279,  -0.35982,   0.00103
  34.21350,  -0.30919,   0.00080
  32.83444,  -0.29596,   0.00050
  31.75172,  -0.39151,   0.00012
  31.57474,  -0.59459,  -0.00014
  32.14786,  -0.76624,  -0.00025
  32.78331,  -0.73762,   0.00003
  33.74772,  -0.59040,   0.00011
  33.93741,  -0.40263,   0.00015
  33.20139,  -0.43228,  -0.00006
  31.53268,  -0.55871,  -0.00031
  30.28904,  -0.77006,  -0.00052
  30.14265,  -0.86063,  -0.00063
  30.06122,  -0.79592,  -0.00034
  30.39121,  -0.59296,   0.00018
  28.90522,  -0.40004,   0.00074
  28.69018,  -0.35275,   0.00111
  27.99448,  -0.44916,   0.00119
  26.31047,  -0.52842,   0.00121
  25.34085,  -0.58824,   0.00090
  24.76855,  -0.56215,   0.00063
  24.49886,  -0.64202,   0.00014
  25.41316,  -0.64570,   0.00004
  27.05608,  -0.69887,   0.00002
  42.41026,  -0.63716,   0.00032
  43.80392,  -0.55095,   0.00059
  44.26742,  -0.38243,   0.00091
  44.16363,  -0.22869,   0.00121
  42.72599,  -0.28039,   0.00107
  41.73040,  -0.50576,   0.00079
  41.95437,  -0.72209,   0.00065
  43.08035,  -0.82020,   0.00067
  44.59741,  -0.74132,   0.00092
  45.82858,  -0.54672,   0.00125
  46.13103,  -0.43653,   0.00133
  45.59723,  -0.43397,   0.00117
  45.09852,  -0.58899,   0.00072
  44.17929,  -0.74102,   0.00033
  30.21660,  -0.74746,  -0.00032
  28.98292,  -0.67296,  -0.00035
  27.78125,  -0.61120,  -0.00038
  27.52208,  -0.60918,  -0.00012
  26.23879,  -0.58052,   0.00015
  25.76458,  -0.65672,   0.00026
  25.17801,  -0.64585,   0.00027
  24.76350,  -0.55923,   0.00037
  23.93553,  -0.47849,   0.00022
  23.39986,  -0.51873,   0.00005
  23.58236,  -0.74292,  -0.00045
  24.37757,  -0.85144,  -0.00043
  25.80494,  -0.78198,  -0.00017
  28.06777,  -0.54970,   0.00028
  28.72873,  -0.22395,   0.00080
  28.24667,  -0.06658,   0.00101
  27.39202,  -0.09654,   0.00094
  26.35169,  -0.27620,   0.00045
  26.02465,  -0.39176,  -0.00005
  26.77226,  -0.34564,  -0.00018
  27.16923,  -0.32982,  -0.00042
  28.30825,  -0.20820,  -0.00038
  29.50643,  -0.19013,  -0.00032
  30.67045,  -0.22408,  -0.00054
  30.83555,  -0.23116,  -0.00072
  30.27078,  -0.17399,  -0.00080
  30.06411,  -0.06069,  -0.00071
  28.38134,  -0.06318,  -0.00068
  27.18887,  -0.17642,  -0.00058
  25.99069,  -0.22034,  -0.00038
  26.62177,  -0.31393,  -0.00005
  27.69896,  -0.27115,   0.00037
  27.46625,  -0.08512,   0.00100
  27.77320,   0.07502,   0.00123
  27.33936,   0.08733,   0.00116
  26.05226,  -0.12972,   0.00063
  25.78278,  -0.33699,  -0.00005
  26.01318,  -0.44710,  -0.00032
  26.94615,  -0.37655,  -0.00024
  28.52945,  -0.20858,  -0.00010
  29.19110,  -0.02178,   0.00021
  29.67934,  -0.00678,   0.00036
  29.43995,  -0.12829,   0.00024
  29.10396,  -0.15071,   0.00023
  28.85326,  -0.21266,   0.00017
  28.23692,  -0.23344,  -0.00010
  28.29982,  -0.23929,  -0.00022
  28.81103,  -0.35772,  -0.00041
  30.41379,  -0.43847,  -0.00030
  32.30060,  -0.44882,  -0.00010
  33.67749,  -0.27890,   0.00021
  33.42707,  -0.08131,   0.00054
  31.90491,   0.03613,   0.00075
  30.23919,  -0.00101,   0.00057
  28.30159,  -0.17876,   0.00037
  27.33445,  -0.35465,   0.00020
  27.09400,  -0.32379,   0.00027
  27.83703,  -0.20543,   0.00056
  28.53631,  -0.02238,   0.00093
  27.97250,   0.01603,   0.00103
  27.56626,  -0.02767,   0.00094
  27.00951,  -0.15750,   0.00061
  27.64921,  -0.28477,   0.00006
  27.25077,  -0.29701,  -0.00010
  27.21282,  -0.21951,   0.00005
  27.79153,  -0.19490,   0.00022
  28.72685,  -0.17843,   0.00057
  29.62996,  -0.20525,   0.00085
  30.04041,  -0.14079,   0.00137
  30.25850,  -0.07231,   0.00152
  29.78208,   0.00998,   0.00146
  29.05470,  -0.06876,   0.00135
  28.25772,  -0.21342,   0.00080
  27.97176,  -0.47012,   0.00010
  28.85942,  -0.61628,  -0.00033
  30.31772,  -0.59072,  -0.00048
  31.48408,  -0.44606,  -0.00042
  31.32692,  -0.25009,  -0.00021
  30.63925,  -0.18166,  -0.00031
  28.65181,  -0.32153,  -0.00048
  26.53993,  -0.54657,  -0.00080
  24.19338,  -0.59295,  -0.00081
  23.08314,  -0.62805,  -0.00087
  23.39472,  -0.56098,  -0.00068
  23.02917,  -0.49995,  -0.00029
  22.86333,  -0.48602,  -0.00001
  23.53117,  -0.56145,   0.00012
  23.75057,  -0.59541,   0.00012
  24.17889,  -0.55439,   0.00012
  23.51063,  -0.40511,   0.00013
  23.02507,  -0.33344,   0.00008
  22.71302,  -0.45011,  -0.00023
  22.29813,  -0.51755,  -0.00030
  23.48719,  -0.57142,  -0.00020
  25.02121,  -0.44897,   0.00006
  25.77744,  -0.20360,   0.00069
  26.43941,  -0.02770,   0.00084
  26.28728,  -0.05780,   0.00057
  26.17672,  -0.28808,   0.00007
  26.37197,  -0.54270,  -0.00053
  27.29671,  -0.65336,  -0.00080
  29.52434,  -0.60151,  -0.00074
  31.33349,  -0.36348,  -0.00022
  32.69885,  -0.17203,   0.00043
  32.75208,  -0.11873,   0.00083
  32.36588,  -0.21228,   0.00105
  31.42067,  -0.29799,   0.00111
  30.20694,  -0.19811,   0.00140
  28.79439,  -0.16532,   0.00137
  28.01812,  -0.19963,   0.00132
  27.02238,  -0.34180,   0.00108
  28.39149,  -0.46942,   0.00109
  29.66438,  -0.50854,   0.00100
  31.24130,  -0.36052,   0.00117
  32.02834,  -0.22206,   0.00117
  31.03339,  -0.09076,   0.00121
  29.45386,  -0.15204,   0.00103
  28.83032,  -0.33903,   0.00045
  28.60024,  -0.56957,   0.00026
  29.24609,  -0.63232,   0.00038
  30.67819,  -0.43173,   0.00096
  32.26093,  -0.21387,   0.00144
  32.80083,  -0.13804,   0.00184
  33.14906,  -0.20554,   0.00173
  34.66105,  -0.35009,   0.00152
  34.58393,  -0.41696,   0.00107
  34.27957,  -0.34938,   0.00076
  35.32501,  -0.35574,   0.00045
  35.22124,  -0.28560,   0.00045
  35.37817,  -0.29530,   0.00051
  35.92657,  -0.30860,   0.00040
  36.08260,  -0.27931,   0.00047
  35.63825,  -0.11224,   0.00081
  34.01414,  -0.01790,   0.00082
  31.77422,  -0.04248,   0.00064
  29.56826,  -0.19178,   0.00027
  28.94555,  -0.44303,  -0.00004
  29.51946,  -0.60086,  -0.00019
  30.92402,  -0.54940,  -0.00003
  32.76586,  -0.34667,   0.00045
  33.66580,  -0.17642,   0.00091
  33.57056,  -0.12084,   0.00116
  33.04937,  -0.19351,   0.00111
  32.21246,  -0.35989,   0.00096
  32.16645,  -0.39674,   0.00100
  31.89102,  -0.39916,   0.00098
  31.69147,  -0.35217,   0.00120
  32.51308,  -0.31299,   0.00135
  32.46009,  -0.35048,   0.00140
  33.71554,  -0.43636,   0.00123
  35.55148,  -0.48010,   0.00105
  35.95309,  -0.43904,   0.00066
  35.25174,  -0.38244,   0.00028
  34.96286,  -0.48279,  -0.00015
  34.30085,  -0.64327,  -0.00065
  34.15546,  -0.86166,  -0.00073
  34.67739,  -0.95974,  -0.00056
  35.30024,  -0.77155,   0.00005
  34.84368,  -0.55155,   0.00085
  34.00155,  -0.39554,   0.00128
  32.03776,  -0.42913,   0.00131
  29.69178,  -0.61119,   0.00115
  28.76618,  -0.82321,   0.00085
  28.49209,  -0.92193,   0.00066
  29.16879,  -0.81925,   0.00073
  30.46912,  -0.69041,   0.00085
  31.23332,  -0.57823,   0.00093
  31.43253,  -0.52969,   0.00112
  31.39359,  -0.53491,   0.00103
  30.58191,  -0.54862,   0.00097
  30.33568,  -0.47854,   0.00105
  28.98215,  -0.41243,   0.00102
  28.09600,  -0.42206,   0.00104
  27.98734,  -0.54881,   0.00105
  29.63435,  -0.66681,   0.00115
  32.20309,  -0.64913,   0.00132
  35.30914,  -0.53092,   0.00175
  36.70677,  -0.28956,   0.00195
  36.60566,  -0.14879,   0.00197
  36.63216,  -0.29779,   0.00163
  35.58991,  -0.49098,   0.00135
  35.97536,  -0.62980,   0.00119
  36.34501,  -0.61437,   0.00124
  36.87891,  -0.45602,   0.00160
  35.63178,  -0.30508,   0.00211
  34.92899,  -0.26342,   0.00233
  33.84295,  -0.36463,   0.00220
  32.28084,  -0.47329,   0.00196
  31.24240,  -0.59927,   0.00152
  30.30383,  -0.63031,   0.00119
  29.51665,  -0.68265,   0.00087
  29.78829,  -0.67397,   0.00096
  29.67223,  -0.72543,   0.00081
  30.59229,  -0.77156,   0.00108
  31.17953,  -0.73857,   0.00144
  31.09187,  -0.54714,   0.00206
  30.27169,  -0.41368,   0.00238
  28.69732,  -0.37269,   0.00251
  27.71927,  -0.52414,   0.00228
  27.75441,  -0.74499,   0.00202
  28.37130,  -0.81765,   0.00202
  30.74941,  -0.75698,   0.00205
  32.90605,  -0.65779,   0.00215
  34.43568,  -0.44176,   0.00226
  34.92860,  -0.37457,   0.00209
  35.00916,  -0.52964,   0.00155
  35.57896,  -0.62385,   0.00115
  34.89795,  -0.68722,   0.00080
  34.25596,  -0.62963,   0.00078
  33.94799,  -0.54185,   0.00099
  32.82997,  -0.46908,   0.00135
  33.31231,  -0.51910,   0.00163
  33.61544,  -0.59814,   0.00177
  33.36649,  -0.51783,   0.00217
  33.09716,  -0.42576,   0.00220
  32.26830,  -0.33736,   0.00216
  31.46593,  -0.45392,   0.00174
  31.47432,  -0.56841,   0.00165
  32.39070,  -0.69829,   0.00166
  33.41201,  -0.71416,   0.00152
  34.77174,  -0.55047,   0.00189
  35.23386,  -0.30176,   0.00230
  43.47459,  -0.09022,   0.00270
  41.50285,  -0.15719,   0.00248
  39.75150,  -0.39935,   0.00200
  39.17747,  -0.63110,   0.00173
  40.06496,  -0.77876,   0.00125
  42.08922,  -0.68488,   0.00099
  43.64458,  -0.63255,   0.00081
  45.04953,  -0.50155,   0.00082
  45.69377,  -0.49199,   0.00079
  47.02259,  -0.54069,   0.00071
  46.56073,  -0.56532,   0.00051
  45.03555,  -0.49715,   0.00034
  44.24533,  -0.42810,   0.00036
  42.40578,  -0.41400,   0.00032
  41.54301,  -0.55689,   0.00030
  41.50503,  -0.70613,   0.00037
  41.19396,  -0.65107,   0.00088
  41.98438,  -0.47082,   0.00102
  41.47791,  -0.24080,   0.00096
  39.95113,  -0.24016,   0.00038
  37.88380,  -0.36222,  -0.00017
  36.46345,  -0.60485,  -0.00076
  36.48293,  -0.73622,  -0.00139
  37.02894,  -0.69117,  -0.00136
  37.85003,  -0.44156,  -0.00088
  37.86465,  -0.17193,  -0.00026
  28.06902,  -0.07266,   0.00028
  27.80366,  -0.16207,   0.00040
  27.16580,  -0.29837,   0.00030
  27.31463,  -0.23118,   0.00065
  27.23106,  -0.21440,   0.00052
  27.83815,  -0.27203,   0.00038
  29.49078,  -0.27743,   0.00039
  32.12090,  -0.33690,   0.00042
  34.82148,  -0.38883,   0.00025
  36.66466,  -0.25738,   0.00036
  37.19089,  -0.05679,   0.00060
  36.29895,   0.07709,   0.00060
  34.33282,   0.05809,   0.00043
  32.78213,  -0.10370,   0.00008
  31.56856,  -0.27919,  -0.00022
  31.94295,  -0.45004,  -0.00042
  33.26096,  -0.41764,  -0.00027
  33.85972,  -0.20904,   0.00031
  33.68916,  -0.10731,   0.00056
  33.07346,  -0.13077,   0.00069
  32.09847,  -0.28833,   0.00054
  31.80099,  -0.44145,   0.00017
  31.00401,  -0.49535,   0.00018
  30.71442,  -0.39551,   0.00048
  31.32902,  -0.27030,   0.00077
  31.52555,  -0.18561,   0.00118
  31.61049,  -0.11652,   0.00162
  32.00546,  -0.14013,   0.00184
  32.37349,  -0.09129,   0.00193
  32.82275,  -0.00219,   0.00211
  32.04578,   0.06999,   0.00184
  31.31285,   0.02893,   0.00136
  32.01146,  -0.22532,   0.00064
  33.68010,  -0.38631,   0.00012
  36.33953,  -0.36186,  -0.00002
  38.31938,  -0.14070,   0.00021
  39.59830,   0.08269,   0.00060
  38.51968,   0.21633,   0.00087
  37.67371,   0.20361,   0.00105
  35.92783,   0.00009,   0.00082
  34.99032,  -0.16351,   0.00058
  35.27823,  -0.15363,   0.00081
  35.76440,  -0.07301,   0.00098
  36.41571,   0.01126,   0.00123
  35.63133,  -0.03429,   0.00129
  36.05748,  -0.08161,   0.00134
  36.22134,  -0.12254,   0.00125
  36.16140,  -0.16284,   0.00094
  34.98754,  -0.10492,   0.00079
  33.26500,  -0.08309,   0.00065
  31.28072,  -0.15374,   0.00033
  30.64341,  -0.28956,   0.00029
  30.97079,  -0.39253,   0.00035
  30.90788,  -0.27645,   0.00079
  31.72042,  -0.13885,   0.00106
  31.83323,  -0.00439,   0.00121
  49.54523,   0.57609,  -0.00053
  49.18759,   0.44512,  -0.00091
  46.68567,  -0.49926,   0.00041
  32.07173,  -0.76021,  -0.00020
  33.76503,  -0.70659,  -0.00025
  35.76361,  -0.48562,   0.00004
  36.95559,  -0.33907,   0.00032
  37.00703,  -0.19679,   0.00069
  36.25120,  -0.27812,   0.00066
  35.08427,  -0.37802,   0.00041
  34.28998,  -0.31887,   0.00038
  32.51586,  -0.26133,   0.00021
  31.69491,  -0.25002,  -0.00006
  31.48505,  -0.32742,  -0.00022
  31.51651,  -0.44595,  -0.00046
  32.68929,  -0.48088,  -0.00047
  33.73357,  -0.55005,  -0.00075
  33.94693,  -0.32183,  -0.00044
  33.07624,  -0.11465,  -0.00015
  31.63617,  -0.12592,  -0.00015
  30.06967,  -0.21881,  -0.00016
  29.33328,  -0.41142,  -0.00005
  29.84828,  -0.46973,   0.00020
  31.04276,  -0.24566,   0.00081
  46.10423,  -0.02292,   0.00189
  46.76945,   0.16575,   0.00219
  46.76322,   0.19482,   0.00205
  47.47619,   0.04168,   0.00154
  47.94055,  -0.05873,   0.00097
  48.65205,  -0.06091,   0.00052
  50.08920,  -0.06848,   0.00005
  50.89319,   0.02483,   0.00001
  51.17726,  -0.00947,  -0.00009
  51.62449,  -0.05931,   0.00004
  52.14525,  -0.03979,   0.00020
  52.67815,   0.03342,   0.00044
  52.72093,   0.11837,   0.00062
  50.96177,   0.13299,   0.00039
  49.24483,   0.01133,   0.00004
  48.04416,  -0.22496,  -0.00031
  48.34902,  -0.40290,  -0.00057
  49.80302,  -0.40225,  -0.00044
  51.23738,  -0.18673,  -0.00002
  51.51360,   0.02653,   0.00025
  50.44375,   0.17953,   0.00049
  48.41530,   0.13257,   0.00039
  47.10554,   0.06782,   0.00012
  45.83064,  -0.06496,  -0.00016
  45.17762,  -0.08840,  -0.00027
  44.62858,   0.02646,  -0.00015
  45.15281,   0.12741,   0.00001
  45.98486,   0.15044,   0.00007
  46.46823,   0.08457,  -0.00005
  47.56184,   0.05854,  -0.00030
  48.42788,   0.11249,  -0.00049
  49.85563,   0.16030,  -0.00071
  49.58077,   0.22054,  -0.00082
  49.51747,   0.17550,  -0.00094
  50.58349,   0.04592,  -0.00109
  51.36396,   0.06191,  -0.00074
  52.44036,   0.11875,  -0.00039
  52.92876,   0.28306,   0.00001
  52.39009,   0.45870,   0.00051
  51.05273,   0.45690,   0.00034
  49.61701,   0.28517,  -0.00017
  49.32447,   0.05921,  -0.00071
  49.71680,  -0.10520,  -0.00121
  50.64449,  -0.09069,  -0.00133
  51.26811,  -0.00182,  -0.00135
  51.69416,   0.13537,  -0.00105
  48.08818,   0.18240,  -0.00146
  49.82156,   0.07114,  -0.00097
  36.15804,   0.04749,  -0.00102
  34.85117,   0.00864,  -0.00109
  33.33978,   0.00678,  -0.00107
  31.76155,   0.01975,  -0.00092
  31.65210,  -0.07139,  -0.00081
  32.51122,  -0.19729,  -0.00070
  33.63398,  -0.23412,  -0.00059
  35.51707,  -0.14155,  -0.00042
  36.38471,   0.05210,  -0.00027
  36.90361,   0.07544,  -0.00047
  35.78847,   0.06432,  -0.00077
  34.82038,  -0.10339,  -0.00123
  37.08179,  -0.24146,  -0.00184
  37.40772,  -0.28729,  -0.00200
  37.92935,  -0.13568,  -0.00183
  37.91856,   0.05257,  -0.00133
  37.78771,   0.16472,  -0.00117
  36.75180,   0.09473,  -0.00135
  36.19131,  -0.04611,  -0.00155
  35.06034,  -0.17555,  -0.00202
  34.08223,  -0.18129,  -0.00233
  33.77466,  -0.20118,  -0.00255
  33.74112,  -0.13230,  -0.00231
  34.19876,  -0.13057,  -0.00190
  34.26262,  -0.14258,  -0.00167
  34.33707,  -0.11627,  -0.00129
  33.62688,  -0.00049,  -0.00089
  31.90672,   0.21184,  -0.00034
  30.13084,   0.26879,  -0.00025
  28.64978,   0.14684,  -0.00044
  26.93321,  -0.06450,  -0.00083
  27.54352,  -0.23944,  -0.00110
  29.17621,  -0.23643,  -0.00119
  30.46073,  -0.11877,  -0.00110
  32.11386,   0.12899,  -0.00082
  32.92235,   0.21252,  -0.00072
  33.12525,   0.07948,  -0.00110
  32.50883,  -0.13856,  -0.00151
  32.00740,  -0.29155,  -0.00181
  32.17513,  -0.25776,  -0.00171
  32.48582,  -0.18946,  -0.00151
  33.24040,  -0.14184,  -0.00111
  32.96921,  -0.16991,  -0.00067
  33.68051,  -0.20698,  -0.00028
  34.33295,  -0.26376,  -0.00030
  34.12119,  -0.23164,  -0.00037
  33.29798,  -0.22714,  -0.00055
  32.22701,  -0.20187,  -0.00074
  31.38139,  -0.31139,  -0.00097
  31.34577,  -0.49774,  -0.00163
  31.92140,  -0.55247,  -0.00151
  32.47111,  -0.44326,  -0.00111
  31.79774,  -0.17164,  -0.00057
  30.95194,   0.02169,  -0.00013
  29.47541,   0.01532,  -0.00003
  27.26719,  -0.12823,  -0.00019
  26.31002,  -0.38497,  -0.00051
  26.36970,  -0.51526,  -0.00069
  27.57234,  -0.51333,  -0.00065
  29.60506,  -0.31003,  -0.00022
  31.83967,  -0.10999,   0.00027
  33.81529,  -0.13290,   0.00033
  34.80396,  -0.15441,   0.00043
  35.19598,  -0.14705,   0.00035
  36.35997,  -0.03827,   0.00043
  35.45912,   0.05524,   0.00035
  34.74084,   0.06681,   0.00024
  34.49100,  -0.04892,   0.00008
  35.57618,  -0.21628,  -0.00001
  37.08821,  -0.26810,  -0.00007
  38.39001,  -0.17971,   0.00007
  38.66714,   0.01424,   0.00000
  37.84619,   0.12036,  -0.00020
  36.68137,  -0.05373,  -0.00067
  32.83832,  -0.36353,  -0.00123
  32.18754,  -0.55722,  -0.00150
  32.21793,  -0.60377,  -0.00144
  32.09515,  -0.45075,  -0.00102
  31.91206,  -0.26564,  -0.00038
  31.37727,  -0.16928,   0.00016
  29.43534,  -0.14787,   0.00058
  28.43115,  -0.30077,   0.00048
  27.50957,  -0.42965,   0.00017
  26.87327,  -0.47763,  -0.00008
  26.79024,  -0.41039,  -0.00025
  27.40927,  -0.36653,  -0.00035
  28.17702,  -0.44947,  -0.00074
  29.53076,  -0.48540,  -0.00086
  30.62878,  -0.44317,  -0.00094
  31.78285,  -0.27303,  -0.00081
  31.12831,  -0.10451,  -0.00082
  29.61263,  -0.05063,  -0.00093
  28.43988,  -0.16881,  -0.00114
  27.58803,  -0.34285,  -0.00140
  28.19683,  -0.50966,  -0.00165
  29.60305,  -0.48802,  -0.00162
  30.99719,  -0.31484,  -0.00109
  32.10280,  -0.10770,  -0.00071
  32.20773,  -0.05260,  -0.00055
  31.61356,  -0.18837,  -0.00077
  33.38243,  -0.32921,  -0.00131
  32.32844,  -0.40462,  -0.00147
  31.57223,  -0.34878,  -0.00141
  31.04541,  -0.22606,  -0.00128
  31.17442,  -0.15008,  -0.00091
  31.30360,  -0.18037,  -0.00054
  30.47264,  -0.14101,  -0.00025
  30.78257,  -0.16153,  -0.00020
  30.45638,  -0.09467,  -0.00024
  30.11542,  -0.06056,  -0.00039
  29.16266,  -0.09841,  -0.00067
  28.95117,  -0.26372,  -0.00096
  29.95901,  -0.51406,  -0.00166
  31.90786,  -0.58492,  -0.00166
  33.97209,  -0.42093,  -0.00122
  36.17673,  -0.14447,  -0.00037
  36.35777,   0.07574,   0.00026
  35.55517,   0.06030,   0.00037
  35.42555,  -0.04484,   0.00029
  34.86700,  -0.25662,  -0.00005
  34.99943,  -0.33568,  -0.00030
  35.88816,  -0.33577,  -0.00027
  36.99136,  -0.20479,  -0.00019
  37.97184,  -0.11620,  -0.00008
  38.37341,  -0.23920,  -0.00039
  38.43357,  -0.30094,  -0.00055
  37.77640,  -0.29738,  -0.00077
  37.76165,  -0.22145,  -0.00098
  35.89342,  -0.16635,  -0.00103
  33.99579,  -0.20010,  -0.00101
  32.32373,  -0.26520,  -0.00107
  31.97166,  -0.37186,  -0.00084
  32.47815,  -0.38394,  -0.00048
  32.59015,  -0.20347,   0.00026
  32.67635,  -0.01360,   0.00063
  32.31595,   0.08770,   0.00074
  31.61568,  -0.05833,   0.00054
  31.46614,  -0.26383,   0.00009
  32.57947,  -0.41312,  -0.00034
  33.81156,  -0.37256,  -0.00036
  35.44330,  -0.17311,  -0.00011
  36.51934,  -0.02377,   0.00022
  36.62671,   0.10369,   0.00055
  36.51190,   0.04496,   0.00052
  36.32405,  -0.08158,   0.00020
  36.36873,  -0.08847,   0.00004
  35.80705,  -0.18280,  -0.00028
  35.52836,  -0.21434,  -0.00066
  35.91643,  -0.27706,  -0.00087
  36.13912,  -0.44563,  -0.00111
  37.98898,  -0.53542,  -0.00110
  39.73834,  -0.48486,  -0.00086
  40.21244,  -0.36235,  -0.00056
  39.51621,  -0.23156,  -0.00029
  37.73383,  -0.20121,  -0.00017
  35.85727,  -0.33993,  -0.00028
  33.77581,  -0.45568,  -0.00045
  33.32164,  -0.63560,  -0.00055
  33.60721,  -0.63489,  -0.00039
  32.47960,  -0.47638,   0.00005
  33.15850,  -0.30076,   0.00036
  33.41777,  -0.26165,   0.00034
  32.49322,  -0.44676,  -0.00028
  32.06409,  -0.63343,  -0.00088
  31.67355,  -0.71032,  -0.00135
  32.37211,  -0.67356,  -0.00178
  32.90761,  -0.53144,  -0.00164
  33.79098,  -0.44109,  -0.00128
  34.22945,  -0.40926,  -0.00090
  34.97754,  -0.46711,  -0.00070
  35.47076,  -0.46418,  -0.00063
  35.82410,  -0.30271,  -0.00002
  35.19172,  -0.17799,  -0.00012
  34.66157,  -0.18280,  -0.00045
  35.01887,  -0.40704,  -0.00089
  36.44654,  -0.59793,  -0.00134
  38.21540,  -0.60483,  -0.00144
  40.13343,  -0.48022,  -0.00130
  40.77676,  -0.17674,  -0.00096
  40.03815,   0.03097,  -0.00068
  38.60793,   0.04198,  -0.00079
  36.46930,  -0.16140,  -0.00115
  34.83236,  -0.35048,  -0.00160
  33.87485,  -0.33378,  -0.00178
  32.24753,  -0.30994,  -0.00173
  32.69269,  -0.20284,  -0.00145
  33.78792,  -0.16162,  -0.00108
  33.51935,  -0.22410,  -0.00100
  34.39275,  -0.29890,  -0.00099
  35.50104,  -0.30809,  -0.00096
  35.01101,  -0.22509,  -0.00095
  34.28246,  -0.12654,  -0.00089
  34.12926,  -0.16199,  -0.00108
  34.39817,  -0.27669,  -0.00109
  35.32984,  -0.39324,  -0.00108
  36.07502,  -0.27420,  -0.00082
  36.96097,  -0.05367,  -0.00035
  37.26499,   0.13624,   0.00000
  36.96374,   0.19083,  -0.00026
  36.35036,   0.00560,  -0.00088
  44.55824,  -0.20139,  -0.00172
  45.29404,  -0.42328,  -0.00242
  46.49625,  -0.43767,  -0.00273
  48.07575,  -0.31921,  -0.00272
  48.58699,  -0.09729,  -0.00226
  48.18822,  -0.00907,  -0.00179
  48.29577,   0.05786,  -0.00147
  47.52015,  -0.06935,  -0.00145
  46.11966,  -0.13018,  -0.00146
  44.61374,  -0.02469,  -0.00102
  43.37582,   0.01437,  -0.00088
  43.32623,  -0.00784,  -0.00073
  43.26816,  -0.11003,  -0.00083
  45.11558,  -0.15238,  -0.00058
  46.86345,  -0.04708,  -0.00030
  47.76276,   0.09786,  -0.00021
  47.16905,   0.29836,  -0.00007
  45.90787,   0.34000,  -0.00017
  38.78962,   0.16018,  -0.00091
  38.89240,  -0.07599,  -0.00134
  39.77390,  -0.22325,  -0.00158
  41.23091,  -0.08236,  -0.00116
  42.81021,   0.13774,  -0.00069
  43.52501,   0.28880,  -0.00025
  43.64715,   0.22346,   0.00001
  43.84102,   0.03386,  -0.00027
  45.60817,  -0.15600,  -0.00055
  45.40048,  -0.22944,  -0.00085
  45.13049,  -0.16241,  -0.00091
  45.65328,  -0.19915,  -0.00108
  45.79725,  -0.17109,  -0.00082
  45.81095,  -0.23171,  -0.00054
  45.39140,  -0.20986,  -0.00036
  44.55604,  -0.17629,  -0.00020
  43.12183,  -0.05507,   0.00009
  40.47528,  -0.00484,  -0.00006
  37.94960,  -0.10071,  -0.00044
  35.66575,  -0.33627,  -0.00105
  34.59348,  -0.58183,  -0.00158
  35.18063,  -0.64610,  -0.00173
  36.34691,  -0.47357,  -0.00148
  37.03441,  -0.27997,  -0.00099
  37.14574,  -0.14530,  -0.00076
  35.97341,  -0.17692,  -0.00067
  34.70422,  -0.33907,  -0.00081
  34.51105,  -0.41794,  -0.00092
  33.67458,  -0.43030,  -0.00093
  33.43966,  -0.31573,  -0.00057
  34.20352,  -0.14906,  -0.00021
  35.13825,  -0.09007,   0.00008
  35.54921,  -0.14073,   0.00032
  36.46414,  -0.18209,   0.00019
  38.34041,  -0.17160,   0.00027
  38.15148,  -0.09709,  -0.00034
  37.80613,  -0.10376,  -0.00085
  37.20744,  -0.22419,  -0.00139
  40.68402,  -0.30909,  -0.00166
  41.13707,  -0.43982,  -0.00170
  41.95376,  -0.42410,  -0.00149
  41.80002,  -0.18675,  -0.00069
  41.12110,  -0.02066,  -0.00015
  39.41519,  -0.01249,   0.00008
  37.07585,  -0.11606,   0.00005
  36.04450,  -0.38293,  -0.00030
  36.02343,  -0.57148,  -0.00050
  36.59876,  -0.58116,  -0.00041
  37.13991,  -0.49494,  -0.00021
  38.67875,  -0.26722,   0.00043
  39.35188,  -0.17727,   0.00085
  39.17253,  -0.19476,   0.00077
  39.06097,  -0.25412,   0.00079
  38.42026,  -0.24747,   0.00070
  37.92530,  -0.15006,   0.00062
  37.33607,  -0.13294,   0.00040
  37.28883,  -0.21577,   0.00018
  37.23472,  -0.35658,   0.00002
  38.78363,  -0.42152,   0.00009
  41.24580,  -0.35283,   0.00026
  38.30171,  -0.26549,   0.00038
  38.84014,  -0.04612,   0.00034
  37.81615,  -0.01041,   0.00020
  38.73318,  -0.19415,  -0.00029
  38.09348,  -0.37679,  -0.00037
  38.00901,  -0.42810,  -0.00019
  38.88674,  -0.24823,   0.00034
  39.12561,  -0.00999,   0.00103
  37.93581,   0.17780,   0.00164
  36.81096,   0.16376,   0.00178
  35.69776,   0.02922,   0.00152
  35.24621,  -0.04283,   0.00122
  34.50700,  -0.03287,   0.00080
  34.30610,   0.04456,   0.00060
  34.25209,  -0.04739,   0.00016
  34.90151,  -0.03204,   0.00030
  35.29576,  -0.06976,   0.00013
  36.22575,  -0.04546,   0.00026
  36.93362,   0.14136,   0.00066
  36.08551,   0.27924,   0.00086
  34.82543,   0.35491,   0.00108
  33.55616,   0.23234,   0.00091
  33.26473,  -0.00099,   0.00064
  33.81703,  -0.13002,   0.00062
  35.73865,  -0.14487,   0.00061
  38.03502,   0.04606,   0.00081
  37.55019,   0.10958,   0.00130
  37.99815,   0.21504,   0.00129
  37.53616,   0.14622,   0.00090
  37.37828,  -0.03375,   0.00023
  37.32889,  -0.13197,  -0.00029
  36.51907,  -0.14563,  -0.00060
  35.77551,  -0.07965,  -0.00064
  33.93701,  -0.00005,  -0.00042
  33.60525,  -0.02370,  -0.00026
  32.60804,  -0.03960,  -0.00021
  32.39066,  -0.04238,  -0.00012
  31.61060,  -0.04831,  -0.00031
  30.33475,  -0.00383,  -0.00047
  29.66129,  -0.03606,  -0.00060
  28.83204,  -0.15322,  -0.00102
  29.11369,  -0.27264,  -0.00100
  30.24370,  -0.32451,  -0.00081
  31.38044,  -0.18141,  -0.00054
  31.94109,   0.07097,   0.00008
  31.32109,   0.31746,   0.00070
  30.09083,   0.37870,   0.00088
  28.75850,   0.24307,   0.00061
  27.99134,   0.09853,   0.00025
  28.08868,  -0.01934,  -0.00025
  29.37096,  -0.02420,  -0.00051
  31.00960,   0.16021,  -0.00049
  32.79509,   0.30183,  -0.00036
  34.25179,   0.20792,  -0.00066
  34.71356,   0.14088,  -0.00086
  34.58487,   0.09473,  -0.00110
  35.78475,   0.15466,  -0.00120
  34.61813,   0.22414,  -0.00119
  33.22454,   0.21937,  -0.00103
  31.95034,   0.17501,  -0.00078
  32.13164,   0.03629,  -0.00050
  33.20214,  -0.03122,  -0.00020
  33.38468,   0.11300,   0.00042
  33.36482,   0.28946,   0.00075
  32.31644,   0.31127,   0.00074
  30.77043,   0.24791,   0.00049
  31.29014,   0.13077,  -0.00058
  30.68992,  -0.07956,  -0.00101
  30.62139,  -0.11090,  -0.00115
  30.75111,   0.02970,  -0.00111
  31.18451,   0.28215,  -0.00052
  31.13925,   0.41355,  -0.00004
  29.49295,   0.36584,  -0.00000
  42.15956,   0.40490,   0.00004
  41.71158,   0.24816,  -0.00040
  41.63369,   0.18509,  -0.00075
  43.12649,   0.18524,  -0.00060
  44.47890,   0.25434,  -0.00053
  45.94761,   0.23081,  -0.00032
  34.06361,   0.02347,  -0.00032
  35.38834,   0.08790,  -0.00007
  36.01866,   0.29630,   0.00014
  36.86989,   0.49401,   0.00055
  35.29672,   0.57074,   0.00050
  33.26927,   0.43997,   0.00022
  31.88933,   0.22461,  -0.00018
  31.21451,   0.09708,  -0.00022
  31.82217,   0.08469,  -0.00018
  33.08182,   0.25540,   0.00012
  32.50583,   0.34706,   0.00039
  32.61724,   0.42326,   0.00047
  32.12259,   0.30702,   0.00026
  31.25606,   0.10073,  -0.00027
  54.55428,   0.17796,   0.00053
  54.81830,   0.17701,   0.00062
  30.13517,   0.09447,  -0.00004
  30.98915,   0.19056,   0.00056
  32.01366,   0.18528,   0.00114
  31.41088,   0.19375,   0.00156
  31.71792,   0.25978,   0.00219
  32.01168,   0.32028,   0.00222
  32.29327,   0.38213,   0.00207
  32.62977,   0.27147,   0.00187
  41.68124,   0.09840,   0.00110
  43.23803,  -0.10069,   0.00068
  45.58020,  -0.24060,   0.00020
  47.93767,  -0.11949,   0.00032
  59.60013,   0.43846,   0.00079
  58.95705,   0.57220,   0.00094
  58.04305,   0.58538,   0.00091
  57.10823,   0.45239,   0.00066
  49.18028,  -0.17805,   0.00067
  48.25730,  -0.38170,   0.00042
  47.78946,  -0.38347,   0.00063
  48.37199,  -0.25715,   0.00093
  47.75033,  -0.22355,   0.00112
  47.87870,  -0.17296,   0.00132
  47.72835,  -0.20409,   0.00124
  47.43159,  -0.20264,   0.00118
  47.51893,  -0.16815,   0.00108
  46.24229,  -0.05625,   0.00109
  45.08750,  -0.04085,   0.00081
  44.27178,  -0.06821,   0.00077
  28.96418,  -0.16034,   0.00032
  29.85471,  -0.17309,   0.00046
  30.89372,   0.00606,   0.00070
  31.49895,   0.25701,   0.00111
  31.53930,   0.28233,   0.00102
  30.86802,   0.18377,   0.00052
  30.67087,  -0.06756,  -0.00015
  31.80440,  -0.31084,  -0.00080
  34.03275,  -0.37252,  -0.00094
  35.92306,  -0.18415,  -0.00070
  37.73712,   0.08266,  -0.00015
  38.18934,   0.16371,   0.00038
  38.34742,   0.24339,   0.00084
  37.51967,   0.09772,   0.00074
  36.32824,   0.01482,   0.00046
  35.75965,   0.11175,   0.00057
  33.88834,   0.04180,   0.00032
  33.46860,  -0.03046,   0.00020
  34.09689,  -0.15946,   0.00016
  34.10963,  -0.27916,  -0.00020
  35.51593,  -0.25947,  -0.00036
  36.12851,  -0.07119,  -0.00030
  35.40085,   0.11937,  -0.00020
  33.88411,   0.13518,  -0.00026
  30.25580,   0.01934,  -0.00034
  29.19593,  -0.17879,  -0.00046
  29.36188,  -0.32608,  -0.00043
  30.00238,  -0.19922,   0.00009
  31.45040,  -0.01434,   0.00070
  32.45563,   0.17657,   0.00131
  32.70691,   0.20769,   0.00161
  33.15382,   0.11609,   0.00143
  33.65121,  -0.02135,   0.00098
  35.53978,  -0.11926,   0.00043
  36.26402,  -0.02353,   0.00028
  36.84675,   0.13509,   0.00043
  37.97179,   0.15321,   0.00036
  38.39009,   0.16553,   0.00053
  38.89898,   0.14653,   0.00058
  40.24977,   0.26928,   0.00084
  39.92187,   0.34769,   0.00080
  38.56492,   0.40302,   0.00069
  37.51829,   0.33482,   0.00051
  36.33930,   0.16196,   0.00023
  36.55933,  -0.03520,   0.00000
  37.82184,  -0.10498,  -0.00013
  39.56828,  -0.04703,   0.00008
  40.51064,   0.18237,   0.00064
  40.19533,   0.36856,   0.00120
  38.88677,   0.33369,   0.00131
  48.67128,   0.39797,   0.00117
  47.61403,   0.22285,   0.00105
  47.35728,   0.13322,   0.00102
  46.75185,   0.20133,   0.00129
  47.06710,   0.29149,   0.00154
  47.23085,   0.33613,   0.00169
  46.66343,   0.23145,   0.00156
  47.38132,   0.14397,   0.00127
  48.27133,   0.09701,   0.00090
  49.93051,   0.02985,   0.00044
  49.67105,   0.06961,   0.00010
  49.02919,   0.04469,  -0.00023
  49.02608,  -0.12699,  -0.00066
  48.98215,  -0.14695,  -0.00053
  49.71336,  -0.16012,  -0.00032
  50.36323,  -0.04284,   0.00002
  50.14488,   0.16975,   0.00090
  48.58337,   0.22249,   0.00089
  46.38971,   0.08955,   0.00051
  45.24769,  -0.14758,   0.00011
  45.03591,  -0.36681,  -0.00031
  45.86087,  -0.43048,  -0.00045
  46.09762,  -0.34989,  -0.00050
  46.87007,  -0.09663,  -0.00011
  46.48489,   0.04584,   0.00017
  44.51429,  -0.00665,  -0.00004
  35.11117,  -0.18566,  -0.00038
  33.57380,  -0.21491,  -0.00041
  31.55458,  -0.20040,  -0.00035
  30.40538,  -0.19847,  -0.00041
  29.11169,  -0.23689,  -0.00048
  30.40504,  -0.34846,  -0.00036
  31.29607,  -0.40784,  -0.00008
  33.72402,  -0.35932,   0.00014
  35.65502,  -0.15655,   0.00047
  36.87069,  -0.06572,   0.00089
  36.23895,   0.00052,   0.00090
  35.72242,  -0.14276,   0.00064
  36.48625,  -0.35244,   0.00021
  37.46702,  -0.46467,   0.00009
  38.81009,  -0.38664,   0.00031
  38.74450,  -0.16147,   0.00100
  39.00996,   0.05741,   0.00130
  49.78992,   0.08746,   0.00178
  48.81466,  -0.07302,   0.00133
  48.75799,  -0.28275,   0.00083
  48.59111,  -0.45676,   0.00029
  34.52313,  -0.65272,  -0.00123
  34.00007,  -0.54655,  -0.00128
  34.75122,  -0.44777,  -0.00093
  34.30136,  -0.46087,  -0.00094
  34.38107,  -0.35262,  -0.00032
  33.52126,  -0.31787,   0.00011
  31.47707,  -0.20581,   0.00045
  29.64801,  -0.05452,   0.00101
  27.66427,  -0.10556,   0.00092
  27.04987,  -0.31630,   0.00077
  26.47830,  -0.52091,   0.00048
  28.20423,  -0.56129,   0.00058
  30.59011,  -0.51387,   0.00074
  32.68862,  -0.13844,   0.00113
  33.35554,   0.15631,   0.00121
  33.89219,   0.02445,   0.00061
  33.27349,  -0.14776,   0.00003
  34.10460,  -0.24499,  -0.00037
  33.51943,  -0.29834,  -0.00063
  33.60817,  -0.19084,  -0.00073
  33.57536,  -0.07572,  -0.00043
  34.98515,  -0.03540,  -0.00012
  50.03555,  -0.03302,   0.00112
  50.02353,  -0.08477,   0.00119
  50.60523,  -0.11151,   0.00122
  49.90746,  -0.07045,   0.00107
  49.02423,  -0.02623,   0.00088
  48.41361,  -0.13699,   0.00046
  48.30200,  -0.25013,   0.00043
  49.02418,  -0.33590,   0.00057
  49.04310,  -0.20542,   0.00087
  49.43382,  -0.04693,   0.00137
  48.83901,   0.14509,   0.00177
  46.66427,   0.26745,   0.00204
  44.86677,   0.11385,   0.00173
  43.87043,  -0.18162,   0.00122
  43.43393,  -0.40512,   0.00082
  44.55718,  -0.50276,   0.00063
  46.43443,  -0.35418,   0.00076
  47.15011,  -0.23410,   0.00075
  48.04908,  -0.10468,   0.00094
  48.67474,  -0.13007,   0.00099
  50.51134,  -0.16274,   0.00092
  50.47696,  -0.21864,   0.00083
  49.42032,  -0.19265,   0.00078
  48.91598,  -0.12619,   0.00091
  48.61626,  -0.14962,   0.00081
  49.30454,  -0.25137,   0.00072
  49.84751,  -0.31578,   0.00090
  50.69721,  -0.26603,   0.00091
  50.85010,  -0.09155,   0.00092
  50.91145,  -0.04003,   0.00073
  49.26825,  -0.00108,   0.00037
  47.72876,  -0.14047,  -0.00014
  47.91567,  -0.34749,  -0.00101
  47.78970,  -0.49040,  -0.00113
  48.14923,  -0.39151,  -0.00067
  47.51043,  -0.08268,   0.00004
  47.00298,   0.14337,   0.00078
  45.52058,   0.17493,   0.00119
  43.72465,   0.11153,   0.00151
  42.50676,  -0.09039,   0.00135
  41.88989,  -0.19866,   0.00117
  42.52938,  -0.23079,   0.00099
  43.61299,  -0.10871,   0.00108
  44.87271,  -0.02610,   0.00117
  45.86085,  -0.09943,   0.00096
  46.98570,  -0.07259,   0.00106
  47.66648,   0.02649,   0.00120
  48.53342,   0.15215,   0.00143
  47.16236,   0.22518,   0.00123
  45.49126,   0.14313,   0.00077
  31.46239,  -0.07002,  -0.00047
  31.33641,  -0.37072,  -0.00097
  32.26748,  -0.48034,  -0.00128
  33.25518,  -0.37159,  -0.00079
  34.45428,  -0.12199,  -0.00043
  34.64638,   0.01637,  -0.00013
  34.01430,  -0.11580,  -0.00025
  32.69360,  -0.32942,  -0.00047
  31.19353,  -0.51040,  -0.00070
  30.32520,  -0.49767,  -0.00069
  29.64429,  -0.38577,  -0.00042
  29.74589,  -0.24114,   0.00010
  27.87523,  -0.10933,   0.00068
  27.99930,  -0.13878,   0.00108
  28.00221,  -0.17041,   0.00126
  27.37108,  -0.09668,   0.00145
  26.66427,  -0.01276,   0.00139
  25.83972,   0.02751,   0.00112
  25.51002,  -0.14469,   0.00042
  25.90409,  -0.31759,  -0.00026
  27.95395,  -0.39213,  -0.00033
  30.40864,  -0.26370,  -0.00009
  32.91325,   0.00677,   0.00053
  33.52689,   0.25930,   0.00110
  32.93742,   0.32599,   0.00133
  31.92895,   0.17771,   0.00135
  31.62788,   0.00605,   0.00134
  32.13604,  -0.15702,   0.00109
  33.27773,  -0.13655,   0.00110
  35.26080,  -0.00837,   0.00155
  37.24451,   0.16943,   0.00193
  38.14691,   0.11672,   0.00188
  38.70543,   0.05388,   0.00185
  38.75089,   0.01786,   0.00168
  38.92211,   0.04975,   0.00137
  37.38459,   0.11619,   0.00121
  35.30326,   0.11808,   0.00079
  33.80107,   0.01871,   0.00079
  33.36546,  -0.14385,   0.00093
  32.44999,  -0.12272,   0.00125
  33.37110,  -0.08180,   0.00153
  33.79310,   0.07351,   0.00177
  32.98423,   0.11191,   0.00194
  31.98421,   0.06730,   0.00176
  31.10869,  -0.13289,   0.00143
  31.56800,  -0.38233,   0.00085
  32.68505,  -0.42984,   0.00078
  34.25054,  -0.26338,   0.00104
  35.71740,  -0.06405,   0.00140
  35.85751,   0.12054,   0.00180
  35.15899,   0.12633,   0.00191
  34.35616,   0.05972,   0.00184
  33.67143,  -0.05087,   0.00126
  33.78849,  -0.06011,   0.00094
  33.35399,  -0.01077,   0.00039
  33.47081,   0.03051,  -0.00002
  33.24567,  -0.14215,  -0.00041
  34.40071,  -0.22213,  -0.00052
  36.11762,  -0.20266,  -0.00057
  36.55696,  -0.07836,  -0.00066
  35.47417,   0.10377,  -0.00057
  34.31419,   0.21535,  -0.00037
  31.90392,   0.11617,  -0.00038
  30.34006,  -0.09499,  -0.00045
  28.90548,  -0.14893,  -0.00031
  29.55977,  -0.17989,  -0.00012
  30.47687,  -0.00259,   0.00032
  30.46343,   0.20900,   0.00097
  30.91553,   0.31912,   0.00122
  30.80559,   0.24792,   0.00102
  29.99373,   0.05665,   0.00044
  30.52963,  -0.06083,  -0.00021
  30.62978,  -0.04730,  -0.00054
  30.87520,   0.06866,  -0.00057
  31.03492,   0.14724,  -0.00069
  31.97483,   0.16320,  -0.00047
  32.86344,   0.09512,  -0.00036
  32.94923,   0.15450,  -0.00020
  33.91551,   0.22881,   0.00008
  33.29703,   0.27457,  -0.00020
  32.12807,   0.24809,  -0.00054
  31.53602,   0.06574,  -0.00096
  32.11699,  -0.17357,  -0.00126
  33.94672,  -0.31051,  -0.00128
  36.41827,  -0.23296,  -0.00107
  37.22154,   0.07600,  -0.00046
  37.41832,   0.31745,  -0.00005
  35.47543,   0.39678,   0.00019
  32.90884,   0.25233,   0.00002
  30.99653,   0.15702,  -0.00040
  29.81073,   0.02080,  -0.00072
  29.29596,   0.06445,  -0.00070
  29.15565,   0.20981,  -0.00037
  30.02354,   0.35246,   0.00000
  46.82059,   0.36301,   0.00051
  47.21390,   0.29288,   0.00042
  43.77015,   0.24620,   0.00023
  43.85560,   0.30853,   0.00026
  44.13992,   0.36187,   0.00028
  43.38295,   0.43030,   0.00041
  43.82826,   0.36099,   0.00036
  45.12875,   0.29430,   0.00057
  34.24738,   0.32040,   0.00102
  35.68921,   0.44501,   0.00143
  36.34889,   0.65505,   0.00181
  36.36661,   0.72108,   0.00213
  35.39103,   0.64766,   0.00175
  34.53410,   0.42053,   0.00111
  35.04011,   0.16039,   0.00038
  36.24107,   0.01941,  -0.00021
  37.42018,   0.13055,  -0.00030
  37.97818,   0.32138,  -0.00001
  37.49062,   0.39890,   0.00017
  36.39989,   0.35363,   0.00032
  35.12921,   0.21820,   0.00028
  34.00561,   0.18176,   0.00031
  32.44980,   0.16126,   0.00045
  30.89134,   0.13245,   0.00053
  30.12731,   0.09980,   0.00072
  29.02364,   0.02848,   0.00085
  30.22365,  -0.05925,   0.00104
  31.63615,  -0.08556,   0.00124
  32.35821,  -0.03607,   0.00137
  32.33636,   0.12100,   0.00154
  31.37318,   0.20085,   0.00153
  30.04339,   0.06596,   0.00106
  29.18852,  -0.11316,   0.00077
  29.41642,  -0.24992,   0.00059
  30.01013,  -0.18091,   0.00076
  31.12237,  -0.00470,   0.00104
  31.88173,   0.19129,   0.00138
  31.58658,   0.21355,   0.00162
  31.24150,   0.08639,   0.00129
  30.95861,  -0.12175,   0.00073
  31.76932,  -0.30366,   0.00027
  31.80943,  -0.30599,   0.00001
  32.19293,  -0.18918,   0.00015
  33.04817,  -0.15979,   0.00029
  33.59413,  -0.14212,   0.00074
  34.02517,  -0.17467,   0.00112
  47.39433,  -0.18231,   0.00170
  46.52480,  -0.12804,   0.00204
  44.94553,  -0.04858,   0.00221
  42.76353,  -0.05692,   0.00220
  41.32569,  -0.17853,   0.00188
  40.93678,  -0.37246,   0.00157
  41.16517,  -0.50987,   0.00136
  42.63873,  -0.46159,   0.00143
  30.92800,  -0.22214,   0.00145
  30.94883,  -0.02681,   0.00176
  29.91751,   0.00948,   0.00183
  28.70898,  -0.15452,   0.00149
  27.89934,  -0.31146,   0.00128
  27.40750,  -0.43317,   0.00116
  27.54193,  -0.39401,   0.00136
  27.91730,  -0.26918,   0.00194
  28.83130,  -0.16320,   0.00235
  29.89593,  -0.16505,   0.00251
  50.33604,   0.21160,   0.00110
  50.79553,   0.18348,   0.00095
  45.27612,  -0.45453,   0.00218
  44.70126,  -0.35794,   0.00183
  30.33192,  -0.28003,   0.00124
  29.77669,  -0.35724,   0.00102
  29.90055,  -0.45605,   0.00088
  30.10848,  -0.40428,   0.00088
  30.35140,  -0.26021,   0.00115
  29.55208,  -0.02340,   0.00174
  27.97861,   0.09122,   0.00195
  26.26795,   0.02462,   0.00181
  24.57773,  -0.13938,   0.00153
  24.14855,  -0.33677,   0.00119
  31.51188,  -0.63105,   0.00055
  33.18250,  -0.47601,   0.00095
  35.25162,  -0.20031,   0.00166
  36.47061,  -0.08149,   0.00200
  37.24755,  -0.00302,   0.00231
  37.14816,  -0.07693,   0.00237
  36.84879,  -0.12108,   0.00234
  37.09456,   0.00121,   0.00255
  36.74160,   0.07075,   0.00265
  36.90345,   0.09117,   0.00266
  37.04898,  -0.01998,   0.00261
  38.87202,  -0.13988,   0.00246
  41.08989,  -0.12860,   0.00237
  43.29935,   0.01277,   0.00220
  44.73634,   0.14097,   0.00197
  44.21315,   0.19743,   0.00166
  43.74316,   0.01664,   0.00103
  43.49498,  -0.24857,   0.00056
  43.86536,  -0.40574,   0.00045
  44.77945,  -0.41967,   0.00074
  45.36961,  -0.19128,   0.00155
  45.15490,   0.02581,   0.00230
  43.27063,   0.15195,   0.00287
  41.39602,   0.02016,   0.00286
  39.81822,  -0.14765,   0.00268
  38.67260,  -0.33998,   0.00231
  38.27766,  -0.34660,   0.00206
  39.00752,  -0.27513,   0.00184
  39.80008,  -0.20754,   0.00167
  40.49021,  -0.17981,   0.00152
  40.73521,  -0.18119,   0.00150
  40.84625,  -0.12430,   0.00159
  40.81002,   0.00739,   0.00181
  39.95862,   0.12948,   0.00191
  38.25966,   0.13687,   0.00175
  36.74645,  -0.02600,   0.00143
  36.41407,  -0.24327,   0.00118
  37.66964,  -0.36094,   0.00100
  31.53430,  -0.28612,   0.00138
  33.57826,  -0.02528,   0.00162
  34.63853,   0.20946,   0.00182
  35.33989,   0.14702,   0.00172
  35.63312,   0.02312,   0.00141
  34.49002,  -0.14783,   0.00104
  33.47936,  -0.21068,   0.00079
  33.71847,  -0.12307,   0.00083
  32.30945,  -0.03593,   0.00101
  32.13389,   0.01689,   0.00124
  31.78993,  -0.03669,   0.00129
  30.64324,  -0.04046,   0.00134
  30.14902,  -0.10419,   0.00105
  29.19020,  -0.09962,   0.00074
  27.49478,  -0.07602,   0.00073
  26.58888,  -0.12632,   0.00055
  26.42939,  -0.24170,   0.00042
  26.43338,  -0.33954,   0.00019
  27.60033,  -0.35351,   0.00044
  28.33618,  -0.20161,   0.00105
  28.50213,  -0.02320,   0.00162
  27.80871,   0.06585,   0.00196
  26.10084,   0.00687,   0.00212
  25.21443,  -0.20470,   0.00178
  23.54834,  -0.46681,   0.00124
  24.07841,  -0.54817,   0.00099
  25.91675,  -0.40850,   0.00100
  27.39160,  -0.35745,   0.00097
  29.11978,  -0.21262,   0.00105
  29.64779,  -0.23468,   0.00081
  29.91696,  -0.32025,   0.00031
  28.68459,  -0.35814,  -0.00002
  28.54439,  -0.26598,  -0.00005
  27.69464,  -0.21858,  -0.00009
  25.81496,  -0.18678,  -0.00014
  25.61308,  -0.29638,   0.00015
  25.79799,  -0.40724,   0.00053
  25.62174,  -0.29432,   0.00117
  26.33762,  -0.16066,   0.00178
  26.74943,   0.04596,   0.00206
  26.45880,   0.11339,   0.00208
  25.54316,  -0.08284,   0.00171
  24.73724,  -0.26821,   0.00125
  25.12973,  -0.35118,   0.00126
  26.18517,  -0.22687,   0.00155
  27.52528,   0.01453,   0.00183
  28.88046,   0.29321,   0.00243
  28.88007,   0.35201,   0.00265
  27.39591,   0.29610,   0.00262
  26.65835,   0.09445,   0.00225
  26.40605,  -0.04079,   0.00171
  27.93979,  -0.08795,   0.00144
  28.94110,  -0.03170,   0.00127
  30.73035,  -0.01245,   0.00127
  32.62826,  -0.17291,   0.00105
  34.37075,  -0.20277,   0.00117
  35.23904,  -0.12642,   0.00137
  36.77044,   0.05046,   0.00192
  35.53015,   0.16147,   0.00192
  33.69012,   0.10353,   0.00169
  31.69996,  -0.02121,   0.00142
  30.82798,  -0.27137,   0.00121
  30.83946,  -0.40627,   0.00119
  30.15930,  -0.28042,   0.00149
  31.06479,  -0.04183,   0.00167
  31.49083,   0.12638,   0.00170
  30.03611,   0.02927,   0.00117
  28.46585,  -0.14484,   0.00072
  26.88637,  -0.34049,   0.00029
  26.34407,  -0.36710,  -0.00013
  26.25334,  -0.28718,  -0.00007
  26.77897,  -0.14113,   0.00023
  26.01151,  -0.01803,   0.00049
  26.23980,  -0.06062,   0.00082
  25.97666,  -0.16921,   0.00096
  25.72857,  -0.06825,   0.00159
  25.77064,  -0.00122,   0.00142
  26.20161,   0.05282,   0.00112
  26.89126,  -0.07408,   0.00075
  27.78432,  -0.21849,   0.00048
  29.33562,  -0.41359,   0.00005
  31.45897,  -0.34711,   0.00001
  34.61444,  -0.06511,   0.00021
  35.37187,   0.25599,   0.00044
  35.24053,   0.37137,   0.00052
  33.49448,   0.21633,   0.00018
  31.46673,   0.00092,  -0.00035
  29.89974,  -0.19021,  -0.00080
  29.41288,  -0.25515,  -0.00090
  30.46797,  -0.15427,  -0.00079
  32.24665,   0.02197,  -0.00044
  32.47594,   0.03635,  -0.00031
  32.89561,  -0.03334,  -0.00017
  32.32750,  -0.13796,  -0.00014
  32.47698,  -0.15170,  -0.00011
  31.36253,  -0.10110,   0.00002
  30.42497,  -0.03232,   0.00020
  29.55546,  -0.02274,   0.00003
  29.30582,  -0.11063,   0.00019
  29.57869,  -0.19138,   0.00040
  29.61301,  -0.04424,   0.00096
  30.31024,   0.13973,   0.00118
  30.60674,   0.31775,   0.00112
  30.52625,   0.22730,   0.00068
  29.53685,   0.04875,  -0.00004
  28.94592,  -0.21136,  -0.00085
  30.60661,  -0.40253,  -0.00171
  32.02347,  -0.26108,  -0.00176
  33.88100,   0.05209,  -0.00135
  35.55018,   0.23184,  -0.00090
  34.83290,   0.28313,  -0.00051
  34.11398,   0.28581,  -0.00019
  31.92726,   0.09981,  -0.00034
  30.14852,   0.02179,  -0.00052
  30.21297,   0.10691,  -0.00023
  30.09635,   0.17143,  -0.00014
  43.40410,   0.19827,  -0.00011
  43.92213,   0.13264,   0.00013
  44.66013,   0.11075,   0.00027
  45.39644,   0.16064,   0.00021
  45.06042,   0.35399,   0.00037
  43.49172,   0.48597,   0.00041
  41.88995,   0.44492,  -0.00002
  40.29530,   0.24502,  -0.00022
  39.69609,   0.04687,  -0.00034
  39.86328,   0.12308,  -0.00004
  41.55492,   0.24487,   0.00032
  43.07531,   0.44230,   0.00081
  42.88001,   0.51171,   0.00124
  42.68730,   0.44199,   0.00114
  43.40444,   0.24111,   0.00081
  44.20245,   0.06280,   0.00041
  46.12388,  -0.00710,   0.00022
  47.62726,   0.10391,   0.00033
  48.30460,   0.17827,   0.00042
  48.65218,   0.22350,   0.00077
  34.12388,   0.12700,   0.00112
  33.91984,   0.06687,   0.00115
  33.13506,   0.05929,   0.00106
  31.87618,   0.13137,   0.00112
  30.25214,   0.10511,   0.00076
  28.95000,  -0.04594,   0.00035
  27.62926,  -0.24676,  -0.00020
  28.33327,  -0.38786,  -0.00036
  29.59732,  -0.36170,  -0.00028
  30.93868,  -0.17583,  -0.00009
  31.07002,   0.07277,   0.00041
  29.95981,   0.18594,   0.00082
  30.28963,   0.12916,   0.00066
  27.96948,  -0.11387,   0.00061
  26.27682,  -0.29129,   0.00061
  25.59148,  -0.19277,   0.00092
  26.57533,  -0.02712,   0.00130
  28.04178,   0.16296,   0.00178
  27.40840,   0.12228,   0.00195
  28.44869,   0.08545,   0.00188
  29.07657,   0.05474,   0.00152
  30.04211,   0.04857,   0.00115
  30.75372,   0.03258,   0.00052
  30.40154,   0.10257,   0.00016
  30.30960,   0.05006,  -0.00007
  30.68726,  -0.14189,  -0.00055
  31.51897,  -0.14144,  -0.00024
  31.96227,  -0.07442,  -0.00006
  31.85494,   0.11724,   0.00020
  30.80682,   0.27924,   0.00076
  29.47925,   0.21562,   0.00053
  28.27750,  -0.02133,   0.00012
  27.03444,  -0.28558,  -0.00031
  26.94055,  -0.41710,  -0.00053
  27.51790,  -0.32401,  -0.00041
  27.55662,  -0.20999,  -0.00030
  28.08938,  -0.01048,   0.00017
  27.31390,   0.02004,   0.00042
  25.10532,  -0.03381,   0.00028
  23.00305,  -0.16968,   0.00002
  20.62888,  -0.14400,  -0.00008
  19.51533,  -0.13120,  -0.00036
  19.55399,  -0.10773,  -0.00053
  18.27413,  -0.14844,  -0.00073
  19.37565,  -0.22746,  -0.00075
  20.63101,  -0.25672,  -0.00084
  21.88573,  -0.16427,  -0.00065
  22.09860,   0.03913,  -0.00068
  22.02668,   0.18110,  -0.00073
  22.24323,   0.09574,  -0.00107
  21.69978,  -0.08312,  -0.00125
  21.60299,  -0.24328,  -0.00135
  21.72587,  -0.14975,  -0.00106
  22.57652,   0.06918,  -0.00062
  22.84107,   0.36186,   0.00016
  23.30132,   0.50100,   0.00043
  23.27034,   0.41753,   0.00027
  22.72827,   0.27793,  -0.00015
  22.20735,   0.14684,  -0.00074
  21.90348,   0.15549,  -0.00110
  22.07691,   0.16118,  -0.00161
  23.15226,   0.28754,  -0.00134
  24.48076,   0.33152,  -0.00100
  24.81532,   0.31186,  -0.00106
  25.07660,   0.40962,  -0.00054
  23.85483,   0.46038,  -0.00027
  22.30661,   0.53771,  -0.00004
  21.72760,   0.55875,   0.00030
  20.34010,   0.41996,   0.00013
  20.72735,   0.22092,   0.00005
  21.30194,   0.10741,   0.00003
  23.47090,   0.16536,   0.00030
  25.79041,   0.29917,   0.00060
  27.16001,   0.56438,   0.00093
  27.23288,   0.64606,   0.00093
  26.79496,   0.45695,   0.00038
  26.91225,   0.30293,  -0.00017
  26.06407,   0.17981,  -0.00059
  25.75588,   0.22019,  -0.00075
  26.45375,   0.36075,  -0.00064
  26.34463,   0.45083,  -0.00054
  26.77850,   0.41025,  -0.00050
  26.84854,   0.28327,  -0.00067
  27.41546,   0.24057,  -0.00061
  26.20397,   0.23670,  -0.00086
  24.95904,   0.29222,  -0.00101
  24.84606,   0.20291,  -0.00121
  24.35475,   0.12729,  -0.00112
  24.27291,   0.03813,  -0.00120
  24.22207,   0.00325,  -0.00081
  23.99036,   0.13559,  -0.00034
  23.64765,   0.40966,   0.00040
  22.49285,   0.56174,   0.00070
  20.76017,   0.51513,   0.00064
  18.05196,   0.32247,   0.00021
  17.05063,   0.07422,  -0.00034
  17.19098,  -0.03493,  -0.00067
  18.15091,   0.07212,  -0.00073
  19.88632,   0.30888,  -0.00057
  21.43372,   0.33307,  -0.00053
  22.66514,   0.34832,  -0.00056
  22.64307,   0.22476,  -0.00077
  21.74372,   0.10492,  -0.00107
  21.76736,   0.15484,  -0.00101
  29.27678,   0.59780,  -0.00204
  28.92002,   0.58000,  -0.00201
  29.04914,   0.49590,  -0.00196
  29.25770,   0.42068,  -0.00177
  30.42334,   0.36800,  -0.00168
  31.42123,   0.41852,  -0.00154
  31.45196,   0.49274,  -0.00137
  30.65207,   0.53249,  -0.00143
  29.40065,   0.44833,  -0.00169
  28.07013,   0.25433,  -0.00229
  27.58223,   0.10876,  -0.00249
  27.81229,   0.09390,  -0.00244
  33.44872,   0.12700,  -0.00184
  19.12106,   0.00227,  -0.00017
  18.86769,   0.09796,   0.00025
  17.82424,  -0.00883,   0.00030
  15.82047,  -0.13743,   0.00020
  14.77282,  -0.32329,  -0.00007
  14.55301,  -0.35842,  -0.00020
  15.80267,  -0.32701,  -0.00016
  17.31339,  -0.20403,   0.00018
  18.25657,  -0.27109,   0.00018
  19.60289,  -0.26317,   0.00050
  20.17910,  -0.18984,   0.00080
  21.45814,  -0.03398,   0.00118
  20.87361,   0.17222,   0.00130
  19.84140,   0.23716,   0.00117
  19.16169,   0.10496,   0.00080
  18.88330,  -0.10461,   0.00047
  31.32891,  -0.12770,   0.00014
  33.21411,  -0.06807,   0.00030
  47.25138,   0.53461,  -0.00014
  47.06377,   0.62944,  -0.00008
  46.39195,   0.64573,  -0.00011
  34.38278,   0.18203,   0.00033
  33.02560,  -0.04362,  -0.00008
  31.86726,  -0.19727,  -0.00027
  20.79668,  -0.15775,   0.00004
  20.78294,  -0.01565,   0.00053
  21.19899,   0.08116,   0.00119
  19.99038,   0.14018,   0.00175
  20.21993,   0.07275,   0.00205
  20.19368,   0.04128,   0.00214
  19.79249,   0.11104,   0.00226
  19.78898,   0.05470,   0.00189
  19.83127,   0.04257,   0.00160
  20.28162,  -0.07235,   0.00131
  20.22918,  -0.27849,   0.00060
  21.78534,  -0.28396,   0.00057
  23.31157,  -0.10052,   0.00077
  24.15849,   0.12999,   0.00108
  23.99658,   0.28409,   0.00130
  22.91844,   0.18171,   0.00100
  21.95153,  -0.08605,   0.00047
  21.72086,  -0.20498,   0.00029
  22.30556,  -0.32654,   0.00005
  23.54077,  -0.24170,   0.00011
  24.53489,  -0.11878,   0.00054
  25.46855,   0.01864,   0.00088
  25.87545,  -0.02705,   0.00086
  25.86451,  -0.09647,   0.00077
  25.29043,  -0.11046,   0.00067
  25.49076,  -0.02435,   0.00055
  24.23211,   0.04648,   0.00054
  23.07318,   0.04216,   0.00061
  21.46538,  -0.00520,   0.00044
  21.92018,  -0.09952,   0.00053
  22.44466,  -0.03392,   0.00072
  23.35327,   0.11062,   0.00099
  24.01827,   0.21776,   0.00110
  23.40513,   0.27503,   0.00095
  22.78526,   0.14891,   0.00059
  23.04083,  -0.12710,  -0.00018
  23.85372,  -0.28205,  -0.00037
  25.22615,  -0.24140,  -0.00021
  27.63874,  -0.03982,   0.00026
  28.77863,   0.19822,   0.00084
  29.12162,   0.30285,   0.00132
  28.65622,   0.21752,   0.00135
  28.49979,   0.14975,   0.00141
  27.94912,   0.03052,   0.00102
  27.82513,   0.01842,   0.00066
  28.42144,   0.00206,   0.00052
  28.79712,   0.00458,   0.00031
  28.74839,  -0.14386,  -0.00016
  29.64600,  -0.20079,  -0.00034
  30.18956,  -0.15380,  -0.00047
  30.63735,  -0.04225,  -0.00053
  28.84798,   0.05006,  -0.00057
  26.94046,   0.02265,  -0.00067
  24.50954,  -0.10391,  -0.00093
  22.69540,  -0.19872,  -0.00102
  22.49136,  -0.32347,  -0.00098
  23.01297,  -0.26117,  -0.00066
  23.08117,  -0.05448,   0.00018
  23.54976,   0.12064,   0.00061
  23.44329,   0.15211,   0.00070
  22.88374,   0.00421,   0.00051
  22.45882,  -0.14361,   0.00011
  22.38659,  -0.18745,  -0.00017
  23.35536,  -0.13906,  -0.00031
  23.85818,   0.03223,  -0.00005
  24.48829,   0.15508,   0.00026
  24.67251,   0.17655,   0.00035
  25.34935,   0.22249,   0.00057
  25.72478,   0.21277,   0.00038
  25.43348,   0.24898,   0.00012
  25.13353,   0.25662,   0.00010
  24.46427,   0.18038,  -0.00023
  24.62096,   0.01303,  -0.00050
  25.54012,  -0.15077,  -0.00078
  27.51363,  -0.18290,  -0.00066
  29.21902,  -0.04825,  -0.00028
  29.74302,   0.17377,   0.00031
  28.92623,   0.28414,   0.00073
  27.22822,   0.19899,   0.00084
  25.55304,  -0.02238,   0.00072
  23.89206,  -0.10436,   0.00067
  23.66331,  -0.17157,   0.00070
  24.07071,  -0.07902,   0.00095
  23.27101,   0.03409,   0.00123
  24.19879,   0.09524,   0.00149
  24.93824,   0.03564,   0.00145
  24.98239,  -0.09929,   0.00097
  24.80217,  -0.15934,   0.00063
  24.27066,  -0.13722,   0.00041
  24.54707,  -0.14367,   0.00012
  24.32103,  -0.15100,   0.00027
  24.91506,  -0.22764,   0.00047
  25.66910,  -0.23152,   0.00078
  27.15006,  -0.21482,   0.00111
  28.07005,  -0.06542,   0.00149
  28.09973,   0.06459,   0.00208
  27.31006,   0.08022,   0.00189
  26.44554,  -0.08434,   0.00144
  26.71919,  -0.38906,   0.00081
  27.24158,  -0.52582,   0.00046
  28.48652,  -0.44843,   0.00035
  30.12983,  -0.31013,   0.00038
  30.13521,  -0.05554,   0.00082
  29.14793,   0.04340,   0.00105
  27.89164,   0.00584,   0.00098
  26.12312,  -0.15475,   0.00074
  24.35783,  -0.25740,   0.00050
  22.66836,  -0.21806,   0.00060
  21.83063,  -0.18241,   0.00071
  22.16454,  -0.16992,   0.00092
  22.26237,  -0.23215,   0.00099
  23.87196,  -0.27544,   0.00106
  24.87083,  -0.26212,   0.00118
  25.41488,  -0.21925,   0.00137
  24.69240,  -0.11811,   0.00154
  23.75182,  -0.13331,   0.00151
  24.56781,  -0.29429,   0.00104
  23.84337,  -0.49034,   0.00081
  23.73669,  -0.52919,   0.00100
  24.62621,  -0.42877,   0.00115
  25.71746,  -0.18734,   0.00134
  25.70240,  -0.05411,   0.00162
  25.97621,  -0.10293,   0.00128
  25.79114,  -0.30940,   0.00059
  25.55366,  -0.53636,  -0.00014
  25.16746,  -0.64596,  -0.00072
  25.53447,  -0.64380,  -0.00102
  25.90123,  -0.51959,  -0.00090
  26.38347,  -0.45392,  -0.00059
  26.02078,  -0.41164,  -0.00035
  25.50908,  -0.46920,  -0.00014
  24.20840,  -0.47439,   0.00004
  23.12589,  -0.30193,   0.00063
  21.75150,  -0.27364,   0.00070
  20.10501,  -0.33720,   0.00068
  19.68456,  -0.49131,   0.00057
  18.97857,  -0.61625,   0.00035
  20.55629,  -0.57530,   0.00052
  22.59047,  -0.41081,   0.00072
  23.33617,  -0.09977,   0.00108
  23.17209,   0.09080,   0.00120
  22.44284,  -0.01564,   0.00073
  21.31907,  -0.13110,   0.00034
  20.33587,  -0.32041,   0.00007
  20.56646,  -0.34726,   0.00001
  22.43109,  -0.14492,   0.00044
  23.43471,  -0.00488,   0.00086
  25.09745,   0.07507,   0.00114
  26.54405,   0.02678,   0.00119
  28.27542,  -0.03842,   0.00129
  28.51430,  -0.01849,   0.00118
  28.11742,   0.07709,   0.00111
  29.42797,   0.05659,   0.00103
  29.47087,  -0.01121,   0.00083
  29.67797,  -0.09573,   0.00062
  30.30893,  -0.16314,   0.00082
  30.49656,  -0.01079,   0.00124
  30.18962,   0.19467,   0.00161
  28.95000,   0.33659,   0.00185
  27.07655,   0.29649,   0.00164
  36.52614,   0.05294,   0.00153
  34.82409,  -0.26595,   0.00101
  34.60879,  -0.48054,   0.00072
  35.35970,  -0.48445,   0.00059
  37.11460,  -0.24411,   0.00101
  38.28703,   0.00926,   0.00151
  38.74014,   0.05310,   0.00160
  37.91410,  -0.00779,   0.00168
  36.74708,  -0.12762,   0.00162
  37.37506,  -0.07195,   0.00182
  36.82562,  -0.04973,   0.00180
  36.91114,   0.01189,   0.00182
  36.78885,   0.01645,   0.00193
  37.75819,  -0.02719,   0.00190
  39.13529,  -0.04863,   0.00181
  40.92615,  -0.02672,   0.00181
  41.59539,   0.10830,   0.00162
  41.19787,   0.22348,   0.00131
  41.26495,   0.11429,   0.00062
  40.29420,  -0.06237,   0.00012
  39.96712,  -0.26350,  -0.00014
  40.32009,  -0.23348,  -0.00007
  40.93099,  -0.10781,   0.00040
  40.24118,   0.14357,   0.00117
  39.55879,   0.26488,   0.00158
  38.17896,   0.20708,   0.00169
  36.47122,   0.08379,   0.00167
  35.50162,  -0.12509,   0.00141
  35.45683,  -0.21488,   0.00122
  36.33167,  -0.15776,   0.00136
  37.80616,  -0.03063,   0.00163
  38.01457,  -0.03033,   0.00146
  38.91006,  -0.01289,   0.00168
  39.42931,  -0.01164,   0.00186
  39.80706,   0.07095,   0.00208
  39.03214,   0.15164,   0.00215
  37.81836,   0.16870,   0.00194
  36.22602,   0.06813,   0.00163
  35.67912,  -0.15059,   0.00121
  36.56007,  -0.34686,   0.00095
  38.16444,  -0.38211,   0.00102
  40.41629,  -0.22383,   0.00127
  41.62601,   0.00122,   0.00145
  42.38516,  -0.01970,   0.00128
  41.23716,  -0.11770,   0.00102
  39.66405,  -0.33515,   0.00066
  39.66785,  -0.43679,   0.00044
  39.29451,  -0.43466,   0.00056
  39.42507,  -0.27931,   0.00093
  38.02241,  -0.10545,   0.00145
  37.31754,  -0.04273,   0.00180
  36.28050,  -0.06843,   0.00184
  34.82595,  -0.10904,   0.00181
  33.65889,  -0.13690,   0.00149
  32.58550,  -0.10253,   0.00117
  31.74872,  -0.20155,   0.00040
  31.52366,  -0.22070,   0.00014
  31.99502,  -0.28676,   0.00006
  32.63156,  -0.26554,   0.00002
  33.43489,  -0.11725,   0.00045
  33.59396,   0.14039,   0.00104
  33.30259,   0.36524,   0.00171
  32.08165,   0.35837,   0.00179
  30.94193,   0.15156,   0.00155
  31.03828,   0.00579,   0.00150
  32.19318,  -0.11569,   0.00125
  34.50536,  -0.02754,   0.00127
  36.67397,   0.09556,   0.00157
  38.81386,   0.29331,   0.00177
  39.66190,   0.34596,   0.00168
  40.41678,   0.24233,   0.00132
  40.05276,   0.15454,   0.00088
  39.20475,   0.09960,   0.00050
  38.35843,   0.12486,   0.00028
  37.62839,   0.11015,   0.00010
  37.47523,   0.01764,   0.00010
  35.94976,   0.06402,   0.00034
  36.55776,   0.00492,   0.00051
  36.99428,   0.05094,   0.00067
  36.67977,   0.18500,   0.00094
  35.99441,   0.24868,   0.00096
  35.24362,   0.18294,   0.00082
  34.51715,  -0.03737,   0.00021
  34.99543,  -0.19644,   0.00015
  36.15153,  -0.17509,   0.00044
  37.54814,   0.07614,   0.00085
  38.57580,   0.36232,   0.00149
  38.67244,   0.53538,   0.00189
  37.88223,   0.57573,   0.00207
  37.03281,   0.40527,   0.00170
  36.71764,   0.21876,   0.00117
  37.87886,   0.15262,   0.00083
  38.88973,   0.21132,   0.00052
  40.25439,   0.32803,   0.00037
  42.33110,   0.22838,  -0.00006
  43.98499,   0.21929,  -0.00014
  44.89954,   0.25699,  -0.00015
  46.76373,   0.38230,  -0.00001
  45.60544,   0.52624,   0.00008
  43.73215,   0.56406,   0.00005
  42.50579,   0.49703,   0.00006
  41.69876,   0.27503,  -0.00002
  41.64527,   0.10616,   0.00004
  41.61762,   0.19308,   0.00048
  42.49517,   0.38741,   0.00086
  42.83645,   0.58517,   0.00116
  42.10476,   0.54663,   0.00096
  40.88275,   0.42118,   0.00063
  39.59085,   0.21499,   0.00014
  39.52662,   0.06481,  -0.00061
  39.42641,   0.07785,  -0.00073
  39.61279,   0.20715,  -0.00058
  38.78277,   0.33848,  -0.00042
  38.74910,   0.35177,  -0.00013
  38.45983,   0.26075,  -0.00001
  38.55612,   0.29822,   0.00029
  37.79730,   0.25070,   0.00007
  37.03155,   0.23228,  -0.00020
  37.26350,   0.10959,  -0.00041
  37.67040,  -0.01488,  -0.00071
  38.90254,  -0.15251,  -0.00086
  40.77362,  -0.21408,  -0.00090
  42.21929,  -0.07335,  -0.00066
  42.75348,   0.16574,  -0.00037
  42.49791,   0.32283,  -0.00010
  40.56397,   0.32460,  -0.00030
  38.25352,   0.13402,  -0.00072
  36.67966,  -0.01583,  -0.00095
  35.98401,  -0.15292,  -0.00124
  36.24189,  -0.10594,  -0.00124
  35.81259,   0.01924,  -0.00100
  36.40190,   0.14405,  -0.00077
  36.56667,   0.14665,  -0.00073
  36.52631,   0.03405,  -0.00101
  35.87820,  -0.04103,  -0.00110
  35.05940,  -0.02634,  -0.00106
  35.52989,   0.05824,  -0.00088
  34.69396,   0.13633,  -0.00067
  35.12545,   0.12344,  -0.00024
  36.00314,   0.07864,   0.00025
  36.58642,   0.18796,   0.00093
  37.85103,   0.28694,   0.00135
  38.40802,   0.42519,   0.00158
  38.57524,   0.41766,   0.00154
  38.12099,   0.33780,   0.00114
  38.23477,   0.14022,   0.00063
  39.79621,  -0.12415,  -0.00008
  41.57774,  -0.15764,  -0.00022
  43.41357,   0.01058,  -0.00001
  44.65269,   0.14755,   0.00020
  44.59323,   0.25715,   0.00047
  43.46981,   0.18432,   0.00052
  42.92446,   0.09384,   0.00054
  41.46187,  -0.10475,   0.00031
  40.24882,  -0.20233,   0.00022
  39.38848,  -0.18781,   0.00044
  39.57577,  -0.16557,   0.00064
  40.10045,  -0.17664,   0.00091
  40.20968,  -0.24766,   0.00088
  40.87166,  -0.20684,   0.00113
  40.90305,  -0.09322,   0.00135
  40.66675,  -0.04829,   0.00124
  39.09514,   0.01738,   0.00119
  37.53311,  -0.05847,   0.00097
  36.23760,  -0.19575,   0.00061
  36.26336,  -0.29577,   0.00063
  37.26033,  -0.22669,   0.00089
  37.76611,  -0.04315,   0.00141
  38.38633,   0.14682,   0.00161
  38.30893,   0.18985,   0.00145
  38.56248,  -0.01653,   0.00100
  38.34102,  -0.21717,   0.00052
  38.74145,  -0.32359,   0.00020
  40.76047,  -0.33267,   0.00010
  42.18493,  -0.17565,   0.00035
  43.38760,  -0.02801,   0.00068
  43.56270,   0.03897,   0.00103
  43.46937,   0.01706,   0.00120
  43.02234,  -0.00977,   0.00124
  42.30498,   0.05358,   0.00153
  40.92876,   0.05539,   0.00131
  39.69722,  -0.00393,   0.00095
  38.19990,  -0.20326,   0.00048
  38.78833,  -0.37151,   0.00017
  40.20101,  -0.43807,   0.00008
  40.78415,  -0.38488,   0.00001
  41.62171,  -0.19598,   0.00031
  41.09368,  -0.06641,   0.00051
  39.15042,  -0.09820,   0.00024
  37.27036,  -0.31594,   0.00003
  35.98830,  -0.57885,  -0.00017
  34.99997,  -0.58359,   0.00005
  35.78890,  -0.53213,   0.00035
  37.40634,  -0.35033,   0.00081
  37.48165,  -0.23801,   0.00131
  38.65391,  -0.23628,   0.00139
  39.39979,  -0.32968,   0.00121
  40.74716,  -0.43735,   0.00092
  40.76088,  -0.40767,   0.00058
  40.60825,  -0.32287,   0.00028
  41.10975,  -0.37830,  -0.00034
  41.46339,  -0.41416,  -0.00053
  42.04821,  -0.48946,  -0.00059
  42.63460,  -0.40789,  -0.00028
  42.72680,  -0.28057,  -0.00010
  41.79042,  -0.10131,  -0.00002
  40.19074,  -0.04769,  -0.00004
  38.19186,  -0.20062,  -0.00054
  36.99058,  -0.48636,  -0.00109
  36.91294,  -0.69428,  -0.00158
  37.86298,  -0.68850,  -0.00147
  39.13121,  -0.43260,  -0.00093
  39.94117,  -0.18758,  -0.00054
  40.03192,   0.00916,  -0.00002
  38.88418,  -0.00665,   0.00023
  38.08351,  -0.01948,   0.00033
  36.33317,  -0.11083,   0.00028
  35.13628,  -0.11972,   0.00027
  34.25095,  -0.06417,   0.00037
  35.04952,  -0.03009,   0.00044
  36.48020,  -0.06372,   0.00045
  37.54400,  -0.15641,   0.00026
  39.08743,  -0.14403,   0.00015
  39.94235,  -0.02307,   0.00005
  41.10959,   0.00629,  -0.00026
  40.25219,   0.01643,  -0.00059
  39.57443,  -0.14856,  -0.00104
  40.25442,  -0.36056,  -0.00152
  40.82628,  -0.48073,  -0.00148
  41.90829,  -0.38831,  -0.00113
  42.10761,  -0.06585,  -0.00008
  41.81527,   0.10377,   0.00027
  40.80399,   0.09510,   0.00029
  39.63082,  -0.02898,   0.00015
  38.59103,  -0.26892,  -0.00035
  38.15756,  -0.40843,  -0.00073
  38.30718,  -0.42957,  -0.00104
  38.92370,  -0.28532,  -0.00091
  39.51923,  -0.17080,  -0.00070
  38.78623,  -0.14211,  -0.00087
  38.74295,  -0.17926,  -0.00071
  38.07153,  -0.19714,  -0.00057
  37.12050,  -0.02575,  -0.00024
  35.46493,  -0.00242,  -0.00026
  34.28360,  -0.06577,  -0.00039
  33.63684,  -0.19794,  -0.00053
  23.02663,  -0.25184,  -0.00103
  24.85410,  -0.28970,  -0.00086
  26.96746,  -0.13325,  -0.00051
  29.12301,   0.04162,  -0.00010
  29.76830,   0.23716,   0.00014
  29.61005,   0.22240,   0.00012
  29.79181,   0.01911,  -0.00031
  30.00508,  -0.11855,  -0.00053
  29.97499,  -0.17480,  -0.00062
  30.49166,  -0.07323,  -0.00052
  30.34636,   0.05480,  -0.00031
  31.00983,   0.11346,  -0.00016
  31.17353,   0.03122,  -0.00020
  30.78407,  -0.08599,  -0.00044
  30.69113,  -0.17920,  -0.00069
  29.34264,  -0.20700,  -0.00101
  28.81184,  -0.25781,  -0.00132
  28.56352,  -0.29260,  -0.00134
  28.53356,  -0.37945,  -0.00152
  29.13272,  -0.46233,  -0.00125
  29.55320,  -0.45005,  -0.00084
  29.05418,  -0.24988,  -0.00009
  28.18951,  -0.10020,   0.00032
  26.90391,  -0.07774,   0.00047
  24.90935,  -0.19468,   0.00034
  24.03494,  -0.43723,  -0.00005
  23.82769,  -0.62742,  -0.00040
  24.22604,  -0.61719,  -0.00050
  25.21308,  -0.55929,  -0.00055
  26.67541,  -0.32600,  -0.00038
  27.24511,  -0.22683,  -0.00036
  26.91437,  -0.36316,  -0.00083
  26.96656,  -0.44498,  -0.00115
  25.76063,  -0.50779,  -0.00154
  24.87926,  -0.46697,  -0.00175
  24.40575,  -0.39235,  -0.00164
  24.67497,  -0.38511,  -0.00155
  25.44638,  -0.45045,  -0.00143
  25.36245,  -0.46841,  -0.00108
  26.18109,  -0.45056,  -0.00103
  26.25970,  -0.32764,  -0.00094
  26.03347,  -0.26298,  -0.00076
  25.47511,  -0.23398,  -0.00084
  24.85795,  -0.35337,  -0.00103
  24.26754,  -0.50868,  -0.00148
  24.45435,  -0.56965,  -0.00145
  24.89666,  -0.45837,  -0.00111
  24.50468,  -0.19578,  -0.00052
  24.76752,  -0.01419,  -0.00009
  24.28651,  -0.01885,   0.00004
  22.51504,  -0.11429,  -0.00017
  21.78648,  -0.34457,  -0.00066
  21.64729,  -0.47494,  -0.00107
  22.70883,  -0.43147,  -0.00112
  24.01684,  -0.39721,  -0.00117
  26.11115,  -0.31180,  -0.00089
  28.12056,  -0.29750,  -0.00063
  29.21536,  -0.32968,  -0.00062
  42.12873,  -0.32194,   0.00032
  41.94536,  -0.22076,   0.00046
  41.91845,  -0.13492,   0.00061
  40.99916,  -0.17596,   0.00041
  40.60945,  -0.29772,   0.00019
  41.25888,  -0.48963,  -0.00002
  42.19532,  -0.49919,   0.00014
  43.88583,  -0.35400,   0.00033
  44.84606,  -0.24458,   0.00039
  44.40718,  -0.09762,   0.00029
  43.11230,  -0.15096,  -0.00013
  42.74483,  -0.38887,  -0.00107
  41.54208,  -0.57836,  -0.00150
  40.82874,  -0.58895,  -0.00150
  40.99852,  -0.38233,  -0.00122
  41.29533,  -0.18157,  -0.00064
  40.52518,  -0.05098,  -0.00006
  40.21032,  -0.07569,   0.00033
  40.15086,  -0.06434,   0.00069
  39.43143,  -0.08947,   0.00064
  38.98936,  -0.03223,   0.00059
  39.73697,  -0.06890,   0.00036
  40.56348,  -0.05624,   0.00022
  42.18969,  -0.09599,   0.00012
  32.91501,  -0.13964,  -0.00045
  34.55743,  -0.03475,  -0.00032
  35.40315,   0.20022,  -0.00008
  36.06277,   0.37814,   0.00012
  34.85328,   0.39641,  -0.00011
  33.41306,   0.20907,  -0.00066
  32.72977,  -0.01062,  -0.00128
  32.72204,  -0.16003,  -0.00158
  33.54859,  -0.16293,  -0.00179
  34.78805,  -0.01485,  -0.00164
  35.41339,   0.06202,  -0.00129
  35.82160,   0.08139,  -0.00110
  35.62187,  -0.01461,  -0.00115
  35.24254,  -0.11455,  -0.00133
  34.01069,  -0.12005,  -0.00120
  32.90222,  -0.09365,  -0.00118
  31.88363,  -0.07150,  -0.00103
  30.48377,  -0.04134,  -0.00081
  30.53857,  -0.11210,  -0.00059
  31.07699,  -0.16252,  -0.00043
  30.78319,  -0.07059,  -0.00016
  30.55952,   0.02524,  -0.00017
  29.67242,   0.09864,  -0.00034
  28.70554,   0.01394,  -0.00073
  28.17692,  -0.14832,  -0.00139
  28.54952,  -0.30299,  -0.00177
  29.74680,  -0.34982,  -0.00191
  31.53101,  -0.20761,  -0.00170
  32.66856,  -0.04656,  -0.00158
  33.07417,   0.13058,  -0.00111
  32.74657,   0.13450,  -0.00095
  32.09168,   0.04612,  -0.00101
  31.69843,  -0.06845,  -0.00104
  31.44597,  -0.11391,  -0.00128
  31.70791,  -0.04625,  -0.00130
  32.45569,  -0.00618,  -0.00111
  33.27194,  -0.03358,  -0.00118
  34.18762,  -0.06549,  -0.00106
  34.76657,  -0.06284,  -0.00100
  35.52731,  -0.00419,  -0.00099
  34.41140,   0.12978,  -0.00095
  32.57634,   0.19657,  -0.00098
  30.67787,   0.14065,  -0.00130
  29.37231,  -0.04277,  -0.00147
  29.06853,  -0.20206,  -0.00146
  28.82627,  -0.14650,  -0.00112
  29.83283,  -0.01004,  -0.00071
  30.61712,   0.18690,  -0.00023
  37.49084,   0.23038,  -0.00015
  36.97524,   0.13541,  -0.00023
  37.01163,  -0.08242,  -0.00074
  37.35128,  -0.21485,  -0.00106
  38.80941,  -0.21546,  -0.00115
  39.90910,  -0.03524,  -0.00081
  40.26194,   0.08700,  -0.00046
  40.59513,   0.14551,  -0.00011
  40.57903,   0.15686,   0.00006
  40.49496,   0.09204,  -0.00015
  40.51278,   0.12187,  -0.00022
  39.57542,   0.15334,  -0.00067
  34.40995,   0.05180,  -0.00090
  34.01652,  -0.04981,  -0.00128
  33.86190,  -0.24041,  -0.00180
  34.94023,  -0.32399,  -0.00191
  36.13170,  -0.23510,  -0.00178
  36.79395,  -0.02922,  -0.00137
  32.80936,   0.18517,  -0.00087
  31.26476,   0.21725,  -0.00067
  29.58005,   0.07501,  -0.00070
  28.00981,  -0.01762,  -0.00074
  27.50839,  -0.13286,  -0.00073
  27.71269,  -0.08885,  -0.00051
  27.24512,   0.06053,  -0.00004
  28.36480,   0.21529,   0.00034
  29.38920,   0.25208,   0.00049
  29.37672,   0.15647,   0.00023
  29.64398,   0.09376,  -0.00010
  29.58338,   0.11333,  -0.00041
  30.21021,   0.15739,  -0.00061
  29.71382,   0.17883,  -0.00093
  30.22030,   0.15438,  -0.00086
  31.12693,   0.06455,  -0.00073
  31.73403,   0.10091,  -0.00039
  32.79181,   0.14604,  -0.00029
  33.01685,   0.26285,  -0.00022
  32.97570,   0.35368,   0.00008
  32.51886,   0.24741,  -0.00019
  32.45100,   0.02500,  -0.00060
  32.96181,  -0.19010,  -0.00092
  34.37124,  -0.28244,  -0.00107
  35.60891,  -0.13630,  -0.00078
  36.20628,   0.09534,  -0.00028
  35.75563,   0.20455,  -0.00006
  34.52371,   0.18025,   0.00003
  32.65757,   0.02625,  -0.00021
  30.94472,  -0.03218,  -0.00043
  29.22831,  -0.08923,  -0.00073
  28.22754,  -0.05484,  -0.00084
  27.02322,  -0.05021,  -0.00089
  27.57676,  -0.05984,  -0.00080
  28.47514,  -0.12100,  -0.00079
  29.29511,  -0.15891,  -0.00085
  29.57096,  -0.06695,  -0.00081
  29.06829,   0.09163,  -0.00069
  29.15760,   0.13113,  -0.00063
  28.31200,   0.08630,  -0.00085
  27.95950,  -0.04048,  -0.00092
  28.31248,  -0.14082,  -0.00090
  29.30232,  -0.06452,  -0.00046
  30.24514,   0.15614,  -0.00007
  30.87734,   0.40412,   0.00020
  30.49956,   0.46107,   0.00029
  30.17948,   0.34145,  -0.00016
  29.57887,   0.14740,  -0.00083
  29.31978,   0.02867,  -0.00149
  30.16352,   0.02831,  -0.00187
  30.29033,   0.07877,  -0.00205
  30.48911,   0.20013,  -0.00175
  30.46662,   0.20545,  -0.00142
  29.90372,   0.17459,  -0.00133
  29.42406,   0.21657,  -0.00101
  27.96832,   0.21022,  -0.00094
  26.29317,   0.22228,  -0.00087
  25.12434,   0.21840,  -0.00065
  24.72598,   0.08875,  -0.00065
  24.12162,  -0.05941,  -0.00073
  25.51079,  -0.14971,  -0.00053
  27.15611,  -0.06519,  -0.00018
  28.26405,   0.12162,   0.00022
  28.51345,   0.32211,   0.00053
  26.98888,   0.28257,   0.00054
  25.76481,   0.15417,   0.00027
  25.04463,  -0.01856,  -0.00011
  25.19367,  -0.01739,  -0.00027
  25.91522,   0.05696,  -0.00019
  26.83742,   0.20532,   0.00011
  27.31719,   0.30227,   0.00050
  27.96621,   0.26128,   0.00052
  28.39575,   0.14671,   0.00029
  28.87169,   0.07423,   0.00002
  29.81000,   0.02646,  -0.00027
  29.50986,   0.10325,  -0.00029
  29.34282,   0.14630,  -0.00012
  30.02394,   0.07733,  -0.00012
  30.54732,   0.01465,   0.00025
  31.23734,   0.02716,   0.00070
  31.62455,   0.20494,   0.00136
  30.82961,   0.38108,   0.00179
  29.15569,   0.46342,   0.00196
  27.14919,   0.36859,   0.00182
  26.39353,   0.14248,   0.00102
  26.08360,  -0.03671,   0.00064
  27.25676,  -0.11749,   0.00042
  28.91025,   0.06910,   0.00069
  30.34884,   0.32272,   0.00113
  30.65437,   0.33844,   0.00120
  30.50834,   0.31943,   0.00119
  29.68975,   0.18382,   0.00109
  28.84512,   0.07545,   0.00095
  29.24944,   0.12603,   0.00106
  40.76090,   0.10790,   0.00178
  41.16747,   0.13042,   0.00200
  41.94736,   0.09151,   0.00216
  42.53369,   0.02274,   0.00233
  44.01715,   0.01033,   0.00227
  45.08764,   0.08389,   0.00215
  46.08228,   0.06913,   0.00193
  45.31518,   0.08761,   0.00155
  44.10363,  -0.04347,   0.00101
  43.18336,  -0.26027,   0.00037
  42.86563,  -0.39232,   0.00020
  43.09114,  -0.35790,   0.00036
  41.97103,  -0.13755,   0.00091
  41.11373,   0.02439,   0.00127
  39.44618,   0.03097,   0.00135
  36.68038,  -0.06332,   0.00131
  34.86892,  -0.31879,   0.00088
  34.08562,  -0.49034,   0.00054
  34.20564,  -0.52327,   0.00036
  35.43523,  -0.37126,   0.00066
  36.94960,  -0.21127,   0.00110
  37.17979,  -0.16516,   0.00123
  38.00070,  -0.15838,   0.00147
  38.31781,  -0.13471,   0.00164
  38.70825,   0.00642,   0.00201
  38.01707,   0.09743,   0.00197
  37.39347,   0.10980,   0.00170
  36.38964,   0.01685,   0.00150
  37.47224,  -0.12375,   0.00123
  39.67029,  -0.18192,   0.00102
  41.76629,  -0.11656,   0.00111
  43.99324,   0.10874,   0.00123
  44.84620,   0.28944,   0.00124
  44.86074,   0.17767,   0.00082
  44.83129,   0.00735,   0.00031
  43.90528,  -0.22011,  -0.00011
  43.57014,  -0.32362,  -0.00018
  43.42312,  -0.15709,   0.00034
  44.13189,   0.03671,   0.00099
  44.21781,   0.16808,   0.00166
  42.13129,   0.24175,   0.00224
  41.30660,   0.12520,   0.00221
  40.64984,   0.02010,   0.00194
  40.75978,  -0.03692,   0.00163
  40.74304,   0.00687,   0.00136
  41.03960,   0.05147,   0.00112
  40.63025,  -0.08478,   0.00037
  41.69283,  -0.11300,   0.00047
  42.93906,  -0.03838,   0.00069
  44.13229,   0.21204,   0.00106
  43.84124,   0.44081,   0.00138
  42.63334,   0.52441,   0.00142
  41.69465,   0.47744,   0.00123
  40.46185,   0.21625,   0.00075
  40.83009,  -0.01289,   0.00041
  43.31466,  -0.04560,   0.00054
  45.89396,   0.16037,   0.00085
  48.30272,   0.43675,   0.00125
  50.38626,   0.47445,   0.00140
  50.39721,   0.48086,   0.00121
  49.60227,   0.39383,   0.00079
  50.48571,   0.38061,   0.00052
  49.21802,   0.40959,   0.00036
  48.37335,   0.48879,   0.00027
  47.46966,   0.53485,   0.00030
  47.31957,   0.46508,   0.00043
  47.26041,   0.38884,   0.00052
  46.59124,   0.48094,   0.00072
  46.86399,   0.55409,   0.00074
  46.16216,   0.64613,   0.00061
  45.27331,   0.62884,   0.00034
  44.44573,   0.39647,  -0.00028
  44.21900,   0.22767,  -0.00065
  45.13995,   0.12692,  -0.00055
  46.58205,   0.23489,  -0.00010
  47.34687,   0.50408,   0.00065
  47.28231,   0.73874,   0.00141
  46.77432,   0.75737,   0.00163
  46.08463,   0.60867,   0.00146
  46.34312,   0.51092,   0.00131
  46.57778,   0.35468,   0.00085
  47.41305,   0.32974,   0.00055
  48.26337,   0.30209,   0.00036
  49.86986,   0.33341,   0.00025
  51.29105,   0.29504,   0.00012
  52.40092,   0.22249,  -0.00018
  52.87118,   0.21442,  -0.00035
  52.35045,   0.26781,  -0.00048
  51.67917,   0.35553,  -0.00053
  50.00977,   0.29312,  -0.00074
  48.72414,   0.10250,  -0.00092
  47.57936,   0.04064,  -0.00076
  47.90067,  -0.03295,  -0.00051
  48.57693,   0.06686,  -0.00011
  48.05555,   0.21110,   0.00047
  47.36614,   0.34157,   0.00070
  46.31061,   0.32038,   0.00064
  45.79174,   0.11935,   0.00009
  45.15872,  -0.01907,  -0.00015
  45.57985,  -0.04220,  -0.00039
  46.29185,   0.12606,  -0.00013
  46.94067,   0.34351,   0.00028
  46.50535,   0.47733,   0.00058
  46.31473,   0.48760,   0.00082
  45.96061,   0.40176,   0.00072
  46.58491,   0.37700,   0.00081
  46.06848,   0.36489,   0.00047
  45.79240,   0.38179,   0.00013
  46.68481,   0.22775,  -0.00035
  48.06842,   0.08917,  -0.00053
  49.80741,  -0.00837,  -0.00052
  51.50716,   0.00511,  -0.00027
  52.41438,   0.20275,   0.00015
  51.98462,   0.42167,   0.00058
  50.99691,   0.49071,   0.00085
  48.80333,   0.35556,   0.00062
  47.00691,   0.11550,   0.00025
  45.93627,   0.02772,   0.00022
  46.13708,  -0.01249,   0.00017
  46.73089,   0.09453,   0.00037
  45.65004,   0.16627,   0.00058
  45.60453,   0.21008,   0.00066
  32.64567,   0.13178,  -0.00049
  31.85730,  -0.01552,  -0.00083
  30.58568,  -0.07820,  -0.00111
  29.97949,  -0.03762,  -0.00135
  29.36757,   0.04181,  -0.00117
  29.73424,   0.06019,  -0.00087
  29.01454,   0.07672,  -0.00061
  30.01212,   0.00666,  -0.00024
  30.93571,   0.03360,   0.00006
  31.23611,   0.20925,   0.00073
  31.38150,   0.35069,   0.00083
  31.24142,   0.35751,   0.00062
  31.22235,   0.11245,   0.00010
  32.24305,  -0.15816,  -0.00055
  34.29090,  -0.20643,  -0.00069
  36.87038,   0.01998,  -0.00042
  38.83720,   0.26270,  -0.00019
  39.26330,   0.52711,   0.00019
  38.41754,   0.53701,   0.00020
  37.08072,   0.38552,  -0.00011
  35.90924,   0.25697,  -0.00023
  34.63514,   0.14843,  -0.00049
  34.46676,   0.28267,   0.00040
  35.05429,   0.37899,   0.00054
  34.41564,   0.20982,  -0.00007
  36.07196,   0.16837,   0.00026
  37.04799,   0.13750,   0.00048
  37.61827,   0.22137,   0.00074
  38.10754,   0.35656,   0.00093
  36.50108,   0.47935,   0.00110
  35.08264,   0.43925,   0.00113
  34.00401,   0.32501,   0.00084
  34.30846,   0.15125,   0.00087
  35.62153,   0.13011,   0.00108
  36.09429,   0.31449,   0.00147
  37.27925,   0.55542,   0.00159
  37.32951,   0.64568,   0.00141
  36.59892,   0.45267,   0.00083
  35.98198,   0.20916,   0.00007
  37.18617,  -0.01712,  -0.00075
  37.68917,  -0.01710,  -0.00112
  38.63445,   0.14798,  -0.00112
  40.08645,   0.25715,  -0.00103
  40.34346,   0.33639,  -0.00069
  39.96551,   0.27592,  -0.00052
  39.95144,   0.31646,  -0.00008
  38.22465,   0.29213,  -0.00016
  36.37170,   0.33926,  -0.00033
  34.84426,   0.35029,  -0.00032
  33.73995,   0.27550,  -0.00053
  32.79486,   0.10380,  -0.00091
  33.68783,   0.01304,  -0.00099
  34.68682,   0.06564,  -0.00099
  35.34728,   0.32671,  -0.00082
  35.18213,   0.51800,  -0.00044
  33.16188,   0.57471,  -0.00043
  30.86245,   0.44760,  -0.00066
  29.67723,   0.34174,  -0.00100
  29.34438,   0.21861,  -0.00118
  29.94729,   0.26137,  -0.00111
  30.29121,   0.44022,  -0.00058
  31.25320,   0.58219,  -0.00018
  32.00475,   0.60417,  -0.00001
  32.40748,   0.51283,  -0.00008
  32.94086,   0.41435,  -0.00043
  33.29038,   0.40692,  -0.00076
  34.22392,   0.40522,  -0.00098
  34.43164,   0.48564,  -0.00098
  34.91040,   0.48792,  -0.00089
  34.90457,   0.45100,  -0.00088
  35.73467,   0.39388,  -0.00076
  36.45442,   0.45866,  -0.00062
  49.54792,   0.64634,   0.00031
  48.12131,   0.71781,   0.00013
  46.23933,   0.64072,  -0.00031
  44.88318,   0.37535,  -0.00096
  30.39489,   0.18773,  -0.00173
  31.26938,   0.08935,  -0.00194
  32.65900,   0.15010,  -0.00177
  33.60984,   0.36963,  -0.00119
  33.32790,   0.50380,  -0.00073
  32.34316,   0.52718,  -0.00033
  31.44142,   0.50456,  -0.00023
  30.23081,   0.37623,  -0.00025
  29.28291,   0.34873,  -0.00021
  28.75913,   0.46436,   0.00007
  29.08079,   0.56472,   0.00037
  30.08854,   0.60425,   0.00065
  43.44912,   0.55901,   0.00108
  45.14408,   0.56460,   0.00103
  46.56717,   0.66778,   0.00090
  48.45219,   0.70285,   0.00058
  47.83199,   0.84151,   0.00022
  48.50531,   0.76387,  -0.00066
  48.48681,   0.60245,  -0.00105
  49.27808,   0.42402,  -0.00110
  50.09136,   0.51699,  -0.00070
  50.64235,   0.69845,  -0.00015
  50.22642,   0.92493,   0.00070
  48.94547,   0.98020,   0.00082
  47.14856,   0.82401,   0.00054
  46.16120,   0.60541,   0.00021
  45.43788,   0.40052,  -0.00016
  45.52478,   0.37384,  -0.00025
  45.63425,   0.39675,  -0.00035
  46.24992,   0.55283,   0.00007
  46.49038,   0.61958,   0.00044
  45.12956,   0.57559,   0.00042
  44.76148,   0.63740,   0.00066
  43.69704,   0.63949,   0.00064
  42.07552,   0.65489,   0.00054
  40.20781,   0.65536,   0.00038
  38.01272,   0.52355,  -0.00001
  38.55905,   0.31116,  -0.00021
  40.31878,   0.19543,  -0.00024
  41.77060,   0.23364,  -0.00000
  43.78751,   0.42181,   0.00024
  44.67916,   0.60610,   0.00033
  44.78114,   0.56687,   0.00010
  43.98147,   0.41259,  -0.00027
  43.60245,   0.19001,  -0.00067
  44.23580,   0.16303,  -0.00069
  44.75512,   0.20743,  -0.00057
  45.39837,   0.37601,  -0.00022
  44.43774,   0.52231,   0.00032
  44.38634,   0.51933,   0.00034
  44.08900,   0.40081,   0.00004
  43.70532,   0.28451,  -0.00026
  42.92064,   0.22019,  -0.00074
  42.12062,   0.25909,  -0.00111
  40.99349,   0.18990,  -0.00186
  41.04127,   0.18074,  -0.00194
  41.72880,   0.13350,  -0.00176
  41.36737,   0.23388,  -0.00137
  41.51585,   0.38137,  -0.00079
  40.75875,   0.59768,  -0.00019
  38.79927,   0.80176,   0.00044
  37.07279,   0.72724,   0.00041
  36.09035,   0.48632,   0.00011
  35.95606,   0.29979,  -0.00015
  37.64971,   0.23885,  -0.00021
  40.52128,   0.42720,   0.00016
  42.70716,   0.52137,   0.00026
  44.24358,   0.72309,   0.00048
  44.33364,   0.74035,   0.00032
  44.59377,   0.59338,  -0.00024
  45.25559,   0.51977,  -0.00068
  44.63518,   0.50784,  -0.00113
  44.62461,   0.59487,  -0.00139
  43.92570,   0.63632,  -0.00138
  44.05749,   0.54171,  -0.00133
  44.28596,   0.39763,  -0.00129
  44.42463,   0.39052,  -0.00101
  44.62522,   0.47237,  -0.00102
  43.69218,   0.60357,  -0.00102
  43.15077,   0.53515,  -0.00137
  41.40349,   0.42478,  -0.00162
  40.45461,   0.20792,  -0.00184
  40.40016,   0.14034,  -0.00193
  40.89166,   0.24865,  -0.00140
  41.13497,   0.53836,  -0.00059
  39.82649,   0.84536,   0.00022
  38.71108,   0.94379,   0.00051
  37.32233,   0.83952,   0.00032
  36.31997,   0.72040,  -0.00011
  36.15021,   0.54114,  -0.00067
  36.77866,   0.54465,  -0.00090
  38.37693,   0.63921,  -0.00093
  39.73010,   0.68212,  -0.00110
  41.74867,   0.73986,  -0.00097
  43.58266,   0.72679,  -0.00093
  45.25337,   0.74665,  -0.00089
  47.14869,   0.88747,  -0.00056
  46.23714,   0.97873,  -0.00044
  45.04356,   0.97173,  -0.00048
  44.97063,   0.85730,  -0.00047
  44.84813,   0.71280,  -0.00035
  46.04706,   0.57938,  -0.00026
  47.58788,   0.62423,   0.00002
  48.60928,   0.74176,   0.00044
  48.83428,   0.88544,   0.00058
  48.04886,   0.87731,   0.00043
  47.46824,   0.67034,  -0.00030
  46.71887,   0.44450,  -0.00080
  46.47942,   0.32660,  -0.00102
  46.35440,   0.44020,  -0.00095
  46.39217,   0.60474,  -0.00043
  45.98086,   0.71405,   0.00011
  44.21943,   0.77921,   0.00054
  43.79695,   0.65236,   0.00064
  43.41301,   0.52204,   0.00053
  43.83248,   0.50271,   0.00052
  43.45991,   0.51720,   0.00046
  43.56938,   0.52274,   0.00044
  44.46190,   0.33173,  -0.00001
  46.08308,   0.26719,   0.00006
  47.93484,   0.29698,   0.00029
  49.90799,   0.42128,   0.00055
  50.14530,   0.64189,   0.00085
  48.93742,   0.77540,   0.00083
  48.05396,   0.73591,   0.00057
  46.27572,   0.51820,  -0.00000
  45.55167,   0.27891,  -0.00051
  46.03053,   0.20504,  -0.00055
  47.12600,   0.32124,  -0.00050
  48.09081,   0.51741,  -0.00030
  47.90566,   0.49308,  -0.00037
  47.36425,   0.45798,  -0.00050
  46.26598,   0.32666,  -0.00078
  46.33969,   0.23714,  -0.00107
  45.13181,   0.24580,  -0.00104
  44.11274,   0.33286,  -0.00076
  42.34424,   0.41506,  -0.00038
  41.67542,   0.39832,   0.00010
  41.61617,   0.34155,   0.00050
  41.25007,   0.42173,   0.00107
  41.62961,   0.50528,   0.00126
  41.43205,   0.60470,   0.00129
  40.52807,   0.52323,   0.00099
  39.89365,   0.38689,   0.00044
  40.10257,   0.18435,  -0.00012
  40.91061,   0.00503,  -0.00067
  42.84233,   0.04455,  -0.00061
  44.54671,   0.26487,  -0.00021
  44.83892,   0.45762,   0.00021
  44.31975,   0.57731,   0.00057
  43.27094,   0.42364,   0.00031
  42.36900,   0.16663,  -0.00019
  42.62571,   0.08539,  -0.00015
  42.76712,   0.02848,  -0.00029
  43.62934,   0.10456,  -0.00017
  43.50528,   0.09354,   0.00004
  44.70220,   0.09562,   0.00023
  45.77192,   0.05219,   0.00031
  46.33540,   0.05960,   0.00031
  45.97184,   0.16334,   0.00042
  44.63397,   0.29724,   0.00048
  42.57164,   0.34226,   0.00019
  40.92557,   0.24686,   0.00006
  40.45430,   0.08023,   0.00003
  39.79183,   0.10594,   0.00031
  41.26612,   0.21426,   0.00070
  42.43354,   0.46423,   0.00118
  42.16670,   0.58313,   0.00138
  41.74299,   0.59824,   0.00125
  41.54773,   0.42567,   0.00081
  43.06607,   0.16107,   0.00012
  44.23974,   0.12236,   0.00012
  46.25189,   0.34038,   0.00065
  48.56241,   0.56195,   0.00112
  49.84484,   0.75506,   0.00168
  50.28118,   0.77080,   0.00196
  50.92949,   0.76272,   0.00233
  50.60223,   0.67607,   0.00208
  49.76360,   0.65883,   0.00169
  49.53669,   0.61692,   0.00144
  48.94901,   0.57672,   0.00103
  49.43116,   0.44493,   0.00062
  50.15200,   0.19644,  -0.00005
  51.89447,   0.18131,  -0.00011
  53.05653,   0.34892,   0.00006
  53.01848,   0.54454,   0.00017
  50.92469,   0.63819,   0.00025
  47.97250,   0.50274,   0.00007
  45.85468,   0.40024,  -0.00018
  44.26295,   0.13510,  -0.00028
  43.80677,   0.04647,  -0.00008
  43.00498,   0.23206,   0.00058
  43.66316,   0.43278,   0.00105
  44.23820,   0.53244,   0.00129
  44.12343,   0.44712,   0.00122
  44.39647,   0.32041,   0.00094
  44.47368,   0.24325,   0.00060
  45.15354,   0.26782,   0.00031
  31.97752,   0.37851,  -0.00047
  31.99211,   0.42654,  -0.00054
  32.51076,   0.39914,  -0.00064
  32.85585,   0.45696,  -0.00052
  33.84521,   0.48380,  -0.00059
  34.20034,   0.59956,  -0.00070
  34.17947,   0.71381,  -0.00034
  32.93662,   0.66763,  -0.00073
  32.01717,   0.47680,  -0.00126
  31.91807,   0.22175,  -0.00179
  33.17553,   0.07135,  -0.00201
  34.72606,   0.15964,  -0.00179
  35.79970,   0.42031,  -0.00123
  36.47203,   0.62263,  -0.00064
  35.64817,   0.67973,  -0.00027
  34.09838,   0.54888,  -0.00022
  32.52536,   0.50828,  -0.00015
  30.90025,   0.37310,  -0.00029
  29.76154,   0.36520,  -0.00032
  29.31972,   0.44274,  -0.00013
  40.94808,   0.37840,   0.00038
  42.01733,   0.33021,   0.00044
  43.13581,   0.24269,   0.00040
  44.02191,   0.22489,   0.00020
  44.28384,   0.32184,   0.00020
  44.63454,   0.36736,  -0.00005
  43.50821,   0.36128,  -0.00017
  43.30513,   0.22321,  -0.00034
  44.43913,   0.12675,  -0.00039
  45.79884,   0.06921,  -0.00008
  46.75833,   0.23458,   0.00093
  47.11214,   0.44169,   0.00143
  46.63319,   0.55911,   0.00159
  46.44949,   0.44855,   0.00148
  45.65508,   0.23504,   0.00088
  45.34025,   0.01397,   0.00031
  46.66239,  -0.14770,  -0.00016
  47.41389,  -0.00252,  -0.00013
  47.82309,   0.24070,   0.00013
  46.80068,   0.28046,   0.00001
  45.86331,   0.28062,   0.00015
  44.66934,   0.20445,   0.00018
  43.92287,   0.31062,   0.00054
  41.82474,   0.32207,   0.00054
  39.71289,   0.33834,   0.00047
  37.55683,   0.30342,   0.00039
  37.28092,   0.17852,   0.00051
  38.32383,   0.06063,   0.00076
  39.62329,   0.05651,   0.00104
  41.53996,   0.28736,   0.00160
  42.50901,   0.54979,   0.00205
  42.92364,   0.58366,   0.00208
  41.97763,   0.51440,   0.00192
  41.36410,   0.31259,   0.00164
  42.08186,   0.24047,   0.00157
  43.26261,   0.24268,   0.00165
  44.65463,   0.41011,   0.00190
  44.24882,   0.53465,   0.00228
  44.78788,   0.55009,   0.00225
  45.00561,   0.41985,   0.00192
  45.66307,   0.25251,   0.00158
  46.02795,   0.12940,   0.00111
  46.38817,   0.10097,   0.00080
  46.94876,   0.03823,   0.00038
  47.26229,   0.03902,   0.00045
  47.63249,  -0.02149,   0.00072
  33.37085,   0.14642,   0.00061
  33.33851,   0.18139,   0.00110
  32.68274,   0.30905,   0.00153
  30.95849,   0.47382,   0.00200
  29.44422,   0.40329,   0.00192
  28.11113,   0.19133,   0.00166
  26.10059,  -0.00594,   0.00127
  26.58190,  -0.12460,   0.00120
  27.58728,  -0.12486,   0.00104
  29.42567,   0.16084,   0.00135
  30.53062,   0.42978,   0.00163
  30.43189,   0.41840,   0.00130
  29.41330,   0.29662,   0.00107
  28.30712,   0.13793,   0.00078
  28.68342,   0.18534,   0.00070
  28.70216,   0.23908,   0.00065
  28.94840,   0.30250,   0.00081
  29.94168,   0.33333,   0.00100
  31.29776,   0.29701,   0.00115
  32.89989,   0.25002,   0.00146
  34.03899,   0.32173,   0.00138
  34.34149,   0.50035,   0.00128
  43.43822,   0.51409,   0.00109
  42.21986,   0.49013,   0.00083
  42.37436,   0.33217,   0.00021
  42.41818,   0.19022,   0.00003
  42.90184,   0.24920,   0.00012
  43.36557,   0.45018,   0.00047
  42.88445,   0.67803,   0.00084
  40.06183,   0.76399,   0.00110
  38.17641,   0.64627,   0.00078
  36.64734,   0.39191,   0.00022
  35.31156,   0.22202,  -0.00025
  35.17612,   0.15515,  -0.00057
  28.95749,   0.20455,  -0.00051
  29.98928,   0.35380,  -0.00024
  30.50833,   0.36978,  -0.00022
  31.17604,   0.36100,   0.00002
  48.09434,   0.46489,   0.00096
  47.58841,   0.51455,   0.00111
  31.30025,   0.51069,   0.00087
  30.34553,   0.56382,   0.00079
  29.70176,   0.54066,   0.00066
  30.15001,   0.41916,   0.00042
  43.45303,   0.50754,  -0.00025
  45.88704,   0.55382,  -0.00023
  48.47992,   0.65646,  -0.00015
  48.95825,   0.88868,  -0.00020
  47.71760,   0.95575,  -0.00058
  47.16231,   0.77311,  -0.00145
  45.64923,   0.50910,  -0.00204
  46.02691,   0.48645,  -0.00230
  46.51005,   0.54783,  -0.00214
  47.00501,   0.75783,  -0.00158
  45.83901,   0.99289,  -0.00078
  45.08606,   1.00696,  -0.00027
  44.16432,   1.02648,   0.00012
  43.59052,   0.88800,  -0.00002
  43.01564,   0.83680,  -0.00015
  43.27273,   0.91684,   0.00006
  43.19857,   0.90263,  -0.00032
  44.36095,   0.95299,  -0.00015
  46.11135,   0.93966,   0.00001
  47.26986,   0.93314,  -0.00009
  34.69239,   1.05182,   0.00046
  35.03500,   1.29615,   0.00083
  34.26070,   1.43451,   0.00095
  33.77842,   1.37453,   0.00069
  32.67249,   1.11193,   0.00015
  32.85784,   0.82302,  -0.00038
  48.81771,   0.79554,   0.00021
  51.45187,   0.85758,   0.00032
  53.54734,   1.05396,   0.00064
  54.99345,   1.04323,   0.00067
  54.79551,   1.03101,   0.00065
  54.19176,   0.90699,   0.00042
  55.18409,   0.80945,   0.00015
  53.98387,   0.76906,   0.00008
  52.75899,   0.81122,   0.00020
  51.64993,   0.86703,   0.00035
  50.73359,   0.83222,   0.00058
  48.95671,   0.80749,   0.00081
  48.60303,   0.75245,   0.00086
  48.28615,   0.78293,   0.00083
  47.79864,   0.81380,   0.00070
  46.22731,   0.85947,   0.00036
  44.61214,   0.77569,  -0.00008
  44.33254,   0.55414,  -0.00096
  44.75881,   0.44104,  -0.00108
  45.89341,   0.49305,  -0.00088
  46.76822,   0.72710,  -0.00036
  46.94848,   0.98737,   0.00028
  45.89155,   1.12941,   0.00087
  44.45142,   1.01700,   0.00080
  43.16396,   0.78454,   0.00043
  43.45329,   0.66348,   0.00037
  44.08128,   0.61961,   0.00013
  45.46886,   0.71209,   0.00008
  46.15034,   0.68671,   0.00006
  47.36295,   0.72263,   0.00009
  48.21036,   0.68935,   0.00001
  48.72554,   0.62716,  -0.00024
  49.24681,   0.67257,  -0.00030
  48.02933,   0.73276,  -0.00045
  46.40430,   0.73434,  -0.00068
  44.34169,   0.70527,  -0.00089
  43.70263,   0.49536,  -0.00105
  43.99551,   0.32002,  -0.00105
  43.27963,   0.43374,  -0.00051
  44.05151,   0.58132,  -0.00010
  43.90626,   0.71703,   0.00024
  42.26819,   0.65173,   0.00024
  41.26725,   0.50023,  -0.00017
  40.66189,   0.27850,  -0.00044
  40.88300,   0.16257,  -0.00049
  41.96395,   0.27663,  -0.00030
  41.74368,   0.45069,   0.00013
  42.37805,   0.63851,   0.00072
  42.40761,   0.69092,   0.00109
  41.29821,   0.66597,   0.00120
  41.80151,   0.60948,   0.00115
  41.85249,   0.55215,   0.00067
  41.80512,   0.56992,   0.00019
  42.20299,   0.48536,  -0.00039
  43.23332,   0.43552,  -0.00079
  44.83660,   0.27708,  -0.00113
  46.72989,   0.29869,  -0.00102
  48.21940,   0.48554,  -0.00074
  49.51988,   0.69448,  -0.00029
  48.07419,   0.87062,  -0.00001
  46.74048,   0.90294,   0.00009
  44.29334,   0.69446,  -0.00014
  42.86254,   0.46117,  -0.00031
  42.85207,   0.50379,   0.00006
  43.91853,   0.62705,   0.00048
  43.83891,   0.72795,   0.00080
  44.02710,   0.90369,   0.00114
  43.42427,   0.90020,   0.00113
  43.21653,   0.73176,   0.00050
  42.48423,   0.65518,   0.00014
  42.83351,   0.66222,  -0.00021
  42.34176,   0.77765,  -0.00017
  41.60572,   0.83108,  -0.00029
  41.78667,   0.81838,   0.00008
  28.12080,   0.77648,   0.00056
  29.32564,   0.74587,   0.00071
  30.13359,   0.82315,   0.00081
  30.43739,   0.95492,   0.00109
  29.40536,   0.97285,   0.00091
  28.69144,   0.82846,   0.00051
  37.87536,   0.60066,  -0.00039
  39.52786,   0.43258,  -0.00054
  41.79374,   0.50134,  -0.00034
  43.96796,   0.73482,   0.00007
  43.99117,   0.98634,   0.00045
  42.65586,   1.04388,   0.00051
  40.70423,   0.87122,   0.00021
  39.37141,   0.70773,  -0.00022
  30.81084,   0.57686,  -0.00038
  29.70830,   0.51200,  -0.00070
  28.70820,   0.52582,  -0.00076
  28.90173,   0.57573,  -0.00067
  28.54090,   0.52188,  -0.00081
  29.16709,   0.45305,  -0.00076
  29.16994,   0.42879,  -0.00071
  29.42938,   0.49442,  -0.00061
  28.04956,   0.59953,  -0.00042
  26.72793,   0.62736,  -0.00028
  25.93327,   0.53968,  -0.00040
  25.67809,   0.38960,  -0.00021
  26.31805,   0.41064,   0.00015
  27.91415,   0.52820,   0.00057
  28.76425,   0.71586,   0.00121
  29.24042,   0.91035,   0.00139
  29.05541,   0.93189,   0.00114
  29.16845,   0.69500,   0.00038
  29.00821,   0.47385,  -0.00037
  29.68763,   0.38918,  -0.00086
  31.83374,   0.37249,  -0.00129
  33.01163,   0.59627,  -0.00105
  33.44218,   0.73481,  -0.00068
  33.49878,   0.71789,  -0.00052
  32.85499,   0.58261,  -0.00047
  32.52520,   0.58595,  -0.00012
  30.96618,   0.54970,  -0.00022
  29.37155,   0.55168,  -0.00031
  27.89437,   0.47153,  -0.00035
  27.67531,   0.33789,  -0.00035
  28.32365,   0.19017,  -0.00026
  28.66263,   0.11782,  -0.00023
  29.27470,   0.26371,   0.00015
  28.98476,   0.49822,   0.00055
  27.97609,   0.53193,   0.00052
  25.58489,   0.46502,   0.00040
  23.17889,   0.32701,  -0.00014
  21.84405,   0.10291,  -0.00045
  21.67225,   0.06255,  -0.00050
  22.22644,   0.26022,  -0.00016
  23.44209,   0.46841,   0.00013
  23.37673,   0.50571,   0.00035
  23.63048,   0.44203,   0.00023
  23.58106,   0.30584,  -0.00017
  24.20701,   0.20628,  -0.00046
  23.85131,   0.23801,  -0.00066
  25.43118,   0.34290,  -0.00030
  25.77294,   0.41136,  -0.00003
  26.55136,   0.39481,   0.00026
  27.01338,   0.41209,   0.00064
  27.83538,   0.43181,   0.00091
  27.90035,   0.54759,   0.00115
  26.78561,   0.70167,   0.00155
  25.11867,   0.70743,   0.00135
  34.14894,   0.81042,   0.00077
  33.58456,   0.62015,   0.00041
  34.20808,   0.47831,   0.00021
  34.97603,   0.46210,   0.00012
  36.28451,   0.63589,   0.00046
  36.60056,   0.82265,   0.00087
  35.53009,   0.85229,   0.00097
  34.29638,   0.75709,   0.00105
  22.01246,   0.40785,   0.00047
  20.92161,   0.25955,   0.00050
  20.36927,   0.32923,   0.00085
  20.83170,   0.39341,   0.00115
  20.73271,   0.43690,   0.00148
  22.88485,   0.42016,   0.00179
  24.93025,   0.35690,   0.00195
  26.28703,   0.31044,   0.00200
  26.90440,   0.42729,   0.00190
  26.60616,   0.54801,   0.00168
  27.12367,   0.42733,   0.00091
  26.93275,   0.29618,   0.00056
  27.53244,   0.12148,   0.00035
  29.19702,   0.16168,   0.00031
  30.41015,   0.27334,   0.00049
  30.15809,   0.50936,   0.00105
  29.55179,   0.62296,   0.00108
  28.23135,   0.54253,   0.00084
  26.93940,   0.36037,   0.00053
  25.93671,   0.11951,   0.00017
  26.16466,  -0.00264,  -0.00010
  26.58539,   0.09449,   0.00004
  27.40333,   0.28457,   0.00042
  27.40724,   0.32492,   0.00044
  27.33075,   0.35620,   0.00079
  26.67066,   0.32688,   0.00101
  33.53400,   0.41778,   0.00099
  32.34390,   0.51426,   0.00109
  23.52072,   0.50438,   0.00108
  22.44569,   0.46769,   0.00082
  22.54374,   0.34951,   0.00056
  22.74614,   0.21596,   0.00026
  24.89114,   0.20860,   0.00006
  26.76566,   0.38510,  -0.00003
  28.19466,   0.51209,  -0.00001
  27.80810,   0.61737,  -0.00017
  26.79117,   0.50966,  -0.00052
  27.13347,   0.32608,  -0.00099
  27.07338,   0.12368,  -0.00124
  27.72553,   0.09769,  -0.00124
  27.85308,   0.31131,  -0.00054
  28.77981,   0.49166,  -0.00014
  29.22815,   0.53599,   0.00012
  27.75228,   0.49692,   0.00032
  27.20677,   0.31806,  -0.00004
  26.30942,   0.20025,  -0.00047
  25.55351,   0.14766,  -0.00086
  24.83084,   0.18464,  -0.00107
  24.86240,   0.18435,  -0.00120
  24.84589,   0.07563,  -0.00165
  25.16621,   0.12441,  -0.00150
  25.31184,   0.14893,  -0.00129
  24.78604,   0.27694,  -0.00103
  23.64660,   0.47073,  -0.00054
  22.14183,   0.51104,  -0.00049
  20.79919,   0.33414,  -0.00078
  20.42543,   0.07399,  -0.00114
  20.77041,  -0.01449,  -0.00123
  22.78926,   0.04078,  -0.00104
  25.26297,   0.29169,  -0.00047
  26.67277,   0.39614,  -0.00011
  27.35589,   0.54228,   0.00015
  28.10768,   0.49368,  -0.00010
  27.70938,   0.37060,  -0.00037
  27.28472,   0.33143,  -0.00059
  28.48740,   0.45174,  -0.00042
  28.61184,   0.57325,  -0.00042
  29.20759,   0.62460,  -0.00036
  29.42402,   0.60416,  -0.00034
  30.91208,   0.51062,  -0.00038
  32.10459,   0.48077,  -0.00028
  31.63728,   0.57004,  -0.00039
  30.27248,   0.66662,  -0.00048
  29.49868,   0.51696,  -0.00081
  28.75217,   0.36195,  -0.00135
  28.93406,   0.18113,  -0.00129
  30.04049,   0.13375,  -0.00091
  31.25090,   0.35624,  -0.00014
  31.41077,   0.61001,   0.00079
  30.58763,   0.74702,   0.00140
  29.11662,   0.72137,   0.00154
  28.04589,   0.50152,   0.00130
  27.86911,   0.33116,   0.00096
  28.04516,   0.23010,   0.00072
  29.45223,   0.20575,   0.00058
  30.91100,   0.37587,   0.00065
  31.57799,   0.33161,   0.00032
  32.63471,   0.31245,   0.00032
  33.93333,   0.26015,   0.00006
  33.78039,   0.25887,  -0.00015
  33.99287,   0.35192,  -0.00007
  32.43422,   0.37136,  -0.00031
  31.26095,   0.33496,  -0.00040
  31.01065,   0.15046,  -0.00050
  31.64481,  -0.02367,  -0.00044
  32.25072,   0.01699,   0.00013
  33.49550,   0.15142,   0.00045
  33.82558,   0.34141,   0.00072
  32.74283,   0.28550,   0.00066
  31.37246,   0.17230,   0.00047
  30.21419,  -0.02953,   0.00013
  30.19557,  -0.14191,  -0.00032
  30.10103,  -0.10759,  -0.00022
  30.29428,   0.07404,   0.00013
  29.21058,   0.24394,   0.00049
  29.06671,   0.30173,   0.00082
  27.51472,   0.27567,   0.00101
  26.96335,   0.12899,   0.00080
  26.23475,   0.02843,   0.00049
  26.17639,  -0.03042,   0.00038
  26.11996,  -0.02000,   0.00020
  27.27597,  -0.03182,   0.00017
  29.21860,  -0.16533,  -0.00001
  31.61234,  -0.20472,   0.00026
  33.42935,  -0.12255,   0.00063
  35.34973,   0.07621,   0.00139
  34.97532,   0.26403,   0.00162
  33.55641,   0.25615,   0.00148
  32.43567,   0.10043,   0.00128
  31.98149,  -0.17555,   0.00082
  32.32102,  -0.25879,   0.00073
  33.77004,  -0.20578,   0.00069
  34.47303,  -0.10928,   0.00081
  35.16397,   0.07798,   0.00096
  50.68899,   0.13380,   0.00037
  49.51884,   0.00089,   0.00005
  48.73455,  -0.16420,  -0.00029
  48.37691,  -0.21916,  -0.00060
  47.38835,  -0.16313,  -0.00050
  46.28156,  -0.06855,  -0.00021
  44.75699,   0.01367,   0.00010
  44.92445,  -0.02334,   0.00052
  45.95011,  -0.07711,   0.00083
  46.59466,  -0.00911,   0.00133
  46.40736,   0.12408,   0.00142
  45.48440,   0.15843,   0.00129
  44.22294,   0.17474,   0.00098
  44.06689,   0.07928,   0.00062
  46.21460,  -0.07040,   0.00008
  48.40752,  -0.01482,   0.00014
  50.27469,   0.22385,   0.00043
  51.02397,   0.48030,   0.00078
  49.84411,   0.64075,   0.00088
  48.15754,   0.59830,   0.00066
  48.07956,   0.48850,   0.00038
  48.06119,   0.31229,  -0.00017
  49.08655,   0.27568,  -0.00022
  49.80081,   0.34294,  -0.00028
  50.32764,   0.44208,  -0.00011
  50.16438,   0.41137,   0.00001
  50.79474,   0.36905,   0.00011
  51.62437,   0.33016,   0.00019
  51.86539,   0.36693,   0.00030
  51.17751,   0.46710,   0.00052
  48.95646,   0.52024,   0.00054
  47.28188,   0.44818,   0.00052
  46.98335,   0.30250,   0.00054
  47.63944,   0.24007,   0.00065
  48.37233,   0.28086,   0.00106
  49.77724,   0.43498,   0.00133
  49.61137,   0.60939,   0.00139
  47.59749,   0.58749,   0.00112
  29.09652,   0.33740,   0.00071
  28.81827,   0.12144,   0.00005
  29.88760,   0.00110,  -0.00038
  31.12464,   0.04993,  -0.00034
  33.00731,   0.21023,  -0.00010
  33.83451,   0.39224,   0.00038
  34.14719,   0.50339,   0.00089
  34.06008,   0.40812,   0.00102
  33.94615,   0.28672,   0.00090
  35.10070,   0.34805,   0.00120
  34.41112,   0.37955,   0.00094
  33.86816,   0.40430,   0.00072
  33.76291,   0.25820,   0.00033
  34.76836,   0.17188,   0.00024
  36.46888,   0.14869,   0.00029
  38.37694,   0.21841,   0.00021
  38.01802,   0.43431,   0.00039
  35.95246,   0.59008,   0.00045
  33.61261,   0.57093,   0.00005
  31.02666,   0.38746,  -0.00017
  29.67463,   0.16729,  -0.00029
  29.40094,   0.18806,  -0.00013
  30.24882,   0.26730,   0.00016
  31.34357,   0.45135,   0.00062
  30.83876,   0.50444,   0.00099
  30.82210,   0.49310,   0.00113
  30.57914,   0.37272,   0.00101
  31.82064,   0.22234,   0.00071
  31.63136,   0.21363,   0.00053
  31.49476,   0.31260,   0.00049
  31.80832,   0.31910,   0.00037
  32.02361,   0.32445,   0.00048
  32.64455,   0.25904,   0.00060
  33.15271,   0.31488,   0.00100
  33.33665,   0.37215,   0.00093
  32.31053,   0.47755,   0.00059
  30.78271,   0.46653,   0.00037
  29.11809,   0.31442,  -0.00030
  28.29825,   0.05136,  -0.00093
  28.63793,  -0.17277,  -0.00149
  29.85100,  -0.20258,  -0.00150
  31.00454,  -0.01795,  -0.00111
  30.66568,   0.18235,  -0.00064
  29.42071,   0.29413,  -0.00019
  27.44195,   0.20519,  -0.00002
  25.08233,   0.13094,   0.00007
  23.38065,  -0.02620,   0.00000
  22.30998,  -0.06333,   0.00008
  20.85335,   0.03942,   0.00042
  21.46669,   0.13332,   0.00071
  22.42757,   0.16612,   0.00095
  21.87810,   0.09582,   0.00086
  23.27617,   0.06780,   0.00078
  23.25100,   0.16301,   0.00067
  22.39517,   0.30689,   0.00056
  22.37085,   0.29282,   0.00007
  21.92443,   0.23269,  -0.00011
  22.18569,   0.08355,  -0.00010
  23.20788,   0.10702,   0.00023
  25.32850,   0.18498,   0.00061
  27.24483,   0.38626,   0.00108
  27.52338,   0.55764,   0.00183
  27.20733,   0.56705,   0.00184
  26.87012,   0.38882,   0.00163
  26.71692,   0.13979,   0.00127
  27.59217,   0.02013,   0.00110
  30.13647,   0.06345,   0.00106
  31.45609,   0.29305,   0.00145
  31.55740,   0.34040,   0.00160
  31.19319,   0.36540,   0.00193
  30.41432,   0.30621,   0.00206
  29.12541,   0.32380,   0.00215
  27.75722,   0.31380,   0.00208
  26.16538,   0.33561,   0.00197
  24.28175,   0.32046,   0.00150
  24.07624,   0.20673,   0.00144
  25.02189,   0.06854,   0.00152
  25.85966,   0.01365,   0.00155
  27.48414,   0.12647,   0.00185
  28.74534,   0.25961,   0.00211
  28.46563,   0.43683,   0.00228
  27.49358,   0.42335,   0.00224
  27.37205,   0.25072,   0.00194
  27.28368,   0.07491,   0.00183
  28.71593,   0.10603,   0.00207
  30.06834,   0.25211,   0.00227
  31.10841,   0.47210,   0.00253
  30.83502,   0.56150,   0.00282
  30.65971,   0.53424,   0.00264
  30.50458,   0.40254,   0.00217
  30.90510,   0.29907,   0.00166
  31.42385,   0.28799,   0.00111
  31.32298,   0.26621,   0.00051
  31.03188,   0.32850,   0.00040
  31.06878,   0.31329,   0.00046
  31.12866,   0.27245,   0.00051
  31.45521,   0.25856,   0.00079
  31.03036,   0.43346,   0.00141
  29.74148,   0.53887,   0.00162
  27.77261,   0.54746,   0.00163
  25.67137,   0.43283,   0.00161
  25.01180,   0.19849,   0.00142
  25.26604,   0.03712,   0.00128
  27.33834,   0.05325,   0.00137
  29.64302,   0.25767,   0.00167
  30.77067,   0.37508,   0.00176
  30.71306,   0.48405,   0.00192
  29.64994,   0.43530,   0.00161
  28.60281,   0.25858,   0.00121
  27.74213,   0.10998,   0.00080
  28.32790,   0.19698,   0.00073
  28.63796,   0.27374,   0.00065
  28.82153,   0.33670,   0.00073
  29.70855,   0.26790,   0.00077
  30.93928,   0.13642,   0.00065
  32.15146,   0.09064,   0.00070
  32.49023,   0.14773,   0.00051
  31.93109,   0.26039,   0.00037
  32.34329,   0.20998,   0.00005
  31.30433,   0.11330,  -0.00005
  30.86971,  -0.04819,  -0.00002
  31.87186,  -0.05661,   0.00009
  32.49024,   0.05431,   0.00057
  32.55135,   0.29989,   0.00114
  31.02262,   0.50604,   0.00166
  29.12712,   0.51285,   0.00166
  27.02324,   0.34372,   0.00129
  26.13245,   0.16080,   0.00069
  26.24354,   0.07407,   0.00031
  27.07185,   0.17834,   0.00030
  28.47268,   0.23464,   0.00016
  29.40924,   0.39392,   0.00049
  29.74114,   0.42783,   0.00070
  30.39134,   0.40252,   0.00067
  30.07515,   0.38304,   0.00075
  29.57878,   0.45397,   0.00087
  31.19695,   0.55294,   0.00126
  30.43623,   0.57464,   0.00134
  30.52295,   0.51431,   0.00135
  31.69157,   0.42351,   0.00141
  33.76702,   0.39329,   0.00144
  35.83196,   0.50324,   0.00156
  37.05369,   0.60217,   0.00168
  36.56055,   0.72652,   0.00158
  35.05889,   0.68191,   0.00122
  34.12221,   0.47945,   0.00052
  33.53235,   0.29438,   0.00015
  33.72983,   0.24906,   0.00010
  33.83018,   0.39740,   0.00040
  33.81019,   0.53601,   0.00083
  33.12100,   0.58286,   0.00117
  31.40948,   0.56843,   0.00140
  30.55576,   0.40649,   0.00126
  29.86697,   0.28753,   0.00105
  29.52830,   0.25178,   0.00098
  29.23190,   0.28970,   0.00105
  29.58503,   0.31048,   0.00123
  30.00910,   0.24039,   0.00107
  31.32085,   0.20020,   0.00129
  32.58202,   0.23688,   0.00157
  33.44043,   0.40211,   0.00195
  33.19842,   0.56230,   0.00218
  31.94967,   0.60628,   0.00211
  30.74509,   0.52121,   0.00187
  30.58023,   0.31701,   0.00138
  31.76004,   0.17248,   0.00098
  39.87439,   0.00733,   0.00096
  42.19799,   0.16278,   0.00109
  43.68791,   0.35608,   0.00130
  44.39106,   0.35133,   0.00121
  43.80038,   0.27072,   0.00098
  42.92032,   0.10612,   0.00068
  43.48552,   0.06067,   0.00052
  42.83036,   0.06965,   0.00066
  42.46468,   0.15374,   0.00099
  41.22610,   0.23981,   0.00143
  41.28759,   0.21814,   0.00178
  41.52226,   0.14498,   0.00197
  34.74493,   0.24993,   0.00200
  34.64916,   0.29902,   0.00197
  33.89712,   0.37023,   0.00182
  32.62377,   0.25480,   0.00123
  31.90189,   0.13465,   0.00089
  32.07795,  -0.01896,   0.00062
  32.84455,  -0.07923,   0.00029
  34.34951,   0.01906,   0.00050
  35.07630,   0.22262,   0.00088
  34.22210,   0.39276,   0.00138
  32.84791,   0.36471,   0.00137
  31.46764,   0.16196,   0.00104
  31.16992,   0.00131,   0.00087
  31.65011,  -0.11753,   0.00050
  32.81515,  -0.06516,   0.00044
  34.05012,  -0.01335,   0.00059
  35.43190,   0.09543,   0.00076
  36.10009,   0.09662,   0.00070
  42.77796,   0.03029,   0.00022
  42.59568,   0.02028,  -0.00005
  42.62867,   0.10748,  -0.00016
  40.79049,   0.19936,  -0.00028
  32.47496,   0.18669,  -0.00018
  31.14946,   0.07617,  -0.00030
  30.22792,   0.02878,  -0.00031
  30.85746,   0.00264,  -0.00030
  30.64013,   0.06740,  -0.00036
  30.74730,   0.26692,  -0.00022
  29.42135,   0.31395,  -0.00028
  28.02413,   0.22355,  -0.00050
  33.75284,   0.09481,  -0.00084
  33.86892,  -0.07201,  -0.00106
  35.11495,  -0.07119,  -0.00093
  36.65977,   0.10860,  -0.00047
  37.81177,   0.33669,   0.00024
  38.08518,   0.45804,   0.00080
  37.61263,   0.49321,   0.00123
  38.03430,   0.37582,   0.00107
  38.78025,   0.29115,   0.00071
  39.90554,   0.28958,   0.00059
  40.26272,   0.34065,   0.00030
  40.77048,   0.32986,   0.00006
  41.26343,   0.14494,  -0.00049
  42.84757,   0.06437,  -0.00067
  44.60665,   0.08894,  -0.00078
  45.62741,   0.23059,  -0.00074
  45.81459,   0.40519,  -0.00053
  43.46412,   0.42399,  -0.00043
  41.01433,   0.25854,  -0.00051
  40.16529,   0.05340,  -0.00071
  40.15228,  -0.06884,  -0.00064
  41.76377,  -0.07775,  -0.00039
  43.10074,   0.09163,   0.00018
  42.29431,   0.21633,   0.00066
  41.49896,   0.27879,   0.00095
  40.40597,   0.17115,   0.00084
  34.13089,  -0.01561,   0.00033
  33.41537,  -0.05539,   0.00022
  33.01272,   0.04270,   0.00033
  33.17269,   0.12295,   0.00005
  33.13554,   0.21310,   0.00022
  33.53011,   0.19822,   0.00040
  34.23381,   0.21058,   0.00072
  34.86941,   0.21277,   0.00072
  35.05395,   0.30858,   0.00058
  35.35583,   0.31675,   0.00060
  34.20565,   0.27766,   0.00019
  33.93984,   0.10230,  -0.00021
  36.50381,  -0.17592,  -0.00071
  38.76551,  -0.20057,  -0.00067
  40.79549,   0.00017,  -0.00030
  42.36009,   0.24256,   0.00024
  42.12638,   0.43033,   0.00070
  40.20957,   0.39708,   0.00074
  38.05389,   0.18841,   0.00044
  37.07157,   0.05484,   0.00020
  36.19531,  -0.01198,   0.00007
  35.87989,   0.03029,   0.00003
  34.65949,   0.02873,  -0.00003
  35.18181,   0.05071,   0.00002
  34.44702,  -0.04714,  -0.00023
  34.37957,  -0.14768,  -0.00034
  33.75018,  -0.18021,  -0.00046
  32.99852,  -0.14197,  -0.00055
  31.34412,  -0.12283,  -0.00056
  29.49078,  -0.18095,  -0.00076
  28.91282,  -0.34015,  -0.00066
  29.25518,  -0.50234,  -0.00049
  29.21774,  -0.39722,   0.00013
  30.66789,  -0.25120,   0.00054
  31.00324,  -0.09278,   0.00117
  31.19552,  -0.01129,   0.00117
  30.64045,  -0.13937,   0.00073
  30.35041,  -0.45132,  -0.00000
  30.82498,  -0.63730,  -0.00056
  33.09865,  -0.68352,  -0.00091
  34.78201,  -0.46142,  -0.00075
  35.63479,  -0.21978,  -0.00044
  34.97477,  -0.15400,  -0.00038
  34.00381,  -0.23053,  -0.00036
  33.13860,  -0.21775,  -0.00020
  31.57393,  -0.30287,  -0.00042
  30.30371,  -0.28573,  -0.00064
  28.86751,  -0.28499,  -0.00058
  28.40744,  -0.33053,  -0.00046
  27.95096,  -0.44685,  -0.00044
  29.00753,  -0.51171,  -0.00015
  30.13079,  -0.43444,   0.00024
  31.11255,  -0.25864,   0.00057
  30.75633,  -0.02312,   0.00098
  29.43567,   0.02571,   0.00093
  27.71245,  -0.08578,   0.00088
  26.79488,  -0.28494,   0.00073
  26.78923,  -0.31854,   0.00069
  28.38995,  -0.23389,   0.00097
  30.35949,  -0.00406,   0.00133
  29.40601,   0.02414,   0.00032
  29.36561,   0.04476,   0.00027
  29.50280,   0.00326,   0.00005
  29.64602,  -0.05826,  -0.00022
  29.81788,  -0.08740,  -0.00043
  29.99203,  -0.08351,  -0.00054
  29.88146,  -0.04947,  -0.00051
  29.88508,  -0.03798,  -0.00040
  30.13024,  -0.04739,  -0.00029
  30.65126,  -0.06745,  -0.00018
  31.04980,  -0.05644,  -0.00008
  30.99477,   0.00239,   0.00005
  30.29336,   0.03805,   0.00002
  29.35719,   0.02362,  -0.00013
  28.63918,  -0.04844,  -0.00036
  28.73550,  -0.12371,  -0.00055
  29.42681,  -0.14215,  -0.00063
  30.05999,  -0.08844,  -0.00057
  30.35734,   0.01970,  -0.00040
  30.02277,   0.10333,  -0.00026
  29.36940,   0.11009,  -0.00030
  28.78837,   0.05178,  -0.00044
  28.55772,  -0.01519,  -0.00060
  28.67967,  -0.02003,  -0.00066
  28.85709,   0.00973,  -0.00064
  29.08768,   0.05756,  -0.00056
  29.36832,   0.08216,  -0.00047
  30.04324,   0.07326,  -0.00046
  30.88799,   0.05782,  -0.00050
  31.70276,   0.06709,  -0.00055
  31.86858,   0.10492,  -0.00061
  31.52813,   0.13737,  -0.00068
  31.08602,   0.11263,  -0.00081
  30.94964,   0.05597,  -0.00090
  31.38074,   0.00141,  -0.00094
  32.05628,   0.01551,  -0.00085
  32.56211,   0.07332,  -0.00073
  32.38028,   0.14680,  -0.00064
  31.51692,   0.17218,  -0.00066
  30.56741,   0.10818,  -0.00087
  30.01013,  -0.00487,  -0.00117
  30.02811,  -0.09296,  -0.00142
  30.37815,  -0.11431,  -0.00148
  30.72455,  -0.07024,  -0.00135
  30.73935,  -0.02313,  -0.00116
  30.78150,  -0.00200,  -0.00094
  30.79936,  -0.02891,  -0.00080
  30.87609,  -0.05088,  -0.00073
  30.70881,  -0.06884,  -0.00071
  30.28387,  -0.05651,  -0.00071
  29.69727,  -0.04369,  -0.00072
  29.40691,  -0.06164,  -0.00080
  29.70639,  -0.10351,  -0.00090
  30.46278,  -0.13024,  -0.00098
  31.43189,  -0.09876,  -0.00101
  31.94614,  -0.01426,  -0.00100
  31.80589,   0.05388,  -0.00106
  30.90694,   0.08018,  -0.00118
  29.99758,   0.02921,  -0.00139
  29.78086,  -0.04678,  -0.00159
  29.89874,  -0.08978,  -0.00166
  30.21269,  -0.05769,  -0.00156
  30.29948,   0.03102,  -0.00130
  30.07274,   0.10322,  -0.00110
  29.63481,   0.11597,  -0.00103
  29.31788,   0.07981,  -0.00107
  29.07220,   0.02709,  -0.00122
  28.83203,   0.01177,  -0.00134
  31.03491,   0.20133,  -0.00222
  30.98728,   0.29850,  -0.00209
  31.19562,   0.31024,  -0.00192
  30.96135,   0.25898,  -0.00200
  31.22058,   0.26140,  -0.00175
  31.00413,   0.36895,  -0.00148
  29.70886,   0.62620,  -0.00107
  27.94428,   0.68377,  -0.00119
  26.04479,   0.54463,  -0.00157
  24.16838,   0.36175,  -0.00215
  24.84339,   0.11485,  -0.00249
  26.95959,   0.03872,  -0.00253
  29.34306,   0.14857,  -0.00211
  31.82517,   0.41402,  -0.00152
  32.88470,   0.54079,  -0.00112
  32.90144,   0.38997,  -0.00126
  33.50726,   0.27428,  -0.00145
  33.23693,   0.11491,  -0.00168
  33.41360,   0.09725,  -0.00164
  33.76503,   0.26655,  -0.00121
  34.03683,   0.34122,  -0.00091
  34.33565,   0.31637,  -0.00066
  33.78509,   0.28046,  -0.00046
  34.31894,   0.21061,  -0.00056
  34.40288,   0.22974,  -0.00076
  33.86120,   0.26767,  -0.00098
  44.77421,   0.04281,  -0.00116
  43.78583,  -0.00454,  -0.00139
  43.20051,  -0.13523,  -0.00180
  43.75793,  -0.21291,  -0.00155
  44.33783,  -0.06819,  -0.00097
  45.15525,   0.13303,  -0.00019
  44.92846,   0.35082,   0.00054
  43.71602,   0.45061,   0.00105
  42.25975,   0.31663,   0.00095
  41.37014,   0.07798,   0.00060
  42.06826,  -0.08887,   0.00032
  43.48906,  -0.03605,   0.00032
  45.45203,   0.16413,   0.00056
  46.60536,   0.19333,   0.00051
  47.68349,   0.28267,   0.00059
  48.83507,   0.22721,   0.00039
  48.98990,   0.17900,   0.00018
  48.62758,   0.17735,  -0.00003
  49.01573,   0.21480,  -0.00013
  47.74773,   0.20661,  -0.00039
  46.65119,   0.08812,  -0.00058
  46.20380,  -0.06178,  -0.00066
  35.58313,  -0.02693,  -0.00072
  36.74821,   0.02828,  -0.00058
  37.26175,   0.20047,  -0.00035
  36.34018,   0.25870,  -0.00012
  34.90359,   0.17181,  -0.00044
  33.32989,  -0.02408,  -0.00070
  32.44862,  -0.22361,  -0.00090
  32.62981,  -0.26295,  -0.00099
  31.96081,  -0.15768,  -0.00063
  31.89528,   0.03517,  -0.00013
  31.26975,   0.16216,   0.00031
  28.81444,   0.19099,   0.00051
  27.80417,   0.05017,   0.00024
  27.12111,  -0.09055,  -0.00028
  26.87318,  -0.13067,  -0.00071
  26.95622,  -0.07071,  -0.00111
  27.38432,  -0.02256,  -0.00131
  28.08841,  -0.14439,  -0.00169
  29.57749,  -0.20549,  -0.00164
  30.94580,  -0.19191,  -0.00151
  32.71624,  -0.02353,  -0.00105
  32.51112,   0.16824,  -0.00078
  31.28559,   0.27557,  -0.00068
  30.22230,   0.21582,  -0.00066
  29.42709,   0.07954,  -0.00080
  30.03703,  -0.10597,  -0.00105
  31.74059,  -0.10563,  -0.00100
  33.39166,   0.08210,  -0.00044
  33.89765,   0.22446,  -0.00015
  33.94798,   0.35960,  -0.00002
  33.38540,   0.25667,  -0.00048
  32.55270,   0.10285,  -0.00094
  27.96061,   0.06471,  -0.00130
  27.17703,   0.07876,  -0.00139
  26.46199,   0.16696,  -0.00119
  25.90192,   0.22872,  -0.00093
  24.98150,   0.27663,  -0.00052
  25.42581,   0.18524,  -0.00022
  26.07732,   0.13262,  -0.00003
  26.25501,   0.25251,   0.00032
  36.12422,   0.27363,   0.00036
  35.57399,   0.29788,   0.00027
  35.54375,   0.14061,  -0.00016
  36.21115,  -0.00885,  -0.00027
  34.05644,  -0.14059,  -0.00049
  36.22790,  -0.00383,  -0.00007
  37.59797,   0.28625,   0.00050
  38.04005,   0.49067,   0.00096
  37.25618,   0.59291,   0.00103
  35.52985,   0.41957,   0.00053
  34.41256,   0.18390,  -0.00016
  35.08798,   0.15274,  -0.00053
  35.47033,   0.17974,  -0.00067
  35.70313,   0.23904,  -0.00063
  35.72708,   0.25746,  -0.00067
  35.79526,   0.25341,  -0.00055
  35.52240,   0.20509,  -0.00054
  35.94474,   0.20517,  -0.00054
  34.66211,   0.26258,  -0.00042
  32.93582,   0.34056,  -0.00024
  31.35760,   0.35239,  -0.00018
  30.06776,   0.25619,   0.00001
  29.94511,   0.13879,   0.00026
  30.15980,   0.19915,   0.00079
  31.39224,   0.32184,   0.00117
  32.04400,   0.52838,   0.00148
  31.27790,   0.56263,   0.00150
  30.31564,   0.51286,   0.00114
  29.74160,   0.31379,   0.00053
  30.78938,   0.07427,  -0.00034
  32.17349,   0.04845,  -0.00052
  33.70114,   0.20420,  -0.00034
  34.48906,   0.35004,  -0.00004
  34.74789,   0.43795,   0.00032
  34.54103,   0.49188,   0.00071
  33.84517,   0.29445,   0.00041
  33.41370,   0.13498,   0.00003
  33.66394,   0.15783,   0.00026
  33.30346,   0.15906,   0.00012
  33.40779,   0.12043,   0.00009
  32.83138,  -0.07864,  -0.00005
  34.13564,  -0.19155,   0.00008
  35.15180,  -0.19506,   0.00019
  35.74130,  -0.06783,   0.00046
  34.94221,   0.10454,   0.00070
  32.46611,   0.15313,   0.00057
  29.67523,   0.01181,   0.00030
  27.61163,  -0.23828,  -0.00002
  25.78337,  -0.32210,  -0.00021
  26.19234,  -0.35367,  -0.00012
  27.20973,  -0.20382,   0.00026
  26.57082,  -0.05031,   0.00070
  26.60949,   0.02384,   0.00086
  26.02548,  -0.08934,   0.00068
  26.30613,  -0.29378,   0.00019
  26.10838,  -0.37173,  -0.00003
  26.64563,  -0.29030,   0.00001
  28.21507,  -0.22816,   0.00007
  29.01220,  -0.11120,   0.00050
  29.64471,  -0.10035,   0.00091
  35.27136,   0.36777,  -0.00090
  36.32010,   0.41154,  -0.00073
  36.77688,   0.49347,  -0.00056
  35.99909,   0.57906,  -0.00081
  34.67396,   0.58758,  -0.00123
  33.63008,   0.41942,  -0.00180
  33.46693,   0.27397,  -0.00219
  34.39811,   0.21066,  -0.00233
  35.48604,   0.28272,  -0.00224
  35.61147,   0.48512,  -0.00186
  34.81261,   0.62875,  -0.00142
  33.13211,   0.62644,  -0.00123
  31.31818,   0.55180,  -0.00128
  30.06331,   0.37402,  -0.00144
  29.50642,   0.26085,  -0.00152
  29.66597,   0.31463,  -0.00123
  44.83938,   0.52811,   0.00008
  45.07190,   0.56009,   0.00025
  45.53507,   0.55173,   0.00034
  24.31768,  -0.09997,   0.00164
  24.66237,  -0.09001,   0.00158
  24.69866,   0.03485,   0.00143
  25.25848,   0.07270,   0.00103
  24.65250,   0.08714,   0.00075
  24.91382,  -0.03829,   0.00050
  25.14454,  -0.07505,   0.00029
  26.83693,  -0.11828,   0.00033
  28.50516,   0.03701,   0.00046
  29.11658,   0.34645,   0.00124
  29.00895,   0.44524,   0.00107
  27.95719,   0.29781,   0.00059
  27.84023,   0.03596,   0.00013
  28.13947,  -0.21187,  -0.00023
  29.32771,  -0.23407,  -0.00019
  31.14699,  -0.10977,   0.00005
  32.29771,   0.16549,   0.00072
  31.96169,   0.27948,   0.00105
  31.10937,   0.26345,   0.00139
  30.33142,   0.31398,   0.00175
  29.32865,   0.24140,   0.00173
  28.34368,   0.25691,   0.00166
  27.49009,   0.33201,   0.00174
  26.03685,   0.25164,   0.00122
  27.05188,   0.15022,   0.00113
  29.11931,   0.05429,   0.00111
  30.89010,   0.08059,   0.00093
  32.98083,   0.23697,   0.00109
  33.52071,   0.38095,   0.00121
  33.07516,   0.39533,   0.00095
  31.58384,   0.24926,   0.00072
  31.34444,  -0.00731,   0.00049
  33.86724,  -0.05973,   0.00047
  35.88777,  -0.02556,   0.00071
  37.20907,   0.19757,   0.00157
  38.30779,   0.42175,   0.00197
  38.29231,   0.46864,   0.00210
  38.35344,   0.32550,   0.00188
  38.07688,   0.13857,   0.00126
  39.01343,   0.05014,   0.00081
  39.25421,   0.04430,   0.00049
  38.83158,   0.01555,  -0.00005
  38.58339,   0.05610,  -0.00008
  37.94187,  -0.00813,  -0.00003
  36.81311,   0.01707,  -0.00001
  35.62093,   0.01470,   0.00012
  33.96397,   0.09467,   0.00023
  31.53643,   0.24442,   0.00061
  29.12157,   0.18732,   0.00041
  27.46425,  -0.01984,   0.00011
  26.74086,  -0.22000,  -0.00020
  27.72074,  -0.30794,  -0.00014
  29.47500,  -0.16769,   0.00025
  31.31006,   0.05249,   0.00084
  31.80974,   0.23237,   0.00121
  31.19287,   0.25982,   0.00122
  30.35403,   0.15058,   0.00094
  30.75546,   0.06975,   0.00067
  30.97107,   0.05034,   0.00048
  31.48684,   0.15165,   0.00047
  31.58396,   0.27352,   0.00076
  32.24360,   0.31666,   0.00082
  33.04494,   0.25526,   0.00068
  33.84115,   0.18501,   0.00056
  34.51346,   0.15553,   0.00024
  34.51081,   0.20039,  -0.00003
  34.56848,   0.16577,  -0.00028
  33.57028,   0.11740,  -0.00039
  33.03450,  -0.02942,  -0.00038
  33.26546,  -0.10589,  -0.00029
  34.39152,  -0.12074,   0.00013
  35.26350,   0.01497,   0.00074
  34.76755,   0.24688,   0.00155
  33.60607,   0.32501,   0.00190
  31.35074,   0.27015,   0.00193
  30.18760,   0.04634,   0.00158
  30.12414,  -0.14978,   0.00119
  31.08834,  -0.18967,   0.00091
  32.80693,  -0.04938,   0.00106
  49.85272,   0.25146,  -0.00018
  50.21429,   0.33103,  -0.00000
  50.47869,   0.33110,   0.00007
  35.56891,   0.14231,   0.00123
  35.02192,   0.11488,   0.00114
  34.45503,   0.16877,   0.00107
  34.92448,   0.26498,   0.00113
  34.84456,   0.21585,   0.00107
  35.59660,   0.08621,   0.00118
  37.09372,   0.05291,   0.00152
  39.60444,   0.14244,   0.00177
  41.50694,   0.36004,   0.00205
  42.70648,   0.40288,   0.00223
  41.42950,   0.47916,   0.00199
  39.80852,   0.36517,   0.00159
  40.40844,   0.18263,   0.00095
  40.19621,   0.11308,   0.00092
  40.56311,   0.22181,   0.00116
  39.99152,   0.43223,   0.00154
  39.58031,   0.60854,   0.00188
  38.55283,   0.59666,   0.00193
  36.42702,   0.48539,   0.00181
  35.25499,   0.30056,   0.00142
  34.33388,   0.21139,   0.00116
  34.06784,   0.14975,   0.00094
  34.43079,   0.21471,   0.00099
  35.55093,   0.24224,   0.00121
  36.38722,   0.16342,   0.00118
  37.83847,   0.14998,   0.00155
  38.58704,   0.24558,   0.00193
  38.89801,   0.47786,   0.00257
  37.95712,   0.57331,   0.00245
  36.82386,   0.49879,   0.00202
  35.84148,   0.35425,   0.00164
  36.64561,   0.13188,   0.00116
  38.55461,   0.05253,   0.00090
  39.86100,   0.10514,   0.00104
  41.55001,   0.34431,   0.00106
  42.03058,   0.49750,   0.00092
  41.34935,   0.39414,   0.00031
  40.07543,   0.18548,  -0.00021
  38.62276,  -0.02321,  -0.00065
  37.85999,   0.00511,  -0.00082
  36.90346,   0.05274,  -0.00074
  36.44026,   0.13753,  -0.00045
  34.56059,   0.24373,   0.00003
  34.58944,   0.16899,   0.00034
  34.47878,   0.09863,   0.00050
  33.80962,   0.18012,   0.00088
  33.15493,   0.27726,   0.00087
  31.93850,   0.34755,   0.00071
  31.02342,   0.19516,   0.00015
  31.24156,   0.09068,   0.00001
  32.84538,   0.03365,  -0.00036
  34.81483,   0.15529,  -0.00011
  36.26878,   0.43893,   0.00027
  36.20744,   0.73507,   0.00075
  35.17152,   0.84824,   0.00074
  33.84932,   0.72072,   0.00031
  33.92850,   0.55529,  -0.00005
  34.43456,   0.33190,  -0.00064
  35.87429,   0.33929,  -0.00088
  38.21071,   0.37790,  -0.00075
  40.52225,   0.57650,  -0.00046
  41.78412,   0.66184,  -0.00014
  42.66992,   0.54262,  -0.00023
  42.12614,   0.48915,  -0.00029
  42.93501,   0.57789,  -0.00013
  40.82412,   0.67238,  -0.00010
  38.54190,   0.70487,  -0.00015
  36.56505,   0.68167,  -0.00034
  36.25421,   0.51568,  -0.00031
  36.94006,   0.39762,  -0.00022
  36.66029,   0.52462,   0.00009
  36.90979,   0.72382,   0.00028
  35.67470,   0.87115,   0.00024
  33.32458,   0.72986,  -0.00043
  31.39451,   0.51111,  -0.00089
  30.28164,   0.25547,  -0.00123
  31.31580,   0.16877,  -0.00163
  32.26911,   0.30158,  -0.00126
  33.31923,   0.56416,  -0.00068
  33.03622,   0.79972,   0.00008
  32.45415,   0.80237,   0.00046
  32.02246,   0.65374,   0.00043
  33.04586,   0.63479,   0.00074
  33.09472,   0.59214,   0.00042
  33.27103,   0.65519,   0.00018
  34.17003,   0.58409,  -0.00007
  35.24958,   0.59435,  -0.00016
  36.92484,   0.56453,  -0.00017
  39.28095,   0.54478,  -0.00018
  40.36609,   0.67903,  -0.00007
  39.67183,   0.84905,   0.00001
  38.03322,   0.92425,  -0.00009
  35.42734,   0.89602,  -0.00050
  33.45888,   0.59694,  -0.00084
  33.01459,   0.32857,  -0.00090
  32.60921,   0.36225,  -0.00043
  34.04888,   0.46214,   0.00001
  35.16432,   0.66245,   0.00059
  33.69855,   0.68821,   0.00086
  33.00280,   0.61983,   0.00104
  32.20538,   0.41616,   0.00104
  32.48187,   0.25045,   0.00079
  32.20507,   0.23210,   0.00090
  32.33437,   0.35022,   0.00116
  31.96655,   0.43286,   0.00109
  32.77438,   0.48102,   0.00147
  33.56599,   0.42168,   0.00175
  33.94399,   0.44834,   0.00211
  34.45591,   0.47203,   0.00197
  33.96281,   0.53110,   0.00159
  33.12701,   0.41407,   0.00099
  32.05376,   0.25299,   0.00036
  32.16576,   0.01457,  -0.00005
  34.84075,  -0.17843,  -0.00043
  37.02927,  -0.10412,  -0.00020
  38.06805,   0.14390,   0.00023
  37.59158,   0.35993,   0.00082
  35.36241,   0.40491,   0.00101
  32.67401,   0.23122,   0.00090
  31.06439,   0.07177,   0.00076
  29.93267,  -0.04496,   0.00074
  29.54600,  -0.02419,   0.00077
  29.71051,   0.12829,   0.00098
  28.60591,   0.15168,   0.00108
  28.64024,   0.20458,   0.00127
  28.27888,   0.09313,   0.00107
  27.72452,   0.07751,   0.00093
  26.67279,   0.16959,   0.00078
  25.78368,   0.19553,   0.00043
  24.10670,   0.21601,   0.00019
  33.22214,   0.62429,  -0.00170
  33.08858,   0.53833,  -0.00168
  34.02009,   0.51731,  -0.00143
  35.52624,   0.58743,  -0.00118
  36.34338,   0.75957,  -0.00070
  36.41480,   0.88672,  -0.00062
  35.83218,   0.85620,  -0.00077
  35.43334,   0.72232,  -0.00117
  36.23247,   0.53932,  -0.00164
  37.51739,   0.48650,  -0.00185
  30.90462,   0.01205,   0.00026
  32.37831,   0.31202,   0.00067
  32.68692,   0.50749,   0.00106
  30.93224,   0.55020,   0.00117
  29.98697,   0.38363,   0.00091
  28.73266,   0.22442,   0.00051
  27.43710,   0.26640,   0.00043
  26.20826,   0.23803,   0.00007
  24.09480,   0.15349,  -0.00030
  24.35043,   0.03998,  -0.00020
  25.68294,  -0.07393,   0.00004
  26.44841,  -0.05596,   0.00012
  27.25058,   0.07827,   0.00044
  26.54590,   0.28717,   0.00089
  25.30807,   0.37193,   0.00110
  23.68133,   0.30849,   0.00120
  24.04419,   0.18049,   0.00122
  24.73789,   0.04306,   0.00124
  26.37367,   0.06204,   0.00147
  27.95358,   0.29464,   0.00202
  29.37304,   0.54608,   0.00243
  29.53336,   0.62514,   0.00254
  29.40898,   0.58307,   0.00220
  29.48587,   0.44138,   0.00152
  31.05159,   0.31126,   0.00074
  31.74846,   0.36680,   0.00037
  33.53288,   0.44760,   0.00001
  33.98699,   0.55495,   0.00014
  34.66597,   0.55919,   0.00036
  35.64932,   0.53279,   0.00047
  36.39217,   0.62762,   0.00111
  36.05337,   0.67732,   0.00127
  34.67379,   0.75062,   0.00127
  32.77458,   0.74520,   0.00136
  31.14760,   0.57047,   0.00099
  31.15997,   0.34478,   0.00088
  32.57560,   0.20981,   0.00071
  34.63788,   0.31396,   0.00098
  34.78450,   0.39623,   0.00116
  34.62175,   0.61313,   0.00150
  33.08283,   0.67252,   0.00156
  31.36017,   0.57847,   0.00119
  29.85484,   0.37327,   0.00079
  29.23316,   0.24146,   0.00051
  29.69622,   0.33947,   0.00050
  30.02319,   0.42931,   0.00055
  30.61111,   0.50643,   0.00058
  30.56807,   0.47081,   0.00065
  31.65309,   0.37499,   0.00051
  32.49802,   0.31381,   0.00023
  33.51043,   0.36097,   0.00019
  33.27335,   0.40387,   0.00003
  32.72674,   0.35873,  -0.00030
  32.22260,   0.24461,  -0.00045
  32.81875,   0.17318,  -0.00052
  33.78503,   0.14086,  -0.00030
  34.44751,   0.34070,   0.00039
  34.50036,   0.53338,   0.00063
  33.23089,   0.63917,   0.00059
  30.69560,   0.56632,   0.00033
  28.71796,   0.31102,  -0.00030
  27.79306,   0.05421,  -0.00087
  27.86804,  -0.05097,  -0.00130
  28.76032,   0.06749,  -0.00122
  29.64685,   0.30013,  -0.00089
  29.25421,   0.39829,  -0.00084
  28.89802,   0.37818,  -0.00055
  28.11759,   0.26119,  -0.00038
  27.51204,   0.30439,  -0.00003
  26.46937,   0.30299,   0.00010
  25.57503,   0.33762,   0.00018
  24.63673,   0.33152,   0.00037
  25.84283,   0.26117,   0.00049
  28.45218,   0.16567,   0.00068
  30.95832,   0.15490,   0.00086
  33.11451,   0.33653,   0.00107
  34.11645,   0.56946,   0.00120
  34.64168,   0.55226,   0.00083
  33.54159,   0.44804,   0.00031
  32.48300,   0.18109,  -0.00028
  32.96142,   0.03748,  -0.00081
  33.73242,   0.02521,  -0.00075
  34.67844,   0.19663,  -0.00042
  33.60003,   0.40126,   0.00020
  33.00685,   0.43256,   0.00040
  31.97952,   0.27278,   0.00033
  30.83280,   0.09331,   0.00016
  29.78242,  -0.06370,  -0.00004
  29.17843,  -0.14938,  -0.00020
  28.80980,  -0.03975,  -0.00000
  29.17705,   0.06501,   0.00033
  29.35957,   0.04471,   0.00025
  29.79030,   0.04341,   0.00067
  29.88343,   0.09518,   0.00103
  29.30534,   0.28320,   0.00151
  27.98799,   0.41965,   0.00156
  26.37271,   0.41957,   0.00130
  24.91150,   0.25976,   0.00076
  25.15323,   0.03852,   0.00037
  26.77691,  -0.06991,   0.00024
  28.90754,  -0.00148,   0.00037
  30.95737,   0.27167,   0.00061
  32.39683,   0.45509,   0.00108
  32.20693,   0.49998,   0.00108
  31.76445,   0.36264,   0.00078
  32.51773,   0.21612,   0.00050
  32.56946,   0.13534,   0.00037
  32.78568,   0.18747,   0.00050
  32.72110,   0.31144,   0.00100
  33.35432,   0.37030,   0.00139
  34.21591,   0.32662,   0.00162
  34.13640,   0.27168,   0.00168
  34.46093,   0.20431,   0.00157
  34.18081,   0.22517,   0.00132
  33.11083,   0.26258,   0.00109
  31.99246,   0.15617,   0.00068
  31.01283,   0.02580,   0.00007
  31.46530,  -0.11764,   0.00002
  32.57554,  -0.14533,   0.00019
  32.64070,   0.04224,   0.00058
  32.55183,   0.20930,   0.00104
  31.26287,   0.28456,   0.00138
  29.05451,   0.25245,   0.00156
  28.18739,  -0.01183,   0.00119
  28.24852,  -0.26923,   0.00077
  29.22477,  -0.36281,   0.00062
  31.19463,  -0.25618,   0.00082
  33.20032,  -0.05666,   0.00122
  34.87604,  -0.00748,   0.00129
  35.62357,   0.00399,   0.00133
  36.01431,  -0.06579,   0.00108
  36.98019,  -0.08625,   0.00088
  36.05248,  -0.02078,   0.00066
  34.71949,   0.04911,   0.00049
  33.95892,   0.05362,   0.00043
  33.59196,  -0.06179,   0.00034
  34.32237,  -0.16455,   0.00022
  35.07607,  -0.10786,   0.00028
  35.97331,  -0.04720,   0.00038
  35.39925,   0.10612,   0.00042
  33.66982,   0.17197,   0.00035
  32.46258,  -0.01131,  -0.00013
  31.19284,  -0.22083,  -0.00035
  31.18229,  -0.35438,  -0.00037
  32.22275,  -0.28129,  -0.00009
  33.08823,  -0.09126,   0.00055
  33.32757,   0.11760,   0.00123
  32.25979,   0.22421,   0.00182
  31.46625,   0.14994,   0.00182
  30.87312,  -0.00084,   0.00149
  30.90754,  -0.10465,   0.00122
  30.88211,  -0.08234,   0.00092
  31.32395,   0.00206,   0.00070
  32.14489,  -0.06446,   0.00029
  33.17989,  -0.09429,   0.00022
  34.30442,  -0.12238,   0.00013
  35.63882,  -0.07344,   0.00013
  35.67897,   0.03452,   0.00016
  34.44314,   0.13495,   0.00020
  33.12706,   0.11499,   0.00027
  32.28000,  -0.01232,  -0.00019
  31.88468,  -0.29790,  -0.00053
  32.64772,  -0.43678,  -0.00057
  33.35067,  -0.34374,   0.00003
  34.57685,  -0.12169,   0.00053
  34.89095,   0.06752,   0.00090
  33.81113,   0.01020,   0.00091
  32.97303,  -0.10754,   0.00054
  31.53503,  -0.28846,   0.00027
  30.44131,  -0.35127,   0.00014
  29.75553,  -0.26720,   0.00005
  29.38154,  -0.12831,   0.00034
  29.39466,  -0.05437,   0.00068
  28.54200,  -0.03789,   0.00081
  28.74257,  -0.03299,   0.00117
  28.95919,  -0.06284,   0.00120
  28.76198,  -0.00486,   0.00117
  28.77592,   0.02879,   0.00128
  28.50516,  -0.07370,   0.00084
  29.15591,  -0.19249,   0.00078
  31.02876,  -0.30764,   0.00093
  34.45812,  -0.26006,   0.00109
  37.85969,  -0.04386,   0.00181
  38.84462,   0.24934,   0.00235
  38.28271,   0.41194,   0.00261
  37.77720,   0.37929,   0.00264
  36.32485,   0.12119,   0.00214
  35.85004,  -0.09813,   0.00169
  36.45532,  -0.13756,   0.00166
  37.41280,  -0.03438,   0.00171
  37.59917,  -0.00723,   0.00173
  38.25985,   0.04072,   0.00190
  38.16716,  -0.03082,   0.00162
  37.54055,  -0.14218,   0.00150
  36.32300,  -0.19366,   0.00144
  35.38248,  -0.15825,   0.00139
  32.93824,  -0.14173,   0.00124
  31.44471,  -0.19233,   0.00140
  30.80880,  -0.31820,   0.00166
  29.99814,  -0.36063,   0.00196
  30.13781,  -0.31684,   0.00260
  30.87513,  -0.16813,   0.00291
  31.02933,   0.01941,   0.00299
  30.40348,  -0.04401,   0.00274
  29.59101,  -0.17352,   0.00231
  29.37252,  -0.36765,   0.00187
  30.59621,  -0.53551,   0.00126
  31.85653,  -0.44246,   0.00120
  32.82574,  -0.19995,   0.00136
  32.87974,  -0.04646,   0.00150
  32.25230,   0.06127,   0.00171
  31.31232,  -0.06193,   0.00149
  30.33168,  -0.21579,   0.00104
  29.99527,  -0.19233,   0.00090
  28.96651,  -0.22674,   0.00066
  28.69409,  -0.18288,   0.00054
  29.21888,  -0.18596,   0.00058
  29.63621,  -0.26970,   0.00057
  30.87403,  -0.29970,   0.00076
  31.64642,  -0.21975,   0.00099
  31.85234,  -0.04190,   0.00132
  30.45539,   0.07933,   0.00141
  27.83871,   0.07481,   0.00125
  26.17339,  -0.09404,   0.00107
  25.17960,  -0.31285,   0.00096
  23.22514,  -0.32308,   0.00105
  24.30289,  -0.21883,   0.00128
  25.62711,   0.01437,   0.00158
  25.35363,   0.13210,   0.00173
  25.52710,   0.10394,   0.00155
  25.13174,  -0.06148,   0.00098
  24.97114,  -0.24390,   0.00049
  25.18543,  -0.28356,   0.00020
  26.21468,  -0.21099,   0.00005
  27.29181,  -0.06407,   0.00040
  28.62374,   0.00554,   0.00079
  28.84367,   0.05638,   0.00129
  29.24352,  -0.02497,   0.00149
  29.48136,  -0.01446,   0.00149
  29.68298,   0.16983,   0.00181
  29.06491,   0.17406,   0.00145
  28.17630,   0.10295,   0.00105
  27.85332,  -0.06942,   0.00070
  28.33663,  -0.24132,   0.00026
  30.21602,  -0.23044,   0.00015
  31.31149,   0.02869,   0.00049
  31.04024,   0.32291,   0.00086
  29.89582,   0.45338,   0.00078
  27.48873,   0.35831,   0.00063
  25.21726,   0.12294,   0.00042
  24.05073,   0.08128,   0.00039
  23.94441,   0.07354,   0.00046
  24.51432,   0.20878,   0.00079
  24.97155,   0.33220,   0.00121
  25.70424,   0.37518,   0.00149
  26.65069,   0.35342,   0.00171
  27.45254,   0.33463,   0.00175
  28.92678,   0.39676,   0.00174
  30.20571,   0.46212,   0.00156
  29.78481,   0.56306,   0.00147
  29.55447,   0.56926,   0.00141
  29.99465,   0.50956,   0.00118
  31.43081,   0.43229,   0.00128
  33.06301,   0.49241,   0.00143
  33.88136,   0.73113,   0.00189
  33.64999,   0.87092,   0.00167
  32.68737,   0.80652,   0.00125
  31.41168,   0.55883,   0.00056
  30.87000,   0.25323,  -0.00006
  31.76516,   0.08210,  -0.00045
  32.73976,   0.12869,  -0.00035
  33.64814,   0.32535,   0.00011
  33.73458,   0.43828,   0.00046
  33.03267,   0.43285,   0.00083
  31.12535,   0.42351,   0.00123
  29.41718,   0.27760,   0.00125
  27.77911,   0.20727,   0.00120
  26.05376,   0.26978,   0.00134
  25.41276,   0.29296,   0.00136
  25.70574,   0.25558,   0.00142
  26.01921,   0.17197,   0.00126
  27.47554,   0.13349,   0.00123
  28.76217,   0.21300,   0.00123
  29.98426,   0.30262,   0.00113
  29.24525,   0.42511,   0.00104
  27.80627,   0.40161,   0.00078
  27.31276,   0.26879,   0.00029
  27.31842,   0.08105,   0.00008
  28.55975,   0.04128,   0.00016
  30.35146,   0.24312,   0.00076
  31.34466,   0.42956,   0.00146
  31.61007,   0.54532,   0.00175
  31.07738,   0.48435,   0.00168
  30.72245,   0.29796,   0.00140
  31.36803,   0.11249,   0.00098
  31.54451,   0.10946,   0.00076
  31.89664,   0.20710,   0.00079
  32.55180,   0.21664,   0.00070
  32.50369,   0.25206,   0.00098
  31.94428,   0.25039,   0.00112
  31.59545,   0.21173,   0.00131
  30.90448,   0.25190,   0.00146
  29.12005,   0.35596,   0.00173
  26.97422,   0.37981,   0.00164
  33.42566,   0.32253,   0.00095
  32.58303,   0.09942,   0.00068
  32.86728,  -0.07821,   0.00043
  35.06584,  -0.05740,   0.00062
  37.37561,   0.06634,   0.00097
  38.69939,   0.31382,   0.00152
  38.10609,   0.43914,   0.00181
  37.51134,   0.36095,   0.00167
  36.06487,   0.18301,   0.00146
  35.54964,   0.04341,   0.00125
  36.63132,   0.14585,   0.00143
  38.19767,   0.28782,   0.00194
  38.98874,   0.42018,   0.00217
  39.28276,   0.43662,   0.00223
  39.20262,   0.36323,   0.00209
  39.36430,   0.30750,   0.00165
  39.37689,   0.32695,   0.00121
  39.71450,   0.35955,   0.00097
  32.85405,   0.24585,   0.00029
  31.87162,   0.17258,   0.00015
  31.37116,   0.02872,   0.00017
  31.57036,   0.03993,   0.00036
  32.02519,   0.12594,   0.00083
  31.35849,   0.36804,   0.00164
  30.62611,   0.52340,   0.00202
  29.27941,   0.48640,   0.00207
  27.41810,   0.32269,   0.00191
  27.09598,   0.09953,   0.00163
  24.86282,   0.06424,   0.00179
  26.44422,   0.17341,   0.00196
  28.29263,   0.39476,   0.00238
  29.29183,   0.48991,   0.00243
  29.79951,   0.53852,   0.00260
  29.98209,   0.48555,   0.00251
  30.25590,   0.46843,   0.00238
  29.91053,   0.46842,   0.00219
  29.53382,   0.52013,   0.00207
  29.23705,   0.54083,   0.00205
  29.83191,   0.43549,   0.00200
  31.39765,   0.28649,   0.00192
  33.09254,   0.24781,   0.00204
  34.88905,   0.32260,   0.00210
  35.47168,   0.48274,   0.00221
  35.50710,   0.48729,   0.00212
  34.09422,   0.41212,   0.00193
  32.99228,   0.19715,   0.00168
  33.10941,   0.05239,   0.00138
  33.51799,   0.03825,   0.00158
  33.96681,   0.19965,   0.00202
  33.01208,   0.42312,   0.00252
  31.99254,   0.51678,   0.00276
  30.56647,   0.43232,   0.00261
  29.06637,   0.29334,   0.00219
  28.15262,   0.15127,   0.00166
  27.76807,   0.15486,   0.00128
  28.17836,   0.17043,   0.00087
  28.66084,   0.26790,   0.00096
  29.35025,   0.28383,   0.00112
  30.52833,   0.26254,   0.00108
  31.14046,   0.29058,   0.00125
  30.96777,   0.39035,   0.00147
  31.08706,   0.55340,   0.00188
  29.80132,   0.61278,   0.00183
  28.90492,   0.52518,   0.00158
  30.32902,   0.37415,   0.00132
  31.65431,   0.25880,   0.00113
  33.79950,   0.32089,   0.00112
  35.69254,   0.45555,   0.00138
  36.45843,   0.68992,   0.00148
  35.76409,   0.76410,   0.00132
  35.02301,   0.61984,   0.00073
  33.55580,   0.41684,   0.00016
  32.35593,   0.28113,  -0.00021
  31.45179,   0.32793,  -0.00027
  30.81032,   0.41731,  -0.00011
  30.52776,   0.47247,   0.00017
  28.97713,   0.45413,   0.00041
  28.21505,   0.41744,   0.00070
  27.86068,   0.32434,   0.00067
  27.34650,   0.32021,   0.00059
  26.79958,   0.32667,   0.00056
  26.11762,   0.32019,   0.00048
  25.90424,   0.21791,   0.00046
  25.70332,   0.03865,   0.00022
  26.70251,   0.02345,   0.00043
  27.97574,   0.16283,   0.00084
  28.80768,   0.42069,   0.00126
  28.49964,   0.63319,   0.00161
  27.04295,   0.58779,   0.00141
  25.57311,   0.34393,   0.00082
  25.16001,   0.20712,   0.00051
  25.82558,   0.10942,   0.00010
  27.48416,   0.21163,   0.00001
  29.26600,   0.31698,   0.00014
  30.39970,   0.43197,   0.00038
  30.88454,   0.40190,   0.00028
  30.31799,   0.31183,   0.00021
  29.53613,   0.23499,   0.00015
  29.76584,   0.28072,   0.00032
  28.59859,   0.35856,   0.00058
  35.86199,   0.48398,   0.00075
  35.30744,   0.40382,   0.00102
  34.90715,   0.34033,   0.00127
  35.93584,   0.32310,   0.00157
  35.13622,   0.38937,   0.00200
  35.17540,   0.55134,   0.00214
  34.11116,   0.63957,   0.00209
  32.70347,   0.47804,   0.00145
  31.72328,   0.31024,   0.00112
  31.92351,   0.16618,   0.00088
  41.66743,   0.06258,   0.00111
  43.27989,   0.26434,   0.00166
  43.68458,   0.49505,   0.00229
  43.33497,   0.60508,   0.00272
  42.27031,   0.56365,   0.00290
  41.11943,   0.31430,   0.00256
  41.28034,   0.19398,   0.00240
  41.20819,   0.12746,   0.00209
  41.97011,   0.06571,   0.00193
  43.48794,   0.12884,   0.00191
  44.74623,   0.11744,   0.00197
  45.35821,   0.03137,   0.00185
  46.04045,   0.04341,   0.00190
  46.48361,   0.13411,   0.00203
  44.97958,   0.22601,   0.00196
  42.53234,   0.21790,   0.00169
  39.80806,   0.07458,   0.00131
  38.13884,  -0.17471,   0.00101
  36.69531,  -0.26087,   0.00102
  37.29492,  -0.25318,   0.00115
  38.15424,  -0.08277,   0.00146
  37.52908,   0.06645,   0.00179
  36.71192,   0.07184,   0.00169
  35.63185,  -0.06951,   0.00150
  34.66599,  -0.27385,   0.00129
  34.89807,  -0.35198,   0.00116
  28.98978,  -0.17306,   0.00086
  29.81412,   0.01561,   0.00128
  30.02285,   0.13880,   0.00166
  30.96566,   0.14409,   0.00206
  31.17305,   0.16256,   0.00249
  32.01075,   0.15054,   0.00234
  32.69580,   0.23221,   0.00202
  33.17218,   0.24503,   0.00188
  32.82898,   0.24323,   0.00140
  33.24116,   0.12230,   0.00093
  34.43390,  -0.11023,   0.00032
  36.50824,  -0.14672,   0.00023
  38.40427,  -0.00449,   0.00049
  38.80252,   0.25050,   0.00082
  37.59681,   0.37625,   0.00100
  35.59572,   0.36318,   0.00107
  33.40593,   0.07963,   0.00081
  32.08458,  -0.20951,   0.00054
  31.40815,  -0.22545,   0.00072
  32.15131,  -0.13621,   0.00097
  32.40333,  -0.03134,   0.00128
  33.32641,   0.06942,   0.00164
  32.67813,  -0.00784,   0.00159
  32.49173,  -0.09655,   0.00153
  33.50325,  -0.16896,   0.00113
  32.85815,  -0.10268,   0.00092
  31.95336,   0.00071,   0.00084
  31.04126,   0.02644,   0.00048
  30.76826,  -0.04122,   0.00057
  31.35092,  -0.14814,   0.00069
  32.12703,  -0.02150,   0.00119
  33.41641,   0.14952,   0.00132
  33.96582,   0.35767,   0.00128
  34.41397,   0.37635,   0.00114
  33.40204,   0.26127,   0.00058
  32.92048,   0.04739,  -0.00000
  35.11389,  -0.13356,  -0.00047
  37.23005,  -0.05847,  -0.00033
  39.28951,   0.20727,   0.00022
  40.51553,   0.42556,   0.00083
  39.57811,   0.53694,   0.00117
  37.88931,   0.46605,   0.00112
  37.00661,   0.45980,   0.00112
  35.79294,   0.38817,   0.00076
  34.94613,   0.39892,   0.00047
  34.03497,   0.39916,   0.00031
  34.38415,   0.39171,   0.00033
  35.30549,   0.31192,   0.00043
  35.71519,   0.23497,   0.00025
  36.95469,   0.27164,   0.00033
  37.25000,   0.40611,   0.00055
  36.96363,   0.50758,   0.00059
  35.23977,   0.51080,   0.00056
  33.70930,   0.36401,   0.00050
  33.01912,   0.29310,   0.00049
  34.10604,   0.15964,   0.00069
  36.44332,   0.23052,   0.00106
  38.08180,   0.48269,   0.00188
  39.15199,   0.65048,   0.00215
  39.30971,   0.65131,   0.00202
  39.93137,   0.48769,   0.00154
  40.18277,   0.30042,   0.00090
  40.90213,   0.21832,   0.00044
  42.82383,   0.20876,   0.00010
  43.69889,   0.32338,   0.00017
  43.91339,   0.37976,   0.00034
  33.90690,   0.33135,   0.00057
  33.62452,   0.23403,   0.00066
  33.03425,   0.20269,   0.00063
  32.26124,   0.32929,   0.00084
  30.60590,   0.32377,   0.00067
  28.92116,   0.22992,   0.00046
  27.87960,   0.04369,   0.00036
  27.58755,  -0.11288,   0.00024
  28.89012,  -0.09819,   0.00048
  30.44955,   0.05459,   0.00090
  31.03183,   0.29222,   0.00141
  30.74198,   0.38101,   0.00153
  29.12411,   0.35441,   0.00155
  27.37029,   0.20540,   0.00137
  27.30963,   0.14593,   0.00108
  27.69583,   0.13925,   0.00099
  28.59290,   0.26212,   0.00103
  28.52243,   0.33438,   0.00117
  29.19961,   0.39106,   0.00127
  29.80763,   0.34433,   0.00111
  31.13569,   0.22800,   0.00083
  31.54420,   0.23533,   0.00043
  31.66630,   0.30677,   0.00010
  32.22955,   0.25279,  -0.00022
  31.65651,   0.20367,  -0.00034
  31.65310,   0.08495,  -0.00028
  31.99240,   0.09528,   0.00007
  32.69641,   0.11823,   0.00039
  33.10195,   0.27059,   0.00074
  31.80317,   0.43929,   0.00126
  30.34204,   0.43840,   0.00107
  28.55533,   0.26559,   0.00063
  26.51634,   0.01650,  -0.00001
  26.29663,  -0.15612,  -0.00044
  27.02818,  -0.13503,  -0.00052
  26.79636,  -0.03856,  -0.00064
  27.17328,   0.15563,  -0.00030
  26.55765,   0.20481,  -0.00009
  24.96374,   0.18016,  -0.00021
  23.67545,   0.04002,  -0.00038
  22.68710,  -0.02511,  -0.00054
  22.14052,   0.09173,  -0.00039
  21.38411,   0.14374,  -0.00038
  21.90285,   0.12213,  -0.00028
  23.13713,   0.04055,  -0.00013
  24.13699,   0.01440,   0.00020
  26.31612,   0.10670,   0.00036
  28.04059,   0.32577,   0.00046
  29.59543,   0.42535,   0.00043
  28.91367,   0.47079,   0.00021
  28.17156,   0.34414,  -0.00016
  28.57100,   0.19875,  -0.00063
  29.32708,   0.21567,  -0.00048
  30.64586,   0.35921,  -0.00017
  31.62253,   0.58740,   0.00018
  30.58427,   0.73103,   0.00049
  29.80013,   0.66104,   0.00034
  29.01041,   0.45648,  -0.00009
  28.56748,   0.30518,  -0.00049
  28.39724,   0.24335,  -0.00072
  28.53954,   0.32087,  -0.00062
  28.92380,   0.34225,  -0.00062
  29.61180,   0.39877,  -0.00012
  29.96056,   0.42912,   0.00018
  30.42713,   0.41122,   0.00065
  30.51858,   0.46623,   0.00102
  30.53013,   0.64004,   0.00147
  29.46568,   0.67916,   0.00142
  28.49404,   0.59797,   0.00116
  27.74095,   0.42414,   0.00070
  28.97379,   0.26873,   0.00044
  31.22572,   0.28725,   0.00041
  33.44046,   0.42453,   0.00048
  34.73785,   0.68795,   0.00060
  35.47284,   0.72653,   0.00024
  34.47779,   0.64829,  -0.00015
  33.22535,   0.42343,  -0.00069
  34.00998,   0.32080,  -0.00102
  33.72065,   0.29163,  -0.00109
  33.84131,   0.39332,  -0.00088
  33.67293,   0.50595,  -0.00042
  33.58933,   0.51086,  -0.00016
  33.33251,   0.48857,   0.00014
  33.04694,   0.41145,   0.00009
  32.61721,   0.42407,  -0.00005
  32.47463,   0.42911,  -0.00015
  31.25055,   0.48464,  -0.00028
  30.13992,   0.46007,  -0.00044
  29.52705,   0.31953,  -0.00093
  29.79578,   0.26620,  -0.00082
  30.38382,   0.39576,  -0.00051
  30.55047,   0.59306,  -0.00017
  29.64050,   0.75371,   0.00002
  27.72215,   0.78163,   0.00005
  26.06323,   0.58093,  -0.00040
  25.42072,   0.31460,  -0.00097
  26.11519,   0.18687,  -0.00117
  27.93137,   0.23450,  -0.00115
  30.22134,   0.43106,  -0.00080
  31.73830,   0.50262,  -0.00048
  32.68126,   0.54382,  -0.00025
  33.06448,   0.45489,  -0.00023
  32.57996,   0.35661,  -0.00046
  32.26744,   0.33813,  -0.00058
  31.70760,   0.38085,  -0.00065
  30.80212,   0.42361,  -0.00055
  30.36067,   0.36123,  -0.00052
  30.55492,   0.23672,  -0.00049
  30.55447,   0.19236,  -0.00036
  31.25923,   0.21442,  -0.00039
  31.21938,   0.33183,  -0.00041
  30.21567,   0.32922,  -0.00069
  28.27823,   0.26667,  -0.00095
  26.40810,   0.07845,  -0.00125
  25.98682,  -0.08289,  -0.00168
  26.36788,  -0.12998,  -0.00146
  27.23603,   0.01723,  -0.00086
  27.45476,   0.26883,  -0.00007
  27.03276,   0.39994,   0.00055
  25.93886,   0.37003,   0.00085
  25.74102,   0.29608,   0.00099
  25.46056,   0.18507,   0.00077
  25.79808,   0.20337,   0.00061
  27.10836,   0.27331,   0.00067
  27.94884,   0.29293,   0.00041
  28.91292,   0.37259,   0.00050
  30.08323,   0.39678,   0.00057
  31.50339,   0.40787,   0.00046
  32.97407,   0.52234,   0.00065
  32.30793,   0.67026,   0.00065
  30.60967,   0.72208,   0.00053
  29.16052,   0.61447,   0.00024
  28.02825,   0.38698,  -0.00006
  28.28966,   0.25717,  -0.00001
  29.87920,   0.24325,   0.00021
  31.48385,   0.40177,   0.00065
  31.62613,   0.53442,   0.00115
  31.12869,   0.61940,   0.00138
  29.95726,   0.49724,   0.00113
  28.75932,   0.30726,   0.00092
  27.97924,   0.18483,   0.00085
  27.66689,   0.20048,   0.00088
  27.69850,   0.33023,   0.00122
  27.57511,   0.44019,   0.00163
  26.28982,   0.43220,   0.00183
  25.78585,   0.37440,   0.00191
  25.80206,   0.32675,   0.00196
  25.93496,   0.32975,   0.00172
  25.82887,   0.38508,   0.00143
  25.24975,   0.29868,   0.00097
  25.25219,   0.20836,   0.00068
  26.02348,   0.06288,   0.00053
  27.65024,   0.00471,   0.00040
  29.43775,   0.10400,   0.00074
  31.00035,   0.32627,   0.00138
  30.78525,   0.49594,   0.00171
  29.63899,   0.48406,   0.00173
  28.73391,   0.40252,   0.00167
  28.24124,   0.17969,   0.00127
  28.66966,   0.06734,   0.00102
  29.51232,   0.13659,   0.00123
  30.54295,   0.29694,   0.00144
  30.59427,   0.34175,   0.00142
  30.64963,   0.37039,   0.00145
  30.19293,   0.30774,   0.00133
  29.85665,   0.25010,   0.00100
  28.85627,   0.27307,   0.00091
  27.60759,   0.31765,   0.00073
  26.34682,   0.33847,   0.00080
  25.73198,   0.26692,   0.00094
  25.05820,   0.20981,   0.00110
  26.14529,   0.15938,   0.00139
  27.16906,   0.28954,   0.00191
  27.87274,   0.45788,   0.00212
  28.06627,   0.50641,   0.00218
  27.50897,   0.46885,   0.00195
  27.44403,   0.26381,   0.00140
  28.19798,   0.12079,   0.00116
  30.19766,   0.09597,   0.00103
  31.93273,   0.28199,   0.00129
  32.93240,   0.47413,   0.00159
  32.72686,   0.61005,   0.00177
  31.56803,   0.60137,   0.00170
  30.37944,   0.43121,   0.00123
  29.97721,   0.35750,   0.00089
  29.36453,   0.30981,   0.00039
  28.84529,   0.29101,   0.00015
  28.70985,   0.30551,  -0.00000
  28.34410,   0.22058,  -0.00021
  28.84762,   0.14733,  -0.00014
  29.30505,   0.15982,  -0.00005
  28.90996,   0.26569,   0.00013
  28.34833,   0.40771,   0.00038
  26.43247,   0.45540,   0.00046
  24.47129,   0.36616,   0.00042
  22.72795,   0.28971,   0.00036
  22.78781,   0.16030,   0.00039
  23.74380,   0.20748,   0.00061
  24.25757,   0.40642,   0.00110
  25.01211,   0.62094,   0.00132
  24.88524,   0.71145,   0.00125
  24.21028,   0.58351,   0.00074
  23.86985,   0.43830,   0.00022
  24.04141,   0.36685,  -0.00020
  25.49774,   0.39566,  -0.00046
  26.21987,   0.55517,  -0.00035
  27.00403,   0.67752,  -0.00013
  27.60268,   0.75917,   0.00017
  28.38326,   0.67731,   0.00034
  29.00831,   0.61753,   0.00039
  30.08879,   0.74855,   0.00091
  29.79430,   0.78641,   0.00082
  29.14078,   0.75338,   0.00061
  28.61065,   0.59316,   0.00031
  29.45423,   0.42590,   0.00023
  31.09740,   0.36433,   0.00038
  32.70351,   0.45613,   0.00056
  33.54505,   0.67637,   0.00100
  32.84840,   0.83017,   0.00130
  30.77320,   0.77824,   0.00113
  28.21002,   0.67836,   0.00081
  26.84805,   0.42916,   0.00054
  26.53650,   0.28069,   0.00044
  26.75650,   0.39370,   0.00068
  27.20303,   0.49673,   0.00094
  27.65607,   0.55293,   0.00114
  28.23966,   0.52040,   0.00116
  28.64496,   0.42074,   0.00112
  28.81865,   0.36302,   0.00104
  30.24543,   0.35777,   0.00102
  30.07459,   0.45150,   0.00110
  29.79416,   0.48642,   0.00114
  30.47387,   0.39131,   0.00105
  31.81267,   0.38520,   0.00133
  33.10329,   0.39697,   0.00156
  34.14989,   0.52706,   0.00176
  34.68543,   0.66349,   0.00215
  33.74382,   0.74110,   0.00187
  32.14626,   0.65498,   0.00133
  31.21342,   0.39654,   0.00063
  31.20820,   0.18417,   0.00004
  31.73022,   0.16833,  -0.00006
  32.44593,   0.33360,   0.00018
  32.51501,   0.46642,   0.00034
  31.91745,   0.55759,   0.00066
  30.65879,   0.48041,   0.00080
  29.28024,   0.40173,   0.00091
  28.01628,   0.26885,   0.00091
  26.95072,   0.27323,   0.00116
  26.56126,   0.30467,   0.00123
  26.82741,   0.31121,   0.00136
  26.39059,   0.21807,   0.00141
  27.86213,   0.14901,   0.00150
  29.39672,   0.17113,   0.00154
  30.51515,   0.25894,   0.00157
  30.75985,   0.41292,   0.00149
  47.95103,   0.57481,   0.00003
  47.26351,   0.50387,  -0.00022
  27.78993,   0.08714,   0.00030
  28.20729,  -0.08475,   0.00010
  29.58093,  -0.06083,   0.00015
  30.24763,   0.15139,   0.00076
  31.04624,   0.30813,   0.00093
  31.01817,   0.30292,   0.00084
  30.27952,   0.15215,   0.00070
  29.78837,  -0.07242,   0.00027
  29.66960,  -0.18906,  -0.00002
  30.14041,  -0.20337,  -0.00010
  30.51096,  -0.07964,   0.00016
  30.87187,   0.01999,   0.00052
  30.47921,   0.04832,   0.00063
  30.18764,   0.00879,   0.00089
  29.86417,   0.01551,   0.00108
  29.19775,   0.16258,   0.00135
  27.84972,   0.22292,   0.00133
  26.45684,   0.20471,   0.00111
  25.59204,   0.07084,   0.00080
  25.26753,  -0.10528,   0.00034
  26.89328,  -0.13859,   0.00034
  28.89330,   0.03279,   0.00063
  30.82694,   0.19717,   0.00086
  31.24729,   0.40240,   0.00116
  30.64497,   0.41595,   0.00119
  30.44275,   0.25049,   0.00095
  30.85623,   0.14384,   0.00090
  31.61800,   0.11423,   0.00096
  33.23081,   0.23757,   0.00138
  34.71533,   0.40780,   0.00173
  35.60315,   0.47877,   0.00208
  36.62761,   0.45516,   0.00211
  37.36335,   0.38356,   0.00190
  38.01992,   0.36125,   0.00167
  38.55275,   0.32545,   0.00126
  37.63903,   0.39186,   0.00102
  36.66959,   0.37396,   0.00080
  36.26167,   0.20266,   0.00030
  36.01635,   0.15677,   0.00021
  36.31742,   0.13364,   0.00041
  36.26389,   0.26306,   0.00077
  35.05732,   0.47889,   0.00127
  33.41299,   0.48896,   0.00128
  31.66672,   0.33253,   0.00105
  30.30795,   0.12951,   0.00071
  30.41038,  -0.05657,   0.00050
  31.51153,  -0.05001,   0.00060
  32.97203,   0.05385,   0.00079
  34.30316,   0.28114,   0.00118
  34.96902,   0.40080,   0.00142
  35.58190,   0.38206,   0.00129
  35.18622,   0.28669,   0.00110
  34.63728,   0.24011,   0.00086
  35.09047,   0.32045,   0.00087
  34.74236,   0.37587,   0.00066
  34.89439,   0.37228,   0.00043
  35.28351,   0.30559,   0.00024
  36.69926,   0.21907,   0.00005
  38.08955,   0.23596,  -0.00003
  39.51929,   0.33049,   0.00014
  39.03883,   0.45790,   0.00007
  37.70702,   0.46559,  -0.00010
  35.99877,   0.30680,  -0.00051
  35.64728,   0.12437,  -0.00071
  35.94443,   0.07281,  -0.00054
  36.91142,   0.14912,  -0.00010
  37.50352,   0.32550,   0.00050
  36.55183,   0.49097,   0.00112
  35.56910,   0.47629,   0.00127
  34.50591,   0.32310,   0.00108
  33.61744,   0.17523,   0.00076
  33.40401,   0.08280,   0.00040
  33.69802,   0.11838,   0.00021
  33.80548,   0.09219,  -0.00020
  34.38955,   0.13367,  -0.00014
  34.79852,   0.10547,  -0.00006
  51.67860,   0.53580,  -0.00109
  52.21880,   0.54206,  -0.00102
  52.17157,   0.59118,  -0.00096
  36.39412,   0.30404,   0.00030
  35.03660,   0.23334,   0.00008
  34.48639,   0.05115,  -0.00021
  34.84902,  -0.08705,  -0.00029
  36.38606,  -0.14398,  -0.00025
  38.29106,  -0.00340,   0.00004
  46.05157,   0.19049,   0.00028
  45.56214,   0.34809,   0.00034
  43.88047,   0.32799,   0.00009
  43.35653,   0.16725,  -0.00049
  42.06163,   0.01215,  -0.00082
  41.24870,  -0.01638,  -0.00088
  33.73175,   0.04550,  -0.00069
  33.25673,   0.17797,  -0.00043
  32.69786,   0.22265,  -0.00021
  31.29820,   0.22234,  -0.00009
  30.61713,   0.13508,  -0.00020
  29.92025,   0.10182,  -0.00037
  29.41162,   0.11942,  -0.00039
  28.68306,   0.17964,  -0.00048
  28.29800,   0.16738,  -0.00050
  28.21829,   0.01274,  -0.00083
  29.32511,  -0.03908,  -0.00059
  30.88588,   0.03953,  -0.00016
  32.17361,   0.28921,   0.00059
  32.65736,   0.51370,   0.00097
  31.99041,   0.57890,   0.00099
  30.96040,   0.46718,   0.00084
  30.37238,   0.28567,   0.00045
  31.02839,   0.11540,  -0.00003
  32.47033,   0.11748,  -0.00022
  33.87093,   0.21643,  -0.00004
  34.69987,   0.31417,  -0.00010
  35.31749,   0.35401,  -0.00016
  35.34518,   0.27280,  -0.00051
  34.80338,   0.13095,  -0.00077
  34.30456,   0.14281,  -0.00079
  32.95431,   0.14694,  -0.00074
  31.91200,   0.15223,  -0.00064
  30.64709,   0.12417,  -0.00046
  29.59615,   0.10730,  -0.00006
  30.16667,   0.01250,   0.00028
  31.03405,   0.03183,   0.00062
  31.00930,   0.20541,   0.00107
  30.56159,   0.25767,   0.00098
  29.67439,   0.27190,   0.00083
  28.90331,   0.14661,   0.00057
  28.51040,  -0.06840,  -0.00004
  29.39926,  -0.11432,  -0.00025
  30.64728,   0.04602,   0.00008
  31.69756,   0.31393,   0.00051
  31.83821,   0.48029,   0.00072
  31.52589,   0.51831,   0.00079
  30.94596,   0.35237,   0.00047
  31.24660,   0.24957,   0.00030
  31.34510,   0.19171,  -0.00008
  32.32778,   0.15262,  -0.00022
  33.34326,   0.25167,  -0.00022
  34.60602,   0.30180,  -0.00009
  36.49006,   0.23323,  -0.00011
  37.35859,   0.23930,   0.00004
  37.47349,   0.32820,   0.00021
  37.57243,   0.46780,   0.00042
  35.89015,   0.53142,   0.00036
  33.82070,   0.46242,   0.00015
  32.37166,   0.27510,  -0.00011
  31.19976,   0.15239,  -0.00029
  31.69123,   0.09743,  -0.00027
  31.86941,   0.23799,  -0.00003
  31.46989,   0.36268,   0.00001
  30.96448,   0.45626,  -0.00005
  29.93368,   0.36772,  -0.00038
  28.73172,   0.13706,  -0.00104
  28.42685,  -0.01864,  -0.00149
  28.19791,  -0.03579,  -0.00157
  28.60311,   0.08211,  -0.00136
  28.99314,   0.19051,  -0.00102
  28.96371,   0.24344,  -0.00066
  28.98369,   0.28539,  -0.00019
  29.25886,   0.22729,  -0.00020
  29.39285,   0.23363,  -0.00035
  29.97233,   0.30397,  -0.00022
  29.59697,   0.33600,  -0.00058
  29.01262,   0.20724,  -0.00120
  29.35247,   0.08820,  -0.00159
  30.55252,   0.02053,  -0.00183
  32.19584,   0.08899,  -0.00185
  32.85267,   0.30684,  -0.00163
  32.19338,   0.49722,  -0.00145
  30.77045,   0.56741,  -0.00148
  28.55462,   0.38899,  -0.00178
  26.92070,   0.12635,  -0.00210
  26.10947,   0.09589,  -0.00205
  26.49353,   0.10662,  -0.00190
  27.62574,   0.25876,  -0.00150
  27.58597,   0.35717,  -0.00105
  28.17271,   0.40446,  -0.00069
  28.26706,   0.35716,  -0.00055
  28.67983,   0.29751,  -0.00069
  28.34456,   0.32429,  -0.00060
  27.88115,   0.42253,  -0.00045
  27.78104,   0.46837,  -0.00058
  27.67451,   0.46172,  -0.00046
  28.36694,   0.39650,  -0.00034
  29.34990,   0.43581,  -0.00006
  30.94889,   0.51344,   0.00012
  31.98897,   0.66023,   0.00018
  32.24108,   0.71583,   0.00020
  31.87868,   0.60559,  -0.00040
  31.21694,   0.39097,  -0.00097
  31.65030,   0.18297,  -0.00141
  34.14300,   0.08569,  -0.00174
  35.78414,   0.22683,  -0.00138
  36.88803,   0.45925,  -0.00072
  36.76168,   0.55434,  -0.00021
  35.87452,   0.58811,   0.00011
  34.22030,   0.41320,   0.00010
  32.91910,   0.26340,  -0.00003
  32.32438,   0.28214,   0.00004
  31.62557,   0.31577,   0.00003
  31.34179,   0.36052,   0.00010
  30.55437,   0.27263,  -0.00011
  30.98912,   0.22350,  -0.00002
  31.48872,   0.21611,   0.00005
  31.71736,   0.28442,  -0.00002
  31.53224,   0.37210,  -0.00008
  30.03722,   0.45097,  -0.00013
  28.29205,   0.37617,  -0.00030
  27.59266,   0.27214,  -0.00056
  27.83201,   0.12810,  -0.00056
  29.04472,   0.14104,  -0.00034
  30.36989,   0.32465,   0.00037
  31.61950,   0.51808,   0.00071
  32.00283,   0.60077,   0.00077
  31.78433,   0.48385,   0.00061
  43.08959,   0.25418,   0.00021
  43.41144,   0.11875,  -0.00016
  44.20043,   0.12657,  -0.00028
  45.26501,   0.17022,  -0.00033
  45.84103,   0.29596,  -0.00012
  45.94091,   0.32541,   0.00007
  45.34843,   0.33503,   0.00023
  44.94318,   0.26303,   0.00017
  44.06668,   0.22675,   0.00000
  42.51097,   0.25151,   0.00004
  41.14889,   0.19199,  -0.00027
  40.30926,   0.04113,  -0.00059
  39.32656,  -0.14045,  -0.00097
  40.63595,  -0.26888,  -0.00096
  42.45622,  -0.23062,  -0.00063
  43.15904,  -0.06184,  -0.00020
  43.22714,   0.12846,   0.00029
  42.08735,   0.17107,   0.00045
  40.53216,   0.10559,   0.00030
  39.43500,  -0.10921,   0.00010
  39.25444,  -0.24895,   0.00005
  39.19059,  -0.14804,   0.00040
  40.55100,   0.03194,   0.00063
  41.80697,   0.18028,   0.00076
  41.87681,   0.13049,   0.00064
  42.52336,   0.04383,   0.00022
  42.92349,  -0.02919,  -0.00029
  44.24516,  -0.10412,  -0.00086
  43.94730,  -0.01026,  -0.00116
  43.57234,   0.06443,  -0.00133
  53.52461,   0.56861,  -0.00098
  53.88400,   0.50334,  -0.00092
  54.86402,   0.48428,  -0.00069
  55.81432,   0.62249,  -0.00013
  55.43846,   0.75034,   0.00017
  53.96471,   0.82076,   0.00026
  29.53944,   0.36586,   0.00003
  28.35718,   0.19735,  -0.00031
  28.28580,   0.04161,  -0.00060
  29.10708,  -0.00108,  -0.00077
  30.42121,   0.15623,  -0.00054
  30.77088,   0.30433,  -0.00038
  30.76752,   0.45098,  -0.00007
  30.02067,   0.45299,   0.00004
  29.18157,   0.39452,  -0.00018
  28.40781,   0.30268,  -0.00046
  28.01262,   0.33747,  -0.00051
  27.44853,   0.37278,  -0.00058
  27.43478,   0.37910,  -0.00056
  27.83486,   0.32733,  -0.00052
  29.31422,   0.26351,  -0.00049
  31.37050,   0.23344,  -0.00058
  32.97923,   0.32091,  -0.00064
  33.82628,   0.42615,  -0.00057
  33.49074,   0.44119,  -0.00072
  32.39946,   0.34505,  -0.00096
  32.16898,   0.18607,  -0.00131
  32.79448,   0.05553,  -0.00136
  33.62623,   0.17418,  -0.00096
  34.49674,   0.35624,  -0.00053
  34.43475,   0.51368,  -0.00023
  32.93538,   0.54270,  -0.00012
  31.63914,   0.43863,  -0.00050
  30.51825,   0.22457,  -0.00110
  29.99692,   0.09690,  -0.00161
  30.26168,   0.11531,  -0.00185
  30.87954,   0.14440,  -0.00193
  31.18584,   0.24459,  -0.00162
  31.57848,   0.27554,  -0.00129
  32.03768,   0.32364,  -0.00108
  32.08801,   0.31251,  -0.00077
  31.72641,   0.36878,  -0.00050
  31.68088,   0.49500,  -0.00004
  30.52606,   0.48334,   0.00002
  30.18617,   0.37044,  -0.00010
  31.22229,   0.22425,  -0.00020
  33.36668,   0.15360,  -0.00018
  36.02620,   0.28115,   0.00006
  37.89758,   0.51250,   0.00033
  38.58684,   0.58707,   0.00035
  36.62222,   0.49660,  -0.00031
  35.36653,   0.32840,  -0.00077
  34.60514,   0.12557,  -0.00124
  35.38533,   0.05763,  -0.00157
  35.45388,   0.11394,  -0.00138
  35.45403,   0.22602,  -0.00103
  35.25931,   0.27247,  -0.00066
  34.33336,   0.22213,  -0.00038
  36.13000,   0.15325,  -0.00033
  35.59280,   0.03791,  -0.00046
  34.67477,   0.02063,  -0.00054
  33.78160,  -0.02667,  -0.00064
  32.78954,  -0.02531,  -0.00064
  32.29010,  -0.09495,  -0.00057
  31.96621,  -0.21622,  -0.00071
  32.44231,  -0.17513,  -0.00033
  32.60637,  -0.05290,   0.00004
  32.04926,   0.11515,   0.00034
  30.40102,   0.20048,   0.00051
  28.42409,   0.09577,   0.00018
  26.94999,  -0.14143,  -0.00037
  26.42527,  -0.32785,  -0.00091
  42.35183,  -0.41159,  -0.00086
  43.91010,  -0.28877,  -0.00073
  30.55949,  -0.10989,  -0.00080
  31.47780,  -0.01884,  -0.00068
  31.25931,  -0.05392,  -0.00069
  30.68588,  -0.16322,  -0.00086
  30.94078,  -0.19284,  -0.00088
  30.69680,  -0.14502,  -0.00074
  29.72023,  -0.08025,  -0.00054
  29.53762,  -0.05361,  -0.00037
  29.89885,  -0.12141,  -0.00016
  29.86850,  -0.16946,   0.00009
  30.83524,  -0.16921,   0.00036
  31.54322,  -0.06566,   0.00046
  31.13334,   0.05162,   0.00044
  29.73426,  -0.00938,   0.00021
  28.00789,  -0.17004,  -0.00030
  26.45167,  -0.37124,  -0.00094
  26.56257,  -0.51502,  -0.00105
  27.49844,  -0.44846,  -0.00074
  27.72390,  -0.20160,  -0.00009
  27.62919,  -0.00485,   0.00063
  27.04123,   0.04157,   0.00106
  26.21362,  -0.05271,   0.00119
  25.98187,  -0.29109,   0.00092
  26.27823,  -0.43301,   0.00075
  27.38962,  -0.43149,   0.00092
  28.97871,  -0.29764,   0.00114
  30.34029,  -0.31599,   0.00107
  32.05223,  -0.29386,   0.00134
  33.60049,  -0.30125,   0.00151
  35.12899,  -0.26783,   0.00157
  34.99928,  -0.12502,   0.00161
  34.54809,  -0.03044,   0.00158
  32.66164,  -0.06099,   0.00123
  31.34972,  -0.24530,   0.00083
  30.76193,  -0.41344,   0.00051
  31.81578,  -0.51932,   0.00051
  32.84031,  -0.45285,   0.00085
  33.88186,  -0.23237,   0.00117
  33.45482,  -0.05077,   0.00135
  32.31741,  -0.13272,   0.00108
  30.92750,  -0.28313,   0.00090
  30.71820,  -0.41700,   0.00064
  30.39724,  -0.42816,   0.00080
  30.42213,  -0.29550,   0.00120
  30.12916,  -0.12656,   0.00168
  30.41294,  -0.02224,   0.00218
  30.74450,  -0.02604,   0.00244
  30.17546,   0.02191,   0.00259
  30.42876,   0.00131,   0.00237
  30.38238,   0.05123,   0.00207
  30.41764,   0.01823,   0.00166
  30.21779,   0.00288,   0.00133
  30.84154,  -0.09453,   0.00101
  32.28366,  -0.21494,   0.00060
  34.06660,  -0.19249,   0.00056
  35.24169,  -0.03719,   0.00070
  35.84274,   0.16279,   0.00113
  34.51286,   0.22081,   0.00114
  32.82858,   0.08829,   0.00087
  31.93295,  -0.06775,   0.00073
  31.94954,  -0.28470,   0.00040
  32.76735,  -0.33179,   0.00033
  33.14056,  -0.23659,   0.00066
  34.06567,  -0.08986,   0.00094
  34.41848,  -0.04341,   0.00103
  33.65487,  -0.12922,   0.00074
  33.07247,  -0.24104,   0.00044
  32.19408,  -0.30499,   0.00021
  31.37723,  -0.26485,   0.00004
  30.12963,  -0.21072,   0.00008
  29.18941,  -0.21137,   0.00016
  27.96502,  -0.18137,   0.00024
  28.58043,  -0.25203,   0.00032
  29.54901,  -0.24291,   0.00042
  30.15943,  -0.09986,   0.00072
  29.95139,   0.00555,   0.00071
  29.23153,   0.02187,   0.00053
  29.23114,  -0.12854,   0.00005
  29.63301,  -0.28396,  -0.00025
  31.00133,  -0.34709,  -0.00031
  33.55955,  -0.25079,  -0.00010
  34.96626,  -0.01375,   0.00043
  35.31148,   0.18827,   0.00090
  34.96405,   0.26983,   0.00123
  33.85946,   0.17602,   0.00106
  33.08164,   0.03979,   0.00066
  33.31614,   0.00934,   0.00051
  33.19342,   0.04905,   0.00029
  33.26787,   0.11863,   0.00023
  32.93663,   0.05252,   0.00003
  33.28404,   0.00002,   0.00005
  33.82679,  -0.03904,   0.00004
  34.53460,  -0.00660,  -0.00001
  33.86392,   0.08248,   0.00013
  32.25978,   0.15197,   0.00026
  30.70626,   0.13142,   0.00028
  29.31327,  -0.00207,   0.00034
  29.34640,  -0.14287,   0.00046
  29.86385,  -0.10642,   0.00086
  31.41228,   0.00676,   0.00129
  32.48840,   0.20283,   0.00172
  32.08897,   0.26219,   0.00192
  31.60378,   0.23339,   0.00170
  31.16531,   0.08370,   0.00122
  31.72257,  -0.09373,   0.00053
  32.33031,  -0.09321,   0.00027
  33.24244,   0.05274,   0.00035
  33.81398,   0.16963,   0.00043
  34.10105,   0.22774,   0.00059
  34.11859,   0.17571,   0.00061
  34.49301,   0.20893,   0.00082
  34.35991,   0.18483,   0.00063
  33.79130,   0.21949,   0.00045
  33.16316,   0.22567,   0.00048
  32.55177,   0.15834,   0.00032
  32.79094,   0.02242,   0.00021
  33.53457,  -0.07870,   0.00015
  35.19884,  -0.02954,   0.00044
  36.20511,   0.15620,   0.00088
  35.85364,   0.32617,   0.00122
  34.31249,   0.40284,   0.00140
  32.34395,   0.30286,   0.00132
  30.64877,   0.18719,   0.00112
  30.39041,   0.04646,   0.00097
  31.07635,   0.06187,   0.00106
  30.98271,   0.20014,   0.00135
  32.00797,   0.33881,   0.00159
  32.78870,   0.36549,   0.00164
  32.79782,   0.24848,   0.00135
  33.31784,   0.13848,   0.00104
  33.64286,   0.10161,   0.00080
  34.36496,   0.09936,   0.00062
  34.41763,   0.15309,   0.00066
  34.83934,   0.13508,   0.00078
  35.46909,   0.09930,   0.00097
  37.01222,   0.02622,   0.00122
  38.55291,   0.06407,   0.00150
  38.97630,   0.23039,   0.00216
  38.21278,   0.34116,   0.00210
  36.81560,   0.30461,   0.00169
  35.57977,   0.04946,   0.00102
  35.43081,  -0.19287,   0.00046
  36.29827,  -0.30118,   0.00011
  37.35188,  -0.25434,  -0.00013
  37.81307,  -0.02570,   0.00015
  36.95872,   0.13755,   0.00048
  35.30978,   0.16781,   0.00050
  33.53514,   0.04040,   0.00042
  31.89856,  -0.10776,   0.00024
  30.79314,  -0.07779,   0.00035
  30.07520,  -0.03055,   0.00039
  30.27843,   0.04478,   0.00058
  30.25084,   0.03037,   0.00077
  31.41451,  -0.00304,   0.00093
  32.73097,  -0.01626,   0.00100
  34.28736,   0.02629,   0.00107
  34.49451,   0.20591,   0.00114
  33.62424,   0.34479,   0.00107
  33.26492,   0.30533,   0.00074
  32.52192,   0.20220,   0.00045
  32.99977,   0.08805,   0.00022
  34.35077,   0.15494,   0.00035
  35.83450,   0.32640,   0.00053
  36.28711,   0.52655,   0.00096
  35.83565,   0.61043,   0.00088
  35.67828,   0.50871,   0.00050
  34.83058,   0.26645,  -0.00014
  34.64637,   0.07626,  -0.00068
  35.61019,   0.03346,  -0.00087
  36.12175,   0.16008,  -0.00068
  36.62379,   0.29603,  -0.00027
  36.05854,   0.33809,  -0.00005
  35.83489,   0.26728,   0.00036
  35.47307,   0.20344,   0.00064
  34.84655,   0.36585,   0.00115
  33.83037,   0.43431,   0.00120
  32.20994,   0.42986,   0.00111
  30.42422,   0.31728,   0.00090
  30.81112,   0.12609,   0.00067
  31.67474,   0.00090,   0.00037
  34.29119,   0.08660,   0.00050
  35.99994,   0.32874,   0.00078
  36.72345,   0.47066,   0.00071
  35.65858,   0.54818,   0.00062
  34.35035,   0.41226,   0.00029
  34.84420,   0.29587,  -0.00008
  35.04258,   0.15900,  -0.00018
  36.11109,   0.21771,  -0.00000
  37.84967,   0.40938,   0.00070
  39.09791,   0.54051,   0.00114
  39.83393,   0.54051,   0.00135
  40.71302,   0.47837,   0.00142
  40.84667,   0.41530,   0.00114
  40.60232,   0.35519,   0.00078
  39.85483,   0.45172,   0.00067
  38.81638,   0.52189,   0.00066
  38.54230,   0.41798,   0.00031
  38.70359,   0.35070,   0.00042
  39.20774,   0.33600,   0.00069
  39.54023,   0.47650,   0.00097
  39.21934,   0.64643,   0.00139
  37.52229,   0.74142,   0.00150
  35.30032,   0.68030,   0.00137
  33.81706,   0.48639,   0.00100
  33.55145,   0.27185,   0.00072
  34.74093,   0.18964,   0.00065
  36.68406,   0.27620,   0.00080
  38.09996,   0.39656,   0.00109
  38.47982,   0.53929,   0.00150
  38.12394,   0.54373,   0.00168
  38.38935,   0.46840,   0.00160
  38.19964,   0.37949,   0.00141
  37.95912,   0.37705,   0.00128
  37.96938,   0.42942,   0.00140
  37.51647,   0.45808,   0.00139
  37.51220,   0.40126,   0.00130
  37.51749,   0.30464,   0.00123
  38.68886,   0.25654,   0.00100
  39.42438,   0.31321,   0.00076
  39.39928,   0.34345,   0.00055
  37.72681,   0.37640,   0.00022
  35.65501,   0.26864,  -0.00013
  34.27462,   0.08010,  -0.00058
  33.87995,  -0.07100,  -0.00058
  34.42214,  -0.06274,  -0.00027
  34.26414,   0.15209,   0.00042
  33.91696,   0.31861,   0.00099
  32.78708,   0.36857,   0.00133
  30.73425,   0.30814,   0.00147
  29.65355,   0.12076,   0.00119
  29.26563,  -0.00320,   0.00089
  29.61090,  -0.02968,   0.00074
  30.52911,   0.11097,   0.00084
  31.59325,   0.24485,   0.00104
  31.83930,   0.22857,   0.00091
  32.43358,   0.22446,   0.00102
  33.02394,   0.23584,   0.00102
  33.51343,   0.32996,   0.00116
  32.72543,   0.42354,   0.00108
  31.43464,   0.43671,   0.00093
  30.40881,   0.34002,   0.00083
  30.73308,   0.16147,   0.00065
  32.45641,   0.04942,   0.00059
  34.45024,   0.07714,   0.00089
  36.42296,   0.26421,   0.00120
  36.76087,   0.44836,   0.00145
  36.01909,   0.39776,   0.00133
  34.58094,   0.25617,   0.00109
  33.63213,   0.05929,   0.00080
  33.49809,  -0.03476,   0.00060
  33.76559,   0.03546,   0.00086
  33.94796,   0.19665,   0.00137
  32.17247,   0.33061,   0.00184
  31.53281,   0.31357,   0.00206
  31.05920,   0.21584,   0.00195
  30.33467,   0.15310,   0.00174
  29.83539,   0.15488,   0.00143
  28.98209,   0.21219,   0.00123
  28.34055,   0.13428,   0.00078
  28.54075,   0.08452,   0.00078
  29.59795,   0.02673,   0.00089
  31.09013,   0.06984,   0.00102
  32.32789,   0.21894,   0.00143
  32.58900,   0.43451,   0.00187
  32.40595,   0.58919,   0.00231
  30.96969,   0.53984,   0.00215
  30.18433,   0.36498,   0.00174
  30.93177,   0.22832,   0.00153
  32.57309,   0.21539,   0.00133
  34.62202,   0.37926,   0.00139
  35.68322,   0.48396,   0.00146
  36.00365,   0.63127,   0.00147
  35.56953,   0.62177,   0.00123
  35.50569,   0.51421,   0.00073
  34.68735,   0.44394,   0.00036
  33.52494,   0.45208,   0.00018
  32.16746,   0.51897,   0.00020
  31.14240,   0.49841,   0.00036
  30.93608,   0.41867,   0.00060
  30.33330,   0.43099,   0.00097
  31.41288,   0.38836,   0.00117
  32.03273,   0.45423,   0.00136
  31.73121,   0.52686,   0.00156
  30.62694,   0.55496,   0.00150
  29.64065,   0.44755,   0.00127
  29.38600,   0.20678,   0.00063
  30.61013,   0.07779,   0.00053
  32.56974,   0.13439,   0.00075
  33.62594,   0.34230,   0.00110
  34.14044,   0.55115,   0.00146
  33.55156,   0.61503,   0.00156
  32.07344,   0.56642,   0.00149
  31.37396,   0.32981,   0.00081
  31.22504,   0.15739,   0.00015
  31.81894,   0.11906,  -0.00012
  32.51241,   0.18537,  -0.00024
  33.41177,   0.22654,  -0.00021
  34.28847,   0.14196,  -0.00043
  35.07233,   0.09394,  -0.00044
  35.38445,   0.09431,  -0.00039
  35.87194,   0.18616,  -0.00023
  33.91503,   0.26936,  -0.00008
  31.62911,   0.28004,   0.00002
  29.92794,   0.22527,  -0.00003
  29.54149,   0.04543,  -0.00002
  30.30711,  -0.03504,   0.00013
  31.11100,   0.08603,   0.00055
  31.93015,   0.30726,   0.00085
  31.52884,   0.48499,   0.00097
  30.15964,   0.41287,   0.00061
  28.60394,   0.27079,   0.00018
  27.84822,   0.09184,  -0.00029
  28.96729,   0.01510,  -0.00073
  29.65877,   0.11659,  -0.00057
  30.36776,   0.29150,  -0.00016
  30.40794,   0.41118,   0.00029
  30.29271,   0.39969,   0.00056
  30.38529,   0.31874,   0.00062
  31.24047,   0.32040,   0.00090
  31.22053,   0.33954,   0.00074
  30.85506,   0.40514,   0.00057
  31.13545,   0.30769,   0.00034
  31.46753,   0.20392,   0.00010
  32.69073,   0.07641,  -0.00004
  34.37987,   0.01964,  -0.00011
  35.88328,   0.16644,   0.00011
  35.77379,   0.37837,   0.00038
  34.16058,   0.48236,   0.00051
  31.65832,   0.37456,   0.00028
  29.28485,   0.11498,  -0.00010
  27.64466,  -0.01099,  -0.00025
  27.77867,  -0.08696,  -0.00027
  28.58709,   0.00783,   0.00001
  28.29983,   0.14536,   0.00043
  28.46626,   0.21221,   0.00073
  28.29160,   0.14993,   0.00079
  28.05241,   0.02721,   0.00057
  27.84966,  -0.05354,   0.00050
  27.59620,  -0.02451,   0.00060
  27.80578,   0.05467,   0.00072
  27.96823,   0.11451,   0.00102
  28.60429,   0.09489,   0.00133
  29.22483,   0.12724,   0.00169
  30.95205,   0.16041,   0.00192
  32.26938,   0.28630,   0.00203
  32.74094,   0.38793,   0.00220
  32.04837,   0.43790,   0.00186
  31.19991,   0.31583,   0.00132
  31.55949,   0.03749,   0.00055
  32.84569,  -0.09146,   0.00023
  34.74049,  -0.03200,   0.00032
  36.46552,   0.14011,   0.00060
  36.79675,   0.34786,   0.00106
  35.80445,   0.38922,   0.00137
  34.47618,   0.26783,   0.00141
  33.77748,   0.17557,   0.00146
  33.28878,   0.05088,   0.00137
  33.05551,   0.04782,   0.00148
  32.51611,   0.06526,   0.00168
  33.02430,   0.09567,   0.00196
  33.92891,   0.06559,   0.00215
  34.24759,  -0.01369,   0.00192
  35.20294,   0.01137,   0.00193
  35.37798,   0.11088,   0.00194
  34.81736,   0.14395,   0.00169
  33.25686,   0.14297,   0.00150
  31.98400,   0.01232,   0.00126
  31.52282,  -0.08486,   0.00101
  32.61186,  -0.16178,   0.00101
  34.28426,  -0.07212,   0.00120
  34.97746,   0.11317,   0.00173
  34.95337,   0.24082,   0.00178
  34.36074,   0.20597,   0.00150
  34.41193,  -0.00477,   0.00100
  34.38586,  -0.18981,   0.00043
  34.92054,  -0.22924,   0.00016
  36.38127,  -0.18262,   0.00010
  37.14635,  -0.00836,   0.00038
  37.27011,   0.09092,   0.00064
  36.81195,   0.13684,   0.00084
  36.31042,   0.08101,   0.00077
  35.56667,   0.06625,   0.00062
  34.37114,   0.13771,   0.00070
  32.65109,   0.17147,   0.00039
  31.12914,   0.12434,   0.00005
  29.87290,  -0.01505,  -0.00034
  30.57686,  -0.14070,  -0.00051
  32.03850,  -0.13611,  -0.00050
  33.27580,  -0.00494,  -0.00038
  33.58703,   0.19472,  -0.00010
  32.63778,   0.29274,   0.00009
  31.42155,   0.24802,   0.00003
  30.37529,   0.06238,  -0.00014
  30.40954,  -0.09600,  -0.00026
  31.14116,  -0.04313,   0.00009
  32.80417,   0.09362,   0.00045
  34.42066,   0.27080,   0.00081
  34.66411,   0.32265,   0.00108
  35.49747,   0.26434,   0.00083
  36.36397,   0.16122,   0.00032
  37.35260,   0.06219,  -0.00020
  37.31484,   0.11510,  -0.00060
  37.02412,   0.17722,  -0.00084
  36.83976,   0.12518,  -0.00121
  36.60763,   0.02708,  -0.00118
  37.02374,  -0.06204,  -0.00108
  37.55567,   0.06260,  -0.00068
  37.68135,   0.16255,  -0.00047
  36.58568,   0.26236,  -0.00034
  34.73840,   0.27850,  -0.00026
  33.09649,   0.09201,  -0.00055
  32.51802,  -0.14363,  -0.00084
  33.01378,  -0.26724,  -0.00109
  34.63909,  -0.17090,  -0.00075
  36.13345,   0.08735,  -0.00011
  36.59624,   0.25522,   0.00017
  35.83911,   0.34750,   0.00050
  34.67059,   0.28681,   0.00048
  34.29074,   0.23703,   0.00025
  33.69466,   0.21038,   0.00007
  33.37840,   0.29232,   0.00008
  33.39273,   0.37728,   0.00018
  33.69437,   0.39602,   0.00020
  34.71920,   0.35259,   0.00017
  36.34872,   0.28019,   0.00004
  37.74649,   0.31055,  -0.00014
  38.30596,   0.44613,  -0.00027
  39.13865,   0.48772,  -0.00042
  37.76379,   0.47083,  -0.00061
  36.85016,   0.30992,  -0.00079
  37.63399,   0.19898,  -0.00087
  38.71539,   0.16105,  -0.00063
  39.94899,   0.29320,  -0.00015
  39.85725,   0.51138,   0.00060
  38.90959,   0.60390,   0.00081
  37.41128,   0.51564,   0.00064
  35.69329,   0.31505,   0.00023
  34.94356,   0.10098,  -0.00035
  34.73579,   0.01475,  -0.00069
  34.41946,   0.01419,  -0.00096
  34.83144,   0.13740,  -0.00074
  34.79074,   0.17900,  -0.00046
  34.02812,   0.17926,  -0.00043
  33.85298,   0.10537,  -0.00037
  33.26041,   0.06895,  -0.00038
  32.11621,   0.16070,  -0.00006
  30.81977,   0.16429,  -0.00005
  30.14022,   0.07046,  -0.00014
  29.38473,  -0.07645,  -0.00020
  30.97357,  -0.22316,  -0.00023
  33.39267,  -0.21098,  -0.00010
  35.36510,  -0.09778,   0.00022
  36.30131,   0.12320,   0.00041
  35.97003,   0.21809,   0.00033
  35.40836,   0.08077,  -0.00021
  34.16400,  -0.13570,  -0.00073
  33.75460,  -0.28211,  -0.00107
  33.95616,  -0.21169,  -0.00097
  34.23497,  -0.04695,  -0.00066
  34.09049,   0.09719,  -0.00031
  32.71499,   0.13769,  -0.00003
  32.07961,   0.03633,  -0.00012
  31.39861,  -0.10975,  -0.00040
  30.87681,  -0.19941,  -0.00060
  29.96932,  -0.16643,  -0.00072
  29.16580,  -0.10257,  -0.00064
  29.03706,  -0.16100,  -0.00083
  29.51628,  -0.21356,  -0.00052
  30.29368,  -0.24881,  -0.00010
  30.93611,  -0.13949,   0.00041
  31.09993,   0.03449,   0.00092
  30.07486,   0.19911,   0.00128
  28.24357,   0.21886,   0.00147
  26.98005,   0.05592,   0.00111
  26.71026,  -0.16286,   0.00062
  27.30532,  -0.31413,   0.00026
  29.32310,  -0.21565,   0.00018
  31.24577,   0.01864,   0.00031
  32.22058,   0.08368,   0.00023
  32.04252,   0.10355,   0.00015
  31.26364,  -0.02826,  -0.00018
  31.29887,  -0.14469,  -0.00050
  30.44183,  -0.19323,  -0.00074
  29.66761,  -0.13436,  -0.00068
  28.84336,  -0.03812,  -0.00034
  28.61009,  -0.06000,  -0.00001
  29.14653,  -0.15267,   0.00024
  29.10004,  -0.16408,   0.00059
  29.55322,  -0.11458,   0.00068
  29.05616,   0.02710,   0.00072
  28.04032,   0.04769,   0.00066
  39.86200,  -0.12696,   0.00041
  38.85829,  -0.26758,   0.00008
  38.94635,  -0.41749,  -0.00008
  39.25156,  -0.38373,  -0.00004
  39.69077,  -0.14400,   0.00054
  39.94791,   0.15937,   0.00118
  39.37057,   0.33015,   0.00147
  37.81071,   0.30758,   0.00143
  36.72766,   0.10244,   0.00112
  36.79847,  -0.10925,   0.00080
  38.12460,  -0.17929,   0.00070
  39.92000,  -0.03241,   0.00089
  42.15772,   0.07877,   0.00092
  44.35068,   0.21605,   0.00119
  46.11179,   0.19849,   0.00124
  47.20891,   0.18286,   0.00129
  48.38159,   0.26529,   0.00147
  47.49432,   0.35316,   0.00147
  46.56530,   0.40796,   0.00144
  45.49644,   0.32877,   0.00118
  44.84761,   0.16745,   0.00098
  45.51853,  -0.03570,   0.00083
  46.18447,  -0.04669,   0.00095
  47.23898,   0.10022,   0.00110
  47.21356,   0.28059,   0.00121
  46.28252,   0.26063,   0.00092
  44.82236,   0.11544,   0.00062
  44.17052,  -0.12433,   0.00004
  43.71371,  -0.32830,  -0.00002
  43.94408,  -0.31712,   0.00033
  44.15264,  -0.08434,   0.00080
  44.18417,   0.11876,   0.00147
  43.12186,   0.24581,   0.00203
  42.51748,   0.16776,   0.00219
  42.02724,   0.05269,   0.00209
  42.79263,   0.01956,   0.00198
  42.44050,   0.07411,   0.00168
  42.22087,   0.15133,   0.00137
  43.03515,   0.01976,   0.00073
  44.08965,  -0.03638,   0.00055
  45.75377,  -0.08638,   0.00034
  46.82714,   0.03270,   0.00046
  46.89962,   0.26284,   0.00063
  46.88798,   0.43618,   0.00078
  44.65734,   0.42576,   0.00053
  42.22869,   0.20232,   0.00005
  41.20303,  -0.00537,  -0.00020
  40.96627,  -0.17430,  -0.00039
  41.77655,  -0.11796,  -0.00004
  43.00991,   0.11437,   0.00042
  43.33549,   0.28529,   0.00079
  42.64533,   0.23812,   0.00069
  41.66129,   0.11532,   0.00058
  40.58856,  -0.00605,   0.00046
  40.32527,   0.00336,   0.00041
  39.37002,   0.09002,   0.00059
  37.65034,   0.16844,   0.00075
  37.18674,   0.16788,   0.00095
  37.22899,   0.10188,   0.00109
  36.50651,   0.14952,   0.00142
  36.98761,   0.17167,   0.00147
  37.12803,   0.25300,   0.00141
  36.89718,   0.23839,   0.00119
  36.38572,   0.14863,   0.00071
  36.22585,  -0.08533,  -0.00000
  37.35242,  -0.29639,  -0.00026
  39.46774,  -0.32154,  -0.00004
  41.80039,  -0.09687,   0.00057
  42.74371,   0.18543,   0.00123
  42.31680,   0.32516,   0.00159
  41.28890,   0.26399,   0.00167
  40.34961,   0.13166,   0.00161
  39.27741,  -0.08340,   0.00125
  39.11937,  -0.13587,   0.00106
  38.99019,  -0.10451,   0.00113
  39.87646,   0.00307,   0.00123
  40.75818,   0.03013,   0.00126
  40.37610,  -0.05124,   0.00099
  41.05166,  -0.05165,   0.00089
  40.64715,   0.00348,   0.00098
  39.43450,   0.11986,   0.00114
  37.75272,   0.19518,   0.00102
  35.71548,   0.12170,   0.00110
  34.61611,  -0.06900,   0.00126
  34.22045,  -0.04358,   0.00162
  35.93859,   0.04432,   0.00218
  37.79344,   0.30036,   0.00286
  39.14451,   0.43166,   0.00333
  39.34838,   0.50646,   0.00329
  38.93702,   0.37064,   0.00287
  40.32959,   0.11292,   0.00218
  41.45026,   0.03701,   0.00194
  43.04004,   0.16299,   0.00203
  44.53404,   0.28428,   0.00204
  45.32843,   0.47961,   0.00235
  45.36021,   0.51265,   0.00243
  44.78400,   0.43992,   0.00233
  44.59384,   0.37087,   0.00220
  31.98536,   0.45560,   0.00192
  30.91190,   0.44939,   0.00156
  30.06926,   0.39388,   0.00119
  29.11468,   0.19414,   0.00064
  29.87535,   0.03807,   0.00052
  30.93006,  -0.01538,   0.00064
  31.37162,   0.10258,   0.00088
  31.36195,   0.29907,   0.00130
  30.11184,   0.41850,   0.00158
  28.16596,   0.36204,   0.00162
  25.69949,   0.25988,   0.00146
  24.68848,   0.03649,   0.00127
  24.55144,  -0.05257,   0.00123
  24.63925,   0.10897,   0.00152
  24.71379,   0.22723,   0.00166
  25.49386,   0.35577,   0.00173
  25.99529,   0.33631,   0.00151
  25.81171,   0.16787,   0.00097
  25.77303,   0.05854,   0.00047
  25.57097,   0.07639,   0.00015
  26.48835,   0.12441,  -0.00004
  26.29403,   0.16763,  -0.00022
  26.44669,   0.13914,  -0.00018
  27.05999,   0.11324,  -0.00007
  28.17873,   0.17222,   0.00033
  29.37558,   0.34066,   0.00094
  29.55580,   0.48101,   0.00104
  29.63818,   0.50782,   0.00117
  28.52932,   0.37735,   0.00076
  28.20056,   0.15623,   0.00031
  28.86547,  -0.02105,   0.00003
  30.32748,  -0.04776,  -0.00013
  31.71846,   0.17428,   0.00021
  32.31390,   0.44371,   0.00065
  31.28549,   0.50834,   0.00064
  29.52482,   0.40888,   0.00057
  27.38894,   0.30897,   0.00036
  25.85018,   0.12147,   0.00014
  25.13411,   0.14002,   0.00023
  25.15052,   0.19686,   0.00035
  25.22013,   0.21182,   0.00041
  26.49250,   0.18423,   0.00053
  27.46323,   0.10039,   0.00049
  28.76149,   0.08523,   0.00058
  29.39728,   0.18097,   0.00077
  30.62175,   0.26631,   0.00098
  30.36070,   0.27546,   0.00081
  29.26212,   0.18728,   0.00069
  29.02554,   0.03014,   0.00055
  30.05245,   0.02098,   0.00051
  30.73105,   0.05262,   0.00093
  31.82008,   0.28283,   0.00125
  31.73699,   0.47247,   0.00139
  30.88995,   0.43204,   0.00129
  29.16578,   0.24175,   0.00069
  28.12191,   0.01757,  -0.00001
  29.93942,  -0.07676,  -0.00055
  29.89993,  -0.00630,  -0.00054
  30.18751,   0.18551,  -0.00023
  30.19638,   0.27895,  -0.00017
  29.47527,   0.28938,   0.00024
  28.49780,   0.21941,   0.00054
  27.94246,   0.30084,   0.00110
  26.71658,   0.31253,   0.00135
  25.64889,   0.35156,   0.00153
  25.33506,   0.32891,   0.00173
  24.29589,   0.21200,   0.00156
  25.61866,   0.09907,   0.00159
  27.78912,   0.10790,   0.00178
  29.82062,   0.25042,   0.00195
  31.84310,   0.40113,   0.00205
  31.74683,   0.55600,   0.00211
  30.50768,   0.49344,   0.00187
  29.78749,   0.29869,   0.00134
  29.31831,   0.04084,   0.00097
  29.82270,  -0.06233,   0.00088
  30.60641,   0.09625,   0.00138
  31.95511,   0.27312,   0.00172
  33.24575,   0.34015,   0.00192
  33.22254,   0.27027,   0.00206
  33.29431,   0.07961,   0.00182
  32.86354,  -0.05649,   0.00164
  33.15526,  -0.07402,   0.00169
  32.70828,  -0.11390,   0.00142
  32.56369,  -0.10295,   0.00153
  32.61115,  -0.16108,   0.00174
  31.66172,  -0.17979,   0.00179
  31.63467,  -0.17606,   0.00216
  31.29025,  -0.06716,   0.00252
  30.17052,   0.08654,   0.00280
  28.57390,   0.08984,   0.00265
  26.69863,  -0.07844,   0.00226
  24.42208,  -0.35737,   0.00157
  24.52466,  -0.55236,   0.00130
  25.81924,  -0.52108,   0.00136
  27.47994,  -0.34410,   0.00154
  29.12137,  -0.16537,   0.00179
  29.15857,  -0.04107,   0.00204
  28.32446,  -0.12007,   0.00205
  28.73801,  -0.22460,   0.00210
  28.13909,  -0.30512,   0.00204
  28.08427,  -0.23625,   0.00208
  28.97327,  -0.13948,   0.00242
  29.85856,  -0.06829,   0.00258
  31.12960,  -0.08341,   0.00265
  32.17783,  -0.15379,   0.00268
  32.98991,  -0.12201,   0.00251
  33.15761,  -0.01260,   0.00232
  32.94839,  -0.00714,   0.00210
  31.48900,  -0.05916,   0.00161
  29.40233,  -0.22312,   0.00093
  28.47078,  -0.43124,   0.00065
  28.41997,  -0.55091,   0.00060
  27.91207,  -0.40666,   0.00097
  27.99009,  -0.19357,   0.00146
  26.28848,   0.01114,   0.00207
  25.17021,  -0.03341,   0.00210
  23.89839,  -0.25345,   0.00185
  22.08002,  -0.46068,   0.00164
  21.90278,  -0.57612,   0.00148
  22.71528,  -0.52903,   0.00153
  24.15891,  -0.41444,   0.00164
  24.71405,  -0.33217,   0.00165
  25.59306,  -0.30304,   0.00178
  25.66723,  -0.33135,   0.00175
  25.71607,  -0.24018,   0.00187
  24.85742,  -0.14513,   0.00170
  23.91363,  -0.07888,   0.00142
  23.04229,  -0.08408,   0.00122
  23.10888,  -0.25920,   0.00077
  24.10649,  -0.44975,   0.00042
  25.24588,  -0.43275,   0.00054
  27.18580,  -0.25674,   0.00063
  28.12536,  -0.01901,   0.00078
  28.66181,   0.06533,   0.00075
  27.03727,  -0.00391,   0.00057
  25.36350,  -0.21207,   0.00038
  24.94203,  -0.28799,   0.00028
  24.99169,  -0.28100,   0.00061
  25.48335,  -0.09746,   0.00121
  25.22517,   0.16796,   0.00179
  25.64401,   0.28584,   0.00220
  24.43032,   0.27467,   0.00233
  24.15929,   0.14743,   0.00221
  24.14570,   0.13260,   0.00218
  24.48506,   0.13399,   0.00196
  24.45579,   0.10817,   0.00148
  24.85208,   0.13834,   0.00140
  25.00357,   0.00575,   0.00075
  26.79767,  -0.02392,   0.00086
  28.42389,   0.10167,   0.00105
  29.68693,   0.33715,   0.00156
  29.92713,   0.51917,   0.00203
  28.63009,   0.49452,   0.00193
  28.06190,   0.34339,   0.00173
  27.90931,   0.05473,   0.00132
  29.27287,  -0.07674,   0.00130
  31.57575,  -0.01658,   0.00139
  33.66382,   0.11914,   0.00171
  34.95323,   0.35884,   0.00193
  35.63724,   0.37351,   0.00168
  33.95069,   0.25968,   0.00131
  32.26141,   0.08955,   0.00086
  32.15723,   0.06243,   0.00048
  30.58016,   0.07811,   0.00039
  29.32720,   0.11244,   0.00042
  27.01703,   0.13423,   0.00027
  26.51427,   0.03638,   0.00037
  26.27279,  -0.06092,   0.00042
  25.93167,   0.02196,   0.00078
  25.49731,   0.11978,   0.00076
  24.54403,   0.20373,   0.00067
  23.61624,   0.08001,   0.00023
  22.65885,  -0.07019,   0.00005
  22.77304,  -0.23117,   0.00003
  24.21240,  -0.23347,   0.00001
  25.69707,  -0.02648,   0.00049
  26.86786,   0.29363,   0.00101
  26.84820,   0.47956,   0.00150
  26.01684,   0.44606,   0.00133
  25.03193,   0.31388,   0.00116
  24.45355,   0.10334,   0.00061
  38.40652,   0.01500,   0.00091
  39.50146,   0.05851,   0.00065
  41.06525,   0.17982,   0.00056
  41.22595,   0.12917,   0.00030
  41.88023,   0.09741,   0.00023
  41.88397,   0.01816,   0.00014
  42.23788,   0.04027,   0.00017
  41.09845,   0.05396,   0.00022
  39.27894,   0.05216,   0.00025
  37.51785,  -0.01470,   0.00030
  35.21308,  -0.06376,   0.00050
  35.34414,  -0.22672,   0.00075
  36.24259,  -0.24892,   0.00115
  36.20955,  -0.08273,   0.00184
  36.92306,   0.09403,   0.00216
  36.49641,   0.16533,   0.00217
  35.07202,  -0.01478,   0.00167
  34.27056,  -0.23288,   0.00129
  34.14875,  -0.39897,   0.00104
  35.26205,  -0.36742,   0.00087
  22.00959,  -0.23857,  -0.00004
  22.85292,  -0.02147,   0.00046
  23.07984,   0.05966,   0.00080
  22.55472,   0.07733,   0.00108
  22.34356,  -0.03324,   0.00089
  22.29272,  -0.07379,   0.00061
  22.93999,  -0.06663,   0.00066
  22.81887,  -0.02021,   0.00056
  23.14987,  -0.03294,   0.00055
  24.16465,  -0.17391,   0.00038
  26.22647,  -0.20416,   0.00045
  27.85761,  -0.07725,   0.00076
  28.32800,   0.16024,   0.00118
  27.66481,   0.31559,   0.00149
  25.87154,   0.36412,   0.00147
  23.93384,   0.21299,   0.00121
  22.90463,   0.00238,   0.00094
  22.36092,  -0.03722,   0.00092
  23.21355,   0.03468,   0.00107
  24.29052,   0.21538,   0.00137
  23.67054,   0.26403,   0.00144
  23.49258,   0.27735,   0.00145
  23.29646,   0.17454,   0.00126
  23.47146,   0.04008,   0.00081
  23.08967,   0.00034,   0.00065
  22.88374,   0.05527,   0.00075
  23.45436,   0.12871,   0.00091
  24.15022,   0.14348,   0.00127
  25.22817,   0.09766,   0.00161
  25.83824,   0.16179,   0.00214
  27.19422,   0.21555,   0.00228
  27.74241,   0.33901,   0.00227
  27.09468,   0.35409,   0.00222
  26.31161,   0.27556,   0.00168
  26.09636,   0.02542,   0.00088
  26.94589,  -0.17435,   0.00032
  29.14215,  -0.22493,   0.00003
  30.58711,  -0.04860,   0.00017
  31.16834,   0.20294,   0.00039
  30.18657,   0.34222,   0.00044
  28.48609,   0.25147,   0.00034
  26.63522,   0.01979,   0.00008
  25.37499,  -0.04583,   0.00002
  24.43499,  -0.10224,   0.00002
  24.51146,  -0.06528,   0.00008
  25.00302,   0.01027,   0.00034
  24.81275,   0.00749,   0.00043
  25.65344,  -0.01191,   0.00070
  26.33446,  -0.00903,   0.00087
  27.21369,   0.07184,   0.00100
  27.99177,   0.17563,   0.00102
  27.01802,   0.27691,   0.00101
  25.80132,   0.24339,   0.00091
  25.23736,   0.14077,   0.00059
  25.93775,   0.03378,   0.00058
  27.23625,   0.11272,   0.00091
  28.89185,   0.31568,   0.00109
  29.84884,   0.52666,   0.00113
  29.83540,   0.49232,   0.00097
  29.05142,   0.35053,   0.00044
  28.85059,   0.05103,  -0.00034
  29.31120,  -0.09303,  -0.00084
  30.35300,  -0.06626,  -0.00093
  32.16717,   0.02716,  -0.00074
  32.51764,   0.17087,  -0.00025
  32.17120,   0.21265,   0.00018
  31.72378,   0.23093,   0.00053
  30.98101,   0.16226,   0.00053
  29.77078,   0.14721,   0.00043
  28.43824,   0.18024,   0.00050
  26.98948,   0.17085,   0.00030
  26.18584,   0.08689,   0.00011
  25.60272,  -0.06191,  -0.00022
  26.69350,  -0.12247,  -0.00031
  27.88123,  -0.03711,  -0.00028
  28.23475,   0.08316,  -0.00028
  27.10139,   0.23403,  -0.00013
  25.16475,   0.23126,  -0.00019
  23.91027,   0.13501,  -0.00047
  23.17541,  -0.04712,  -0.00065
  23.62457,  -0.11597,  -0.00063
  24.88610,   0.04603,  -0.00009
  26.37933,   0.23182,   0.00036
  27.23756,   0.35796,   0.00068
  27.49674,   0.35001,   0.00085
  27.71087,   0.26110,   0.00063
  27.96856,   0.18938,   0.00025
  29.28966,   0.15313,  -0.00008
  29.09597,   0.24403,  -0.00020
  28.74214,   0.31226,  -0.00022
  28.48689,   0.29992,  -0.00029
  28.89263,   0.24259,  -0.00012
  29.68227,   0.23018,   0.00006
  29.87694,   0.37181,   0.00043
  29.08558,   0.46243,   0.00051
  27.25562,   0.47468,   0.00045
  24.99038,   0.35268,   0.00023
  23.99295,   0.12197,  -0.00004
  24.53150,  -0.06624,  -0.00019
  25.75304,  -0.08939,  -0.00024
  27.66901,   0.06393,   0.00024
  28.75944,   0.27117,   0.00089
  28.44519,   0.35664,   0.00116
  27.69312,   0.30498,   0.00141
  26.70651,   0.14125,   0.00139
  26.19012,   0.06984,   0.00132
  25.96643,   0.04985,   0.00135
  26.15007,   0.12392,   0.00150
  25.90281,   0.15357,   0.00157
  26.97647,   0.12810,   0.00163
  28.44612,   0.06790,   0.00153
  29.81555,  -0.00646,   0.00124
  30.56358,   0.03336,   0.00095
  30.11959,   0.12289,   0.00067
  29.86980,   0.04591,   0.00014
  28.40639,  -0.05297,  -0.00008
  27.94279,  -0.20793,  -0.00010
  28.76821,  -0.20544,   0.00009
  29.70231,  -0.14513,   0.00045
  30.16171,   0.02696,   0.00092
  29.25193,   0.18409,   0.00159
  27.83777,   0.19484,   0.00165
  26.26661,   0.05438,   0.00137
  25.33904,  -0.14121,   0.00093
  25.20169,  -0.23805,   0.00062
  25.49864,  -0.18570,   0.00060
  25.70641,  -0.13382,   0.00045
  26.11460,   0.01117,   0.00072
  26.16133,   0.06464,   0.00094
  25.63236,   0.06013,   0.00093
  25.09002,   0.02169,   0.00085
  23.98024,   0.02284,   0.00072
  22.63138,   0.05766,   0.00085
  21.41140,   0.04053,   0.00073
  21.20036,  -0.05246,   0.00063
  21.59540,  -0.15430,   0.00062
  23.78562,  -0.20605,   0.00059
  26.11449,  -0.13176,   0.00068
  27.52413,  -0.03591,   0.00093
  27.39454,   0.09529,   0.00102
  26.38026,   0.06164,   0.00085
  25.68494,  -0.12158,   0.00046
  25.36985,  -0.31863,   0.00009
  25.53163,  -0.39684,  -0.00005
  24.98325,  -0.27757,   0.00028
  25.27375,  -0.12575,   0.00057
  25.31934,  -0.03917,   0.00079
  23.62084,  -0.04461,   0.00088
  23.07198,  -0.19775,   0.00051
  22.39374,  -0.34132,  -0.00001
  21.54145,  -0.41791,  -0.00047
  20.66131,  -0.39855,  -0.00063
  20.37117,  -0.36716,  -0.00052
  20.51469,  -0.36829,  -0.00060
  21.39045,  -0.39949,  -0.00029
  22.23819,  -0.38425,   0.00010
  22.33765,  -0.21628,   0.00071
  21.80748,  -0.06733,   0.00112
  20.68174,   0.00050,   0.00132
  19.30495,  -0.05848,   0.00138
  19.08410,  -0.24020,   0.00112
  20.20300,  -0.37277,   0.00089
  22.52227,  -0.37058,   0.00080
  24.73013,  -0.14556,   0.00102
  26.15078,   0.12412,   0.00127
  26.99281,   0.14548,   0.00110
  26.43688,   0.10095,   0.00088
  25.66947,  -0.03962,   0.00047
  39.34737,  -0.22055,   0.00036
  38.64270,  -0.22115,   0.00028
  38.26816,  -0.13223,   0.00040
  37.63973,  -0.06838,   0.00080
  37.79492,  -0.10275,   0.00113
  38.21228,  -0.20165,   0.00133
  38.80039,  -0.18747,   0.00161
  38.82048,  -0.13375,   0.00170
  37.96125,  -0.03581,   0.00179
  37.39663,  -0.12377,   0.00146
  36.64771,  -0.22790,   0.00138
  36.97299,  -0.38416,   0.00133
  37.40272,  -0.41844,   0.00113
  38.24636,  -0.30361,   0.00157
  38.51670,  -0.06663,   0.00216
  37.50567,   0.11230,   0.00266
  36.16214,   0.10152,   0.00262
  34.61589,  -0.11379,   0.00220
  33.56425,  -0.33653,   0.00179
  33.37907,  -0.52133,   0.00133
  34.78540,  -0.54930,   0.00111
  36.43066,  -0.38014,   0.00121
  37.85543,  -0.32501,   0.00120
  38.98189,  -0.29739,   0.00132
  40.22034,  -0.30991,   0.00129
  40.22281,  -0.33815,   0.00123
  40.95477,  -0.25737,   0.00144
  39.64504,  -0.19786,   0.00139
  38.51458,  -0.19905,   0.00144
  37.74806,  -0.31195,   0.00130
  26.20471,  -0.30478,   0.00118
  27.30255,  -0.35190,   0.00123
  28.60202,  -0.24078,   0.00138
  29.05404,  -0.12706,   0.00153
  28.53729,  -0.01630,   0.00153
  27.04292,  -0.07160,   0.00130
  25.33251,  -0.31078,   0.00054
  24.28902,  -0.51108,   0.00028
  24.19412,  -0.56067,   0.00033
  24.57278,  -0.42133,   0.00059
  25.11926,  -0.25307,   0.00109
  25.44020,  -0.15818,   0.00157
  24.57616,  -0.13324,   0.00203
  24.58069,  -0.26096,   0.00206
  24.65579,  -0.35977,   0.00197
  25.46038,  -0.39634,   0.00208
  25.79972,  -0.35343,   0.00202
  26.63490,  -0.33319,   0.00199
  27.98770,  -0.46224,   0.00164
  29.82391,  -0.52137,   0.00166
  31.38642,  -0.49090,   0.00179
  32.94699,  -0.35893,   0.00203
  32.34750,  -0.19968,   0.00215
  30.51945,  -0.16315,   0.00199
  28.26321,  -0.28736,   0.00171
  26.82785,  -0.53342,   0.00123
  26.65464,  -0.73139,   0.00088
  26.83041,  -0.72321,   0.00094
  27.74392,  -0.58649,   0.00117
  28.39669,  -0.40969,   0.00146
  27.80308,  -0.41019,   0.00149
  27.00589,  -0.48031,   0.00146
  25.95367,  -0.60771,   0.00133
  25.72788,  -0.66380,   0.00122
  24.86528,  -0.61529,   0.00138
  24.36399,  -0.50305,   0.00163
  23.45281,  -0.42435,   0.00183
  23.67577,  -0.42886,   0.00210
  24.28639,  -0.45192,   0.00225
  24.48371,  -0.38742,   0.00249
  24.79097,  -0.28482,   0.00246
  24.60423,  -0.17656,   0.00227
  24.34733,  -0.27912,   0.00180
  23.98140,  -0.38405,   0.00136
  24.47475,  -0.53553,   0.00095
  26.11745,  -0.60002,   0.00057
  28.37294,  -0.46464,   0.00086
  29.66641,  -0.22216,   0.00125
  29.81129,  -0.04170,   0.00161
  29.27863,   0.02276,   0.00200
  28.33815,  -0.14094,   0.00181
  27.93680,  -0.32874,   0.00148
  28.00292,  -0.34909,   0.00165
  28.54430,  -0.31057,   0.00165
  29.65747,  -0.20659,   0.00179
  30.02291,  -0.20105,   0.00188
  30.44540,  -0.21967,   0.00180
  31.23127,  -0.26884,   0.00177
  31.38845,  -0.26700,   0.00175
  31.05965,  -0.19727,   0.00161
  29.69531,  -0.15104,   0.00154
  28.20072,  -0.19019,   0.00142
  26.06769,  -0.25579,   0.00111
  26.29245,  -0.43523,   0.00109
  27.49946,  -0.49092,   0.00122
  27.97564,  -0.31032,   0.00167
  28.96563,  -0.13281,   0.00190
  29.16537,  -0.03783,   0.00194
  29.09255,  -0.15714,   0.00170
  28.94528,  -0.35199,   0.00136
  29.58118,  -0.49926,   0.00111
  32.27402,  -0.48320,   0.00100
  33.68444,  -0.29878,   0.00126
  34.78518,  -0.08515,   0.00160
  35.69215,   0.04405,   0.00185
  35.46178,  -0.00007,   0.00185
  35.02624,  -0.09751,   0.00162
  35.38598,  -0.06322,   0.00166
  34.55190,  -0.03781,   0.00129
  33.56890,  -0.00561,   0.00093
  32.91716,  -0.12783,   0.00042
  33.35175,  -0.21647,   0.00021
  34.40232,  -0.28662,   0.00009
  35.86074,  -0.24231,  -0.00000
  35.97747,  -0.07372,   0.00028
  34.94830,   0.09062,   0.00057
  33.77590,   0.14178,   0.00064
  31.82692,   0.01447,   0.00061
  30.66790,  -0.19522,   0.00053
  30.27888,  -0.24734,   0.00067
  31.05880,  -0.21861,   0.00086
  32.30431,  -0.04078,   0.00120
  32.55054,   0.07294,   0.00155
  33.18430,   0.12671,   0.00155
  33.33834,   0.04301,   0.00128
  33.94546,  -0.12724,   0.00076
  33.78312,  -0.18932,   0.00030
  33.56957,  -0.15089,  -0.00000
  33.81648,  -0.15405,  -0.00034
  33.73622,  -0.13858,  -0.00043
  33.94581,  -0.20632,  -0.00045
  33.93062,  -0.16680,  -0.00021
  34.17537,  -0.17772,  -0.00026
  33.87384,  -0.09607,  -0.00032
  33.10747,  -0.01977,  -0.00005
  31.77274,  -0.08306,  -0.00033
  30.89263,  -0.25937,  -0.00068
  30.67835,  -0.45557,  -0.00107
  31.64080,  -0.52434,  -0.00106
  32.82535,  -0.39556,  -0.00072
  33.58362,  -0.18021,  -0.00034
  33.08689,  -0.00091,   0.00006
  31.45742,  -0.00631,   0.00020
  29.38779,  -0.06432,   0.00008
  27.71407,  -0.23315,  -0.00017
  26.69752,  -0.30613,  -0.00029
  26.40057,  -0.20678,  -0.00011
  26.45365,  -0.12972,  -0.00001
  26.64046,  -0.10540,  -0.00002
  27.93970,  -0.14565,   0.00003
  29.30475,  -0.19276,  -0.00001
  31.28450,  -0.18916,  -0.00000
  31.35222,  -0.06231,   0.00011
  30.98848,   0.03839,   0.00021
  31.57498,  -0.00779,   0.00008
  31.88774,  -0.11340,   0.00013
  32.97849,  -0.22825,   0.00033
  34.75886,  -0.11430,   0.00102
  36.55584,   0.05971,   0.00149
  37.40562,   0.26212,   0.00183
  36.91934,   0.29747,   0.00205
  35.90415,   0.16277,   0.00167
  34.78049,  -0.06200,   0.00117
  34.39635,  -0.25663,   0.00073
  35.12596,  -0.36066,   0.00023
  35.85412,  -0.22245,   0.00039
  36.28815,  -0.05330,   0.00072
  35.22857,  -0.01308,   0.00071
  34.26306,  -0.08787,   0.00090
  33.00168,  -0.21065,   0.00096
  31.67881,  -0.17532,   0.00121
  30.28994,  -0.15918,   0.00123
  29.38134,  -0.14272,   0.00124
  28.74997,  -0.22083,   0.00125
  28.91415,  -0.33026,   0.00123
  30.26772,  -0.39389,   0.00139
  32.27070,  -0.34156,   0.00156
  33.67283,  -0.12629,   0.00182
  34.70366,  -0.00411,   0.00189
  33.86311,   0.06174,   0.00176
  33.15525,  -0.06973,   0.00127
  32.25115,  -0.24545,   0.00086
  32.49043,  -0.29603,   0.00074
  33.09712,  -0.22296,   0.00073
  33.93547,  -0.05224,   0.00089
  33.68888,   0.05673,   0.00121
  33.59227,   0.06106,   0.00110
  33.12010,  -0.07160,   0.00075
  33.04887,  -0.19389,   0.00045
  33.25654,  -0.28394,   0.00016
  32.98759,  -0.22446,   0.00009
  32.93833,  -0.14977,   0.00022
  32.72620,  -0.16404,   0.00020
  33.20967,  -0.20116,   0.00053
  33.59171,  -0.23924,   0.00086
  33.27161,  -0.12160,   0.00126
  32.31626,  -0.00047,   0.00167
  31.07230,   0.06837,   0.00172
  28.91769,  -0.01120,   0.00155
  27.95546,  -0.19913,   0.00116
  38.06980,  -0.35497,   0.00044
  39.96179,  -0.43543,   0.00025
  42.44938,  -0.31208,   0.00031
  43.42426,  -0.17023,   0.00032
  43.73579,  -0.01517,   0.00050
  43.48870,  -0.02979,   0.00034
  42.59022,  -0.19504,   0.00004
  42.12542,  -0.37099,  -0.00032
  42.95698,  -0.35631,  -0.00029
  43.17861,  -0.28039,  -0.00023
  33.55967,  -0.20714,   0.00047
  34.25299,  -0.18694,   0.00070
  34.67380,  -0.22785,   0.00084
  35.38431,  -0.27482,   0.00075
  36.23558,  -0.25808,   0.00066
  35.87852,  -0.14254,   0.00045
  35.43555,  -0.14518,   0.00008
  33.91961,  -0.17858,  -0.00014
  30.79927,  -0.25998,  -0.00045
  30.65974,  -0.34778,  -0.00050
  30.89353,  -0.30635,  -0.00025
  30.58375,  -0.08760,   0.00023
  30.02123,   0.11110,   0.00058
  28.55216,   0.17566,   0.00065
  26.47878,   0.09159,   0.00047
  25.14139,  -0.11273,   0.00009
  24.97237,  -0.24327,  -0.00017
  26.63048,  -0.24761,  -0.00023
  28.30108,  -0.06865,   0.00010
  30.01197,   0.12832,   0.00053
  31.39415,   0.16967,   0.00063
  31.73585,   0.17307,   0.00081
  31.67366,   0.16714,   0.00088
  32.81696,   0.26065,   0.00109
  32.09749,   0.32900,   0.00099
  31.16229,   0.34434,   0.00079
  42.56176,   0.25544,   0.00080
  43.00820,   0.10591,   0.00055
  44.11913,   0.00101,   0.00035
  45.33163,   0.01677,   0.00032
  46.32741,   0.16770,   0.00036
  46.07107,   0.29468,   0.00033
  45.44137,   0.21809,  -0.00018
  43.77186,   0.02360,  -0.00060
  42.60220,  -0.22305,  -0.00092
  42.57231,  -0.24075,  -0.00096
  42.84282,  -0.18098,  -0.00050
  43.11703,  -0.01208,   0.00018
  41.15370,   0.19215,   0.00093
  40.18109,   0.18920,   0.00122
  39.21820,   0.05949,   0.00116
  38.66375,  -0.01846,   0.00107
  38.36695,  -0.07683,   0.00087
  38.75606,  -0.01956,   0.00075
  39.14936,  -0.05339,   0.00033
  40.22870,  -0.02203,   0.00032
  41.52247,  -0.03007,   0.00038
  42.74448,   0.00990,   0.00027
  43.60032,   0.11258,   0.00050
  43.49626,   0.25925,   0.00069
  43.43651,   0.37558,   0.00088
  41.97519,   0.29105,   0.00061
  41.01977,   0.06035,   0.00017
  41.48407,  -0.08683,   0.00003
  43.04101,  -0.13438,   0.00001
  45.33115,   0.01633,   0.00029
  46.62652,   0.14434,   0.00059
  47.06007,   0.28021,   0.00080
  46.22681,   0.24266,   0.00074
  45.92600,   0.09850,   0.00032
  44.99462,  -0.02226,   0.00013
  44.13109,  -0.03520,   0.00013
  43.30117,   0.03705,   0.00024
  42.81236,   0.11107,   0.00050
  42.35913,   0.10156,   0.00073
  40.58191,   0.08263,   0.00092
  40.41416,   0.00250,   0.00089
  40.13558,  -0.01435,   0.00076
  39.63690,  -0.05739,   0.00058
  38.70100,  -0.05825,   0.00032
  38.04384,  -0.17963,  -0.00003
  37.78274,  -0.39818,  -0.00069
  38.75984,  -0.49075,  -0.00063
  40.29878,  -0.40555,  -0.00025
  41.20518,  -0.16609,   0.00048
  41.23825,   0.04992,   0.00101
  40.02023,   0.10083,   0.00112
  38.68490,   0.02323,   0.00119
  37.51881,  -0.21049,   0.00062
  37.31962,  -0.35495,   0.00009
  38.14538,  -0.39146,  -0.00007
  39.56228,  -0.23952,  -0.00012
  40.68335,  -0.09609,  -0.00010
  40.47627,  -0.14321,  -0.00037
  40.31794,  -0.20187,  -0.00061
  39.78470,  -0.24923,  -0.00085
  39.62002,  -0.20977,  -0.00097
  37.78658,  -0.15626,  -0.00106
  35.76996,  -0.14309,  -0.00109
  33.48404,  -0.17301,  -0.00107
  33.38460,  -0.30093,  -0.00092
  34.39678,  -0.36745,  -0.00062
  34.71570,  -0.21142,   0.00009
  35.84288,  -0.02193,   0.00058
  35.64039,   0.05344,   0.00083
  35.00225,   0.05411,   0.00076
  34.36219,  -0.10048,   0.00042
  35.08484,  -0.27215,  -0.00017
  36.44367,  -0.29733,  -0.00021
  38.25342,  -0.14220,   0.00014
  39.31521,   0.07538,   0.00057
  40.27016,   0.25511,   0.00101
  24.96570,   0.39486,   0.00080
  24.97311,   0.24871,   0.00054
  25.18505,   0.11209,   0.00006
  25.86328,   0.09619,  -0.00013
  26.09294,   0.10914,  -0.00047
  26.77396,   0.10039,  -0.00068
  27.83022,  -0.05605,  -0.00105
  29.55466,  -0.14930,  -0.00098
  31.08754,  -0.14561,  -0.00071
  32.61857,   0.01191,  -0.00028
  32.34605,   0.20132,   0.00014
  30.96644,   0.28932,   0.00035
  29.45038,   0.26248,   0.00028
  27.92913,   0.04587,   0.00011
  27.40443,  -0.15098,   0.00000
  27.58157,  -0.12922,   0.00010
  28.66917,   0.01583,   0.00037
  29.51756,   0.22610,   0.00066
  28.87606,   0.24846,   0.00050
  28.20916,   0.20026,   0.00027
  27.38863,   0.05695,  -0.00013
  28.09643,  -0.03891,  -0.00067
  27.78158,   0.00484,  -0.00074
  27.60594,   0.11926,  -0.00063
  28.04667,   0.18263,  -0.00058
  28.58115,   0.18589,  -0.00029
  29.39304,   0.13107,  -0.00004
  30.69833,   0.21241,   0.00051
  31.51977,   0.29672,   0.00054
  31.74559,   0.39193,   0.00043
  34.02619,   0.32773,   0.00029
  33.66728,   0.23604,  -0.00007
  33.99396,   0.07852,  -0.00044
  35.59703,  -0.03449,  -0.00077
  37.33198,   0.02005,  -0.00069
  38.22527,   0.23040,  -0.00042
  37.89561,   0.41137,  -0.00017
  36.24436,   0.40106,  -0.00013
  34.25690,   0.31503,  -0.00033
  32.33460,   0.06133,  -0.00078
  31.16250,  -0.09952,  -0.00114
  30.04943,  -0.10376,  -0.00116
  30.23558,  -0.04943,  -0.00109
  31.01408,   0.00109,  -0.00086
  30.61148,  -0.04508,  -0.00079
  31.09586,  -0.13846,  -0.00070
  31.23056,  -0.18375,  -0.00066
  31.72156,  -0.14754,  -0.00059
  31.10322,  -0.06953,  -0.00049
  30.32988,  -0.05392,  -0.00048
  29.54848,  -0.10405,  -0.00059
  29.65211,  -0.23504,  -0.00052
  30.67957,  -0.27817,  -0.00038
  31.77487,  -0.11409,   0.00010
  32.91171,   0.07173,   0.00025
  32.99676,   0.17717,   0.00015
  32.48273,   0.05222,  -0.00029
  31.69590,  -0.15101,  -0.00098
  31.46216,  -0.35449,  -0.00161
  33.13246,  -0.45362,  -0.00207
  34.26631,  -0.31253,  -0.00190
  35.30203,  -0.09466,  -0.00143
  35.42219,   0.04455,  -0.00097
  34.45536,   0.01233,  -0.00065
  33.30997,  -0.09736,  -0.00051
  32.93287,  -0.06454,  -0.00014
  31.95008,  -0.05099,  -0.00007
  31.15112,  -0.00853,   0.00001
  30.11673,  -0.06943,  -0.00002
  30.50563,  -0.13167,   0.00004
  31.54183,  -0.19330,   0.00013
  32.72414,  -0.20764,   0.00007
  33.90913,  -0.04044,   0.00035
  33.97324,   0.16036,   0.00061
  33.15972,   0.14351,   0.00047
  31.44187,   0.03907,   0.00028
  30.27950,  -0.10287,  -0.00012
  30.12643,  -0.26713,  -0.00032
  31.11476,  -0.26064,  -0.00026
  32.02451,  -0.09747,   0.00032
  33.54999,   0.07251,   0.00070
  34.28008,   0.12207,   0.00085
  34.34971,  -0.00204,   0.00071
  34.39848,  -0.16300,   0.00027
  35.58327,  -0.26492,  -0.00004
  35.74830,  -0.21283,  -0.00016
  36.25721,  -0.19810,  -0.00022
  36.37674,  -0.14325,  -0.00005
  33.95772,  -0.08112,   0.00007
  34.10806,  -0.12267,   0.00024
  34.15402,  -0.11765,   0.00034
  33.36037,   0.00853,   0.00065
  31.86171,   0.07189,   0.00053
  29.91980,   0.03795,   0.00025
  27.77521,  -0.12451,  -0.00023
  27.55381,  -0.31135,  -0.00057
  28.46163,  -0.40306,  -0.00071
  29.43047,  -0.33343,  -0.00070
  30.59985,  -0.12044,  -0.00029
  30.78724,   0.06765,   0.00017
  31.27591,   0.03459,   0.00012
  30.24641,  -0.09268,   0.00014
  29.49232,  -0.26522,   0.00002
  29.66978,  -0.23465,   0.00022
  30.27981,  -0.15568,   0.00038
  30.39508,  -0.06454,   0.00071
  32.12855,   0.01395,   0.00093
  33.71655,  -0.00195,   0.00095
  34.91159,  -0.06233,   0.00083
  36.16103,  -0.04606,   0.00055
  37.79389,  -0.03804,   0.00025
  37.49965,   0.06100,  -0.00007
  36.74279,   0.04369,  -0.00043
  36.06403,  -0.11562,  -0.00110
  36.12331,  -0.30183,  -0.00128
  36.83112,  -0.36839,  -0.00117
  36.82244,  -0.14393,  -0.00046
  36.58580,   0.02682,  -0.00011
  35.38242,   0.09010,  -0.00001
  33.23522,   0.01836,  -0.00007
  31.96562,  -0.23180,  -0.00049
  31.40669,  -0.45282,  -0.00083
  31.77135,  -0.53338,  -0.00105
  32.79660,  -0.38534,  -0.00076
  33.90644,  -0.17003,  -0.00034
  33.64500,  -0.10537,  -0.00031
  33.24973,  -0.11323,  -0.00013
  32.39421,  -0.18556,  -0.00017
  31.91346,  -0.11048,  -0.00009
  30.65686,  -0.07612,  -0.00033
  29.50596,  -0.04279,  -0.00061
  28.16960,  -0.11665,  -0.00095
  28.40676,  -0.22792,  -0.00122
  29.71612,  -0.32902,  -0.00140
  31.85886,  -0.31696,  -0.00132
  33.57924,  -0.11393,  -0.00126
  33.99056,   0.12272,  -0.00120
  34.02321,   0.12505,  -0.00127
  33.51399,   0.05555,  -0.00169
  32.22582,  -0.13201,  -0.00196
  31.89715,  -0.24025,  -0.00201
  33.14856,  -0.10059,  -0.00157
  33.60774,   0.10026,  -0.00091
  32.99968,   0.26969,  -0.00035
  32.42556,   0.30957,  -0.00021
  30.96073,   0.24081,  -0.00029
  29.82490,   0.08140,  -0.00076
  29.44047,  -0.03254,  -0.00119
  29.01826,   0.00440,  -0.00145
  28.68992,   0.06711,  -0.00157
  27.53932,  -0.00172,  -0.00207
  28.00730,  -0.05376,  -0.00187
  28.67431,  -0.11060,  -0.00163
  28.78618,   0.06014,  -0.00112
  28.55825,   0.18698,  -0.00079
  27.66879,   0.27954,  -0.00061
  26.61426,   0.26993,  -0.00040
  25.38096,   0.13892,  -0.00062
  26.14361,  -0.10406,  -0.00087
  28.18540,  -0.21294,  -0.00089
  30.68118,  -0.12809,  -0.00046
  33.12642,   0.15160,   0.00004
  34.33999,   0.35859,   0.00028
  35.00980,   0.30434,  -0.00001
  34.31050,   0.15188,  -0.00043
  33.44590,  -0.02648,  -0.00087
  34.10156,  -0.01058,  -0.00109
  33.07539,   0.03595,  -0.00108
  32.63827,   0.12044,  -0.00090
  32.60302,   0.12020,  -0.00072
  31.65486,   0.09938,  -0.00052
  31.84737,  -0.01386,  -0.00048
  31.81252,  -0.02221,  -0.00040
  31.88583,   0.06016,  -0.00016
  31.13341,   0.07483,  -0.00019
  30.18092,  -0.00487,  -0.00052
  29.96814,  -0.09599,  -0.00044
  30.72676,  -0.14103,  -0.00048
  31.71562,  -0.07800,   0.00006
  32.75267,   0.16278,   0.00079
  32.96167,   0.38714,   0.00145
  45.96780,   0.42379,   0.00200
  44.78971,   0.35612,   0.00180
  44.55887,   0.18881,   0.00145
  44.60045,   0.00522,   0.00095
  46.04542,  -0.06305,   0.00062
  47.46893,   0.07011,   0.00056
  48.24705,   0.10702,   0.00042
  49.06244,   0.18534,   0.00046
  36.28191,   0.16291,   0.00010
  36.20225,   0.08296,  -0.00004
  36.96137,   0.12435,   0.00009
  35.64789,   0.15332,   0.00002
  34.42786,   0.14924,   0.00012
  32.99461,   0.07700,   0.00010
  32.18663,  -0.00185,   0.00016
  32.78440,  -0.11688,   0.00029
  33.00778,  -0.07521,   0.00070
  33.77955,   0.05108,   0.00088
  33.22712,   0.11531,   0.00098
  31.83296,   0.08192,   0.00073
  29.86796,  -0.06799,   0.00009
  28.69318,  -0.25990,  -0.00031
  28.23031,  -0.36637,  -0.00053
  27.87707,  -0.27436,  -0.00060
  28.09957,  -0.08846,  -0.00027
  26.81209,   0.08224,   0.00016
  26.27753,   0.08409,   0.00035
  25.67210,  -0.04069,   0.00024
  24.75916,  -0.09071,   0.00021
  24.83459,  -0.14774,  -0.00012
  25.22704,  -0.06986,  -0.00013
  26.00214,   0.00569,  -0.00014
  27.25705,   0.02344,  -0.00007
  28.93046,  -0.04638,  -0.00019
  31.03861,  -0.01298,  -0.00002
  32.38033,   0.10218,   0.00024
  32.66631,   0.26636,   0.00051
  32.26216,   0.37720,   0.00075
  30.70428,   0.39664,   0.00061
  29.29544,   0.22349,   0.00021
  28.95242,   0.03016,  -0.00014
  29.34352,  -0.00035,  -0.00018
  30.98752,   0.10668,  -0.00009
  32.27201,   0.29455,   0.00015
  32.98972,   0.37227,   0.00018
  32.42855,   0.34076,   0.00013
  31.51726,   0.18169,  -0.00017
  31.30638,   0.07227,  -0.00061
  30.65151,   0.05629,  -0.00050
  30.37698,   0.15056,  -0.00011
  30.19152,   0.27930,   0.00028
  30.59270,   0.31375,   0.00075
  31.05180,   0.26493,   0.00113
  31.17067,   0.33550,   0.00152
  32.13224,   0.40204,   0.00160
  33.21770,   0.46538,   0.00161
  33.07877,   0.53903,   0.00132
  32.67042,   0.50118,   0.00087
  33.48442,   0.28050,  -0.00005
  34.88435,   0.18541,  -0.00034
  36.80130,   0.25888,  -0.00028
  38.87082,   0.46421,  -0.00000
  38.92243,   0.70749,   0.00030
  37.59504,   0.79285,   0.00035
  36.30610,   0.72996,   0.00016
  34.59625,   0.48913,  -0.00030
  34.57290,   0.41865,  -0.00039
  34.78260,   0.39036,  -0.00047
  35.43909,   0.48573,  -0.00027
  35.54932,   0.52334,  -0.00006
  36.06801,   0.57747,   0.00021
  36.14617,   0.55091,   0.00034
  36.69570,   0.54971,   0.00028
  36.10564,   0.60567,   0.00029
  35.04765,   0.68805,   0.00031
  33.73899,   0.72339,   0.00017
  32.46797,   0.66571,   0.00012
  32.21954,   0.54333,   0.00008
  32.19817,   0.54655,   0.00011
  33.23823,   0.61526,   0.00043
  34.45538,   0.78635,   0.00057
  34.76714,   0.93674,   0.00056
  34.38964,   0.85949,   0.00022
  33.86296,   0.68356,  -0.00028
  34.03547,   0.46313,  -0.00077
  36.01059,   0.37454,  -0.00111
  37.94246,   0.43492,  -0.00089
  39.42194,   0.63249,  -0.00042
  40.15540,   0.77889,   0.00008
  39.90910,   0.85199,   0.00053
  39.17370,   0.70852,   0.00046
  38.36043,   0.55970,   0.00021
  47.14637,   0.76313,  -0.00030
  46.45154,   0.75640,  -0.00049
  45.93706,   0.74849,  -0.00064
  45.60896,   0.67393,  -0.00091
  46.26123,   0.61195,  -0.00101
  47.17468,   0.58950,  -0.00103
  37.54225,   0.28644,  -0.00090
  36.91256,   0.45726,  -0.00068
  35.11302,   0.56396,  -0.00055
  32.66068,   0.53826,  -0.00078
  30.43241,   0.32183,  -0.00097
  29.57930,   0.11832,  -0.00101
  29.69824,   0.17708,  -0.00067
  31.25741,   0.31551,  -0.00018
  32.74326,   0.53628,   0.00038
  33.06166,   0.58706,   0.00071
  33.02536,   0.58794,   0.00070
  32.67623,   0.49155,   0.00042
  33.94365,   0.39032,   0.00005
  34.35699,   0.45699,  -0.00014
  35.41097,   0.48942,  -0.00032
  35.77876,   0.61658,  -0.00022
  35.94035,   0.65698,  -0.00010
  35.94122,   0.66748,   0.00011
  36.15099,   0.63999,   0.00010
  36.11006,   0.69525,   0.00004
  35.89426,   0.77433,   0.00027
  34.36016,   0.76544,  -0.00002
  32.91895,   0.62137,  -0.00042
  32.13411,   0.36237,  -0.00095
  32.96022,   0.21080,  -0.00105
  34.40599,   0.24888,  -0.00074
  35.21679,   0.40714,  -0.00025
  35.32076,   0.63562,   0.00039
  33.51886,   0.71196,   0.00074
  31.54071,   0.57677,   0.00078
  29.85728,   0.35959,   0.00065
  28.49612,   0.33368,   0.00067
  28.37219,   0.32474,   0.00069
  29.01894,   0.42233,   0.00080
  28.05665,   0.45119,   0.00083
  28.98657,   0.45102,   0.00088
  29.97438,   0.37956,   0.00074
  30.78150,   0.32378,   0.00045
  31.12251,   0.39035,   0.00024
  30.76403,   0.48888,   0.00007
  30.66150,   0.44902,  -0.00028
  30.32758,   0.34441,  -0.00042
  30.90524,   0.18711,  -0.00041
  32.20864,   0.25497,   0.00008
  34.05185,   0.35276,   0.00051
  35.22605,   0.55224,   0.00093
  54.27567,   1.10430,  -0.00061
  53.45088,   1.09686,  -0.00069
  52.89610,   0.98916,  -0.00098
  52.94983,   0.84708,  -0.00134
  53.30889,   0.79657,  -0.00147
  53.58462,   0.86019,  -0.00133
  50.45602,   0.83052,  -0.00111
  50.15314,   0.92192,  -0.00082
  49.74475,   0.93446,  -0.00064
  49.48653,   0.91634,  -0.00066
  49.22780,   0.86825,  -0.00070
  48.80434,   0.85833,  -0.00075
  48.38212,   0.89666,  -0.00075
  48.04268,   0.89275,  -0.00078
  48.39939,   0.83478,  -0.00083
  49.41880,   0.74813,  -0.00091
  50.99067,   0.70764,  -0.00080
  52.30591,   0.77924,  -0.00059
  52.73366,   0.89446,  -0.00039
  52.37846,   0.94013,  -0.00034
  51.80767,   0.90468,  -0.00047
  51.67660,   0.79374,  -0.00074
  52.17016,   0.70429,  -0.00090
  52.83633,   0.67908,  -0.00093
  53.21762,   0.75742,  -0.00079
  52.88495,   0.87110,  -0.00055
  52.09652,   0.90702,  -0.00055
  51.41738,   0.85353,  -0.00081
  50.97302,   0.74281,  -0.00125
  50.84365,   0.65984,  -0.00166
  35.29580,   0.10327,  -0.00064
  34.39603,   0.15367,  -0.00066
  33.82377,   0.19772,  -0.00055
  33.03155,   0.17615,  -0.00060
  32.80498,   0.12352,  -0.00030
  32.40847,   0.13102,   0.00001
  31.55627,   0.31390,   0.00071
  30.16090,   0.40763,   0.00092
  28.50625,   0.41356,   0.00087
  26.89329,   0.29424,   0.00067
  26.67764,   0.12129,   0.00035
  27.70143,   0.01426,   0.00008
  29.95499,   0.11840,   0.00014
  32.01399,   0.38630,   0.00040
  33.04099,   0.49892,   0.00045
  32.80589,   0.59562,   0.00044
  31.78876,   0.49559,   0.00010
  31.98357,   0.40488,  -0.00028
  31.60505,   0.29722,  -0.00062
  31.79933,   0.32874,  -0.00065
  32.47233,   0.43600,  -0.00030
  33.42957,   0.50054,  -0.00008
  33.80946,   0.50253,   0.00026
  34.87256,   0.40549,   0.00024
  35.48563,   0.34599,   0.00017
  36.13010,   0.39138,   0.00038
  35.85728,   0.38169,   0.00026
  34.86257,   0.38010,   0.00023
  34.35031,   0.27352,   0.00017
  34.39862,   0.13135,  -0.00014
  38.53796,   0.06550,  -0.00021
  39.34545,   0.17402,   0.00022
  38.79188,   0.37891,   0.00086
  37.51454,   0.47935,   0.00115
  34.64601,   0.47311,   0.00121
  32.79840,   0.28100,   0.00079
  32.93426,   0.05976,   0.00020
  33.83716,  -0.02619,  -0.00010
  35.24326,   0.00360,  -0.00016
  36.59183,   0.18711,   0.00023
  37.16825,   0.31196,   0.00064
  37.57661,   0.31042,   0.00070
  37.69106,   0.27110,   0.00079
  33.35188,   0.31932,   0.00122
  33.00121,   0.38533,   0.00127
  32.41037,   0.45582,   0.00133
  32.29696,   0.45340,   0.00142
  32.49900,   0.38798,   0.00140
  33.63787,   0.31740,   0.00133
  35.15153,   0.31134,   0.00136
  36.34470,   0.45485,   0.00139
  36.37949,   0.63898,   0.00137
  35.63907,   0.60713,   0.00110
  34.09863,   0.49530,   0.00053
  32.57400,   0.30243,   0.00019
  32.13265,   0.16349,   0.00003
  32.73724,   0.21454,   0.00008
  32.33968,   0.35940,   0.00064
  32.17547,   0.50372,   0.00118
  31.44611,   0.54087,   0.00157
  29.85981,   0.48648,   0.00177
  29.50634,   0.36316,   0.00169
  29.31584,   0.26340,   0.00148
  29.40733,   0.26272,   0.00137
  30.07489,   0.22911,   0.00126
  30.42089,   0.20529,   0.00105
  31.86181,   0.19376,   0.00110
  33.30937,   0.18242,   0.00114
  33.94445,   0.26013,   0.00111
  34.36516,   0.38550,   0.00136
  33.55601,   0.47112,   0.00126
  31.90680,   0.43346,   0.00093
  30.35811,   0.27688,   0.00053
  29.67890,   0.10319,   0.00010
  30.63035,  -0.04393,  -0.00026
  32.39306,  -0.01292,  -0.00035
  33.49254,   0.13871,  -0.00005
  33.80129,   0.25071,   0.00011
  33.23910,   0.25292,   0.00011
  32.15268,   0.10870,  -0.00011
  31.56419,  -0.02706,  -0.00045
  31.11315,  -0.06555,  -0.00053
  30.64191,   0.00556,  -0.00031
  30.56520,   0.12800,   0.00010
  29.71638,   0.20251,   0.00050
  28.84664,   0.24047,   0.00084
  29.12481,   0.19011,   0.00087
  29.33222,   0.19645,   0.00072
  28.99372,   0.27825,   0.00065
  28.38496,   0.25508,   0.00013
  27.59930,   0.24974,  -0.00022
  27.56971,   0.13626,  -0.00055
  28.58160,  -0.00428,  -0.00105
  30.52052,   0.03092,  -0.00099
  32.15253,   0.19777,  -0.00065
  32.82399,   0.43092,  -0.00015
  32.55364,   0.57510,   0.00032
  31.65032,   0.56942,   0.00045
  30.76121,   0.37882,   0.00013
  31.36894,   0.25664,  -0.00008
  32.54717,   0.21348,  -0.00035
  34.08694,   0.21889,  -0.00039
  35.67887,   0.38529,  -0.00026
  36.74183,   0.48107,  -0.00018
  36.63810,   0.40256,  -0.00043
  36.41313,   0.34464,  -0.00066
  35.68433,   0.33429,  -0.00093
  35.04489,   0.40061,  -0.00111
  33.03534,   0.42724,  -0.00119
  31.29393,   0.35970,  -0.00119
  29.40287,   0.33549,  -0.00113
  29.64814,   0.21602,  -0.00109
  30.58985,   0.21143,  -0.00098
  30.65730,   0.37787,  -0.00056
  30.45845,   0.53985,  -0.00034
  29.56942,   0.58634,  -0.00032
  28.83906,   0.42105,  -0.00076
  28.48430,   0.23171,  -0.00106
  29.12241,   0.13418,  -0.00121
  31.00789,   0.23982,  -0.00115
  32.54493,   0.47905,  -0.00063
  33.49830,   0.69879,  -0.00010
  33.44793,   0.83727,   0.00032
  33.26416,   0.75148,   0.00018
  33.06147,   0.62363,  -0.00025
  46.96647,   0.72659,  -0.00055
  46.89042,   0.72484,  -0.00101
  47.43141,   0.77252,  -0.00138
  48.85837,   0.66387,  -0.00196
  50.10350,   0.58635,  -0.00211
  51.13373,   0.51830,  -0.00212
  51.97867,   0.57706,  -0.00192
  51.77040,   0.72201,  -0.00155
  50.40751,   0.82200,  -0.00128
  49.15489,   0.87225,  -0.00113
  47.56427,   0.66338,  -0.00124
  46.92855,   0.40511,  -0.00127
  46.68252,   0.41743,  -0.00091
  48.04296,   0.49928,  -0.00047
  48.99038,   0.68698,   0.00007
  48.20267,   0.72061,   0.00024
  47.72258,   0.70027,   0.00022
  47.19898,   0.55271,  -0.00007
  36.76838,   0.41068,  -0.00045
  36.38497,   0.34697,  -0.00071
  36.42399,   0.42217,  -0.00075
  37.04206,   0.48501,  -0.00094
  37.65492,   0.54642,  -0.00084
  37.77665,   0.58869,  -0.00061
  38.25745,   0.51027,  -0.00059
  38.35097,   0.47970,  -0.00060
  38.60727,   0.53652,  -0.00025
  37.81573,   0.54163,  -0.00049
  37.44515,   0.37412,  -0.00090
  37.23696,   0.20822,  -0.00125
  38.29262,   0.04676,  -0.00158
  39.31351,   0.07001,  -0.00137
  40.54576,   0.22423,  -0.00090
  40.43999,   0.47239,  -0.00046
  39.25754,   0.55824,  -0.00024
  36.93213,   0.47571,  -0.00035
  34.63840,   0.36583,  -0.00059
  32.80692,   0.18382,  -0.00092
  31.95490,   0.12838,  -0.00111
  30.95617,   0.16479,  -0.00111
  31.37707,   0.29251,  -0.00100
  31.85398,   0.35468,  -0.00091
  31.52532,   0.26373,  -0.00106
  31.48325,   0.21756,  -0.00112
  31.05039,   0.22902,  -0.00113
  31.35490,   0.24612,  -0.00107
  30.67803,   0.30448,  -0.00096
  30.35034,   0.27938,  -0.00085
  30.25478,   0.24409,  -0.00073
  31.24352,   0.18136,  -0.00050
  32.38692,   0.31094,   0.00014
  33.90755,   0.47932,   0.00044
  34.28811,   0.55788,   0.00079
  34.03023,   0.56463,   0.00053
  33.34767,   0.39864,  -0.00008
  33.22052,   0.12753,  -0.00090
  33.76638,  -0.02134,  -0.00143
  34.95912,   0.02499,  -0.00155
  35.62346,   0.15266,  -0.00145
  36.03965,   0.32163,  -0.00108
  35.36802,   0.32860,  -0.00081
  33.69180,   0.34451,  -0.00063
  32.17364,   0.17972,  -0.00076
  30.86668,   0.07623,  -0.00083
  29.42671,   0.12809,  -0.00061
  29.05964,   0.13719,  -0.00046
  28.04630,   0.07780,  -0.00053
  29.04394,   0.00777,  -0.00035
  30.48564,  -0.01169,  -0.00012
  31.74949,   0.05425,   0.00005
  32.36993,   0.28432,   0.00046
  31.84860,   0.46722,   0.00070
  31.01091,   0.42976,   0.00039
  29.61962,   0.28874,   0.00009
  29.30905,   0.21571,  -0.00020
  30.18198,   0.19145,  -0.00018
  31.85574,   0.34349,   0.00011
  33.02836,   0.51631,   0.00053
  33.98450,   0.68358,   0.00063
  34.09201,   0.66613,   0.00036
  35.19466,   0.48294,  -0.00013
  35.29693,   0.35158,  -0.00059
  35.57997,   0.34992,  -0.00078
  37.42904,   0.36038,  -0.00088
  37.75646,   0.47592,  -0.00055
  37.97225,   0.51934,  -0.00017
  38.14601,   0.55075,   0.00017
  38.01759,   0.51732,   0.00041
  37.31926,   0.55030,   0.00057
  36.07791,   0.65408,   0.00089
  34.51689,   0.66048,   0.00071
  33.06751,   0.55599,   0.00034
  31.46818,   0.33463,  -0.00035
  31.88846,   0.17443,  -0.00069
  33.17046,   0.17870,  -0.00076
  33.91864,   0.27167,  -0.00075
  34.24461,   0.48646,  -0.00045
  33.40523,   0.57972,  -0.00031
  30.45330,   0.46970,  -0.00047
  29.04002,   0.27046,  -0.00076
  28.10797,   0.11497,  -0.00101
  27.75496,   0.17795,  -0.00081
  28.14938,   0.27083,  -0.00060
  29.11169,   0.37312,  -0.00032
  29.45556,   0.38965,  -0.00009
  30.51886,   0.33670,  -0.00023
  31.23294,   0.30062,  -0.00055
  32.34407,   0.28822,  -0.00081
  31.92055,   0.37675,  -0.00114
  31.02196,   0.41753,  -0.00142
  31.84863,   0.34845,  -0.00176
  31.44492,   0.21641,  -0.00196
  31.23354,   0.23137,  -0.00185
  31.67031,   0.28564,  -0.00164
  31.64817,   0.44639,  -0.00138
  30.14521,   0.61991,  -0.00098
  28.55797,   0.58909,  -0.00112
  26.95645,   0.39278,  -0.00153
  25.61734,   0.18496,  -0.00203
  25.71050,   0.05408,  -0.00219
  26.69177,   0.13183,  -0.00193
  28.03585,   0.25465,  -0.00160
  29.04896,   0.44960,  -0.00095
  29.28552,   0.51297,  -0.00048
  28.59935,   0.47356,  -0.00037
  28.33399,   0.49382,  -0.00010
  27.48123,   0.49984,  -0.00006
  26.65657,   0.55601,  -0.00008
  25.70387,   0.55867,  -0.00014
  25.90221,   0.49936,  -0.00031
  27.06017,   0.37843,  -0.00052
  28.77729,   0.29220,  -0.00072
  30.57423,   0.39370,  -0.00078
  31.56892,   0.58454,  -0.00076
  32.33580,   0.58288,  -0.00102
  30.98726,   0.50975,  -0.00131
  29.48122,   0.29548,  -0.00168
  29.11866,   0.12497,  -0.00207
  28.98953,   0.12447,  -0.00169
  29.40676,   0.25141,  -0.00106
  29.77339,   0.44844,  -0.00036
  28.57673,   0.55331,   0.00033
  27.53799,   0.48566,   0.00041
  26.10909,   0.31199,   0.00017
  25.04837,   0.21208,  -0.00008
  24.70335,   0.11294,  -0.00044
  24.50846,   0.20622,  -0.00043
  24.52611,   0.32122,  -0.00033
  24.13428,   0.27883,  -0.00069
  24.24043,   0.27087,  -0.00048
  24.10857,   0.28708,  -0.00027
  23.99233,   0.44180,   0.00004
  23.41773,   0.55312,   0.00025
  22.29242,   0.56448,   0.00021
  20.82712,   0.46921,  -0.00007
  20.73452,   0.25989,  -0.00036
  21.81402,   0.16193,  -0.00038
  24.35969,   0.19912,  -0.00017
  34.61447,   0.37818,   0.00032
  36.31318,   0.63630,   0.00076
  37.05892,   0.66274,   0.00086
  36.76880,   0.56191,   0.00070
  37.04641,   0.44431,   0.00043
  36.52549,   0.31375,   0.00017
  36.28404,   0.31335,   0.00017
  35.25454,   0.40662,   0.00047
  35.33441,   0.45693,   0.00069
  35.43817,   0.39733,   0.00081
  34.23027,   0.32499,   0.00079
  34.49651,   0.23307,   0.00056
  34.22750,   0.21854,   0.00048
  33.43499,   0.23593,   0.00036
  31.89490,   0.12317,  -0.00017
  31.18639,   0.00345,  -0.00024
  31.13605,  -0.15780,  -0.00018
  31.42085,  -0.15174,  -0.00010
  32.27235,  -0.06403,   0.00048
  32.81225,   0.14470,   0.00117
  32.07958,   0.33525,   0.00191
  31.14640,   0.30061,   0.00194
  30.12889,   0.09656,   0.00163
  29.52513,  -0.09918,   0.00125
  30.49426,  -0.19271,   0.00091
  32.33824,  -0.07630,   0.00086
  27.72480,  -0.05955,   0.00067
  28.96412,   0.11969,   0.00077
  29.38558,   0.16004,   0.00072
  29.93293,   0.09433,   0.00044
  29.22875,   0.04403,   0.00015
  28.12590,   0.06232,  -0.00003
  27.68896,   0.11602,   0.00004
  26.39099,   0.12078,   0.00003
  25.84126,   0.03891,   0.00003
  25.54894,  -0.00640,   0.00024
  26.62968,  -0.03986,   0.00039
  27.88350,   0.06183,   0.00064
  28.42340,   0.14457,   0.00098
  27.89106,   0.25530,   0.00106
  26.80400,   0.20815,   0.00093
  25.84041,   0.00163,   0.00038
  25.51186,  -0.13577,   0.00020
  25.88500,  -0.11501,   0.00019
  26.57365,   0.05142,   0.00056
  26.94382,   0.25977,   0.00102
  25.89699,   0.35196,   0.00135
  25.30879,   0.28970,   0.00123
  24.55501,   0.20383,   0.00097
  24.31912,   0.08451,   0.00045
  25.06070,   0.04329,   0.00016
  25.57353,   0.09309,  -0.00005
  26.22156,   0.03220,  -0.00032
  27.36815,   0.00203,  -0.00033
  28.64667,  -0.04198,  -0.00024
  30.28775,   0.03596,  -0.00002
  30.86938,   0.16244,   0.00023
  31.07133,   0.32957,   0.00072
  29.51876,   0.35010,   0.00074
  27.77579,   0.20034,   0.00052
  26.39079,   0.07979,   0.00028
  26.84719,  -0.06941,   0.00008
  27.79828,  -0.04884,   0.00026
  29.27431,   0.14067,   0.00049
  29.83776,   0.33527,   0.00069
  28.84888,   0.30098,   0.00044
  27.75106,   0.18300,   0.00018
  26.81393,   0.06791,  -0.00042
  25.98412,  -0.01814,  -0.00061
  25.57474,   0.03043,  -0.00044
  25.90226,   0.17489,  -0.00016
  26.15502,   0.27252,   0.00040
  26.13574,   0.36766,   0.00097
  26.96548,   0.30054,   0.00127
  27.93727,   0.27293,   0.00142
  29.71360,   0.36002,   0.00179
  30.04280,   0.46231,   0.00180
  30.07966,   0.48798,   0.00167
  31.19446,   0.29672,   0.00116
  32.74832,   0.19238,   0.00098
  35.75538,   0.17799,   0.00085
  37.78762,   0.34434,   0.00114
  38.63458,   0.57897,   0.00150
  38.61602,   0.69785,   0.00176
  37.00996,   0.62894,   0.00157
  35.30403,   0.38912,   0.00106
  34.55802,   0.23835,   0.00065
  34.18442,   0.09580,   0.00033
  34.48706,   0.12834,   0.00046
  34.75650,   0.18556,   0.00066
  34.75169,   0.21661,   0.00073
  34.84843,   0.18974,   0.00089
  34.50693,   0.10627,   0.00098
  34.54860,   0.07402,   0.00100
  33.37795,   0.08751,   0.00110
  31.98771,   0.13018,   0.00123
  29.47082,   0.10818,   0.00113
  28.78534,   0.02983,   0.00123
  29.06646,  -0.04918,   0.00133
  29.19825,   0.02794,   0.00161
  30.00864,   0.14461,   0.00168
  30.22691,   0.29352,   0.00162
  29.73574,   0.27116,   0.00137
  28.70356,   0.18765,   0.00088
  28.02155,   0.01118,   0.00031
  28.81461,  -0.15082,  -0.00028
  29.91209,  -0.13622,  -0.00041
  31.23073,   0.03392,  -0.00019
  32.12015,   0.19731,   0.00027
  31.85096,   0.28698,   0.00067
  32.37172,   0.26894,   0.00100
  31.36391,   0.10263,   0.00077
  30.46583,  -0.01142,   0.00049
  30.46024,   0.03552,   0.00068
  29.66632,  -0.00280,   0.00055
  30.22929,   0.00416,   0.00056
  31.21286,  -0.03358,   0.00056
  31.23926,  -0.11193,   0.00036
  38.81351,  -0.03071,   0.00041
  38.92174,   0.09346,   0.00055
  37.96190,   0.21098,   0.00068
  35.76008,   0.22089,   0.00054
  33.99846,   0.06232,   0.00035
  33.02118,  -0.18458,   0.00012
  33.16793,  -0.20092,  -0.00003
  34.80124,  -0.15167,   0.00019
  35.50063,   0.02844,   0.00083
  37.08249,   0.21143,   0.00125
  37.19904,   0.18092,   0.00132
  36.95447,   0.04048,   0.00107
  37.22642,  -0.15050,   0.00069
  38.98362,  -0.23031,   0.00043
  40.48946,  -0.20916,   0.00027
  41.93571,  -0.01026,   0.00061
  42.55955,   0.12145,   0.00107
  42.07442,   0.11230,   0.00118
  48.04301,   0.04022,   0.00162
  47.82323,   0.05271,   0.00164
  47.60288,   0.06131,   0.00162
  46.42723,   0.10346,   0.00126
  45.28910,   0.06319,   0.00080
  44.96716,  -0.16936,   0.00009
  45.43348,  -0.34651,  -0.00021
  46.79445,  -0.37518,  -0.00020
  48.12827,  -0.19132,   0.00003
  51.22101,   0.20150,   0.00063
  50.36962,   0.42661,   0.00113
  48.57118,   0.43242,   0.00136
  47.36065,   0.37340,   0.00150
  46.18819,   0.16550,   0.00148
  45.87930,   0.08397,   0.00153
  46.26239,   0.24617,   0.00189
  43.91191,   0.26678,   0.00218
  44.97076,   0.38634,   0.00234
  45.63997,   0.38184,   0.00222
  46.35284,   0.28175,   0.00190
  47.99067,   0.22050,   0.00152
  47.95898,   0.28528,   0.00126
  47.61836,   0.36754,   0.00101
  48.20903,   0.30120,   0.00061
  48.70692,   0.18480,   0.00038
  49.18148,   0.10662,   0.00042
  33.25268,   0.26686,   0.00077
  34.38225,   0.39979,   0.00096
  34.49856,   0.52977,   0.00104
  33.41427,   0.51147,   0.00120
  32.01147,   0.35917,   0.00083
  30.87408,   0.07886,   0.00037
  30.72872,  -0.11894,   0.00013
  31.82528,  -0.09758,   0.00017
  32.53888,   0.00543,   0.00029
  33.10237,   0.20684,   0.00073
  32.55709,   0.26743,   0.00103
  30.44109,   0.20651,   0.00096
  28.50835,   0.17311,   0.00102
  26.62050,   0.07796,   0.00073
  25.27122,   0.06822,   0.00052
  24.31548,   0.10172,   0.00046
  22.65976,   0.06618,   0.00029
  23.86510,  -0.00828,   0.00024
  25.54784,  -0.07055,   0.00017
  27.89382,  -0.05023,   0.00015
  28.72575,   0.11182,   0.00027
  28.52170,   0.27354,   0.00038
  28.87488,   0.26279,   0.00024
  27.83252,   0.14539,   0.00011
  27.54117,  -0.03492,   0.00001
  29.05926,  -0.04550,   0.00025
  30.79935,   0.07433,   0.00062
  32.34130,   0.30164,   0.00111
  32.23429,   0.41646,   0.00159
  31.46307,   0.40756,   0.00143
  30.33300,   0.25112,   0.00091
  30.28206,   0.05065,   0.00025
  29.83231,  -0.02230,  -0.00027
  29.77472,   0.02499,  -0.00049
  29.66043,  -0.00118,  -0.00081
  29.23854,   0.03470,  -0.00053
  28.74743,   0.00481,  -0.00023
  27.89493,   0.01227,  -0.00002
  27.48589,   0.07744,   0.00050
  26.28424,   0.13175,   0.00074
  24.56767,   0.16461,   0.00087
  22.83105,   0.10384,   0.00092
  22.13543,  -0.05186,   0.00080
  22.79613,  -0.19516,   0.00074
  24.42618,  -0.23309,   0.00076
  26.58183,  -0.06612,   0.00104
  27.89343,   0.18285,   0.00138
  27.70264,   0.23687,   0.00138
  26.83368,   0.23064,   0.00114
  25.42666,   0.07988,   0.00072
  24.52659,  -0.05712,   0.00032
  24.89447,  -0.00066,   0.00033
  25.08252,   0.11339,   0.00040
  25.57174,   0.23123,   0.00058
  25.31260,   0.28405,   0.00083
  25.88885,   0.22491,   0.00078
  26.36775,   0.15018,   0.00059
  26.87489,   0.12724,   0.00054
  26.12185,   0.19039,   0.00047
  25.00931,   0.23422,   0.00048
  24.16237,   0.15989,   0.00027
  23.98470,   0.07107,   0.00047
  24.84453,   0.01530,   0.00083
  25.57209,   0.14147,   0.00143
  26.30224,   0.31108,   0.00200
  25.79948,   0.47965,   0.00239
  23.55024,   0.51642,   0.00253
  21.93370,   0.37557,   0.00225
  21.22323,   0.16222,   0.00180
  21.90684,   0.02366,   0.00132
  23.78970,   0.07392,   0.00122
  25.74772,   0.25954,   0.00142
  26.76331,   0.33494,   0.00136
  27.36064,   0.39273,   0.00156
  27.27584,   0.32293,   0.00155
  27.76046,   0.30738,   0.00153
  27.39330,   0.27586,   0.00149
  26.94764,   0.30638,   0.00155
  26.60672,   0.34334,   0.00178
  26.71352,   0.28121,   0.00186
  27.73818,   0.16581,   0.00188
  29.00208,   0.11338,   0.00200
  30.73468,   0.17238,   0.00204
  31.36773,   0.33622,   0.00210
  31.13374,   0.32780,   0.00178
  29.33903,   0.31168,   0.00142
  27.54737,   0.14478,   0.00096
  27.18418,   0.00691,   0.00035
  27.39282,  -0.03601,   0.00035
  27.86317,   0.07778,   0.00064
  27.00226,   0.29776,   0.00114
  26.32440,   0.41623,   0.00144
  24.94775,   0.38312,   0.00143
  23.58652,   0.30559,   0.00128
  22.65018,   0.17729,   0.00092
  22.35997,   0.14927,   0.00067
  23.27736,   0.14072,   0.00048
  24.21136,   0.24478,   0.00062
  25.35660,   0.30213,   0.00080
  26.68185,   0.29247,   0.00077
  27.65753,   0.32651,   0.00090
  27.96497,   0.43708,   0.00100
  28.24614,   0.59242,   0.00123
  27.02412,   0.66331,   0.00099
  25.58435,   0.59994,   0.00054
  24.72558,   0.47518,   0.00019
  25.44106,   0.32560,  -0.00026
  27.23832,   0.30777,  -0.00054
  28.59388,   0.40034,  -0.00051
  29.57568,   0.60345,  -0.00049
  29.16905,   0.68470,  -0.00059
  27.92786,   0.57951,  -0.00094
  26.46209,   0.37180,  -0.00129
  25.48985,   0.20314,  -0.00149
  25.00872,   0.24309,  -0.00142
  24.92840,   0.32267,  -0.00108
  25.23318,   0.40646,  -0.00055
  23.69239,   0.47572,  -0.00003
  23.81970,   0.39512,   0.00015
  23.71361,   0.32077,   0.00009
  23.08185,   0.34444,   0.00011
  22.65168,   0.40943,  -0.00012
  21.94393,   0.44991,  -0.00038
  21.38820,   0.31180,  -0.00107
  22.15098,   0.18591,  -0.00128
  23.77174,   0.13539,  -0.00132
  25.61453,   0.27853,  -0.00118
  26.70672,   0.50293,  -0.00085
  26.45085,   0.68349,  -0.00059
  25.51280,   0.77444,  -0.00040
  23.93254,   0.59932,  -0.00079
  23.23090,   0.35843,  -0.00126
  24.68222,   0.30529,  -0.00132
  26.42454,   0.36905,  -0.00126
  28.27860,   0.55620,  -0.00089
  29.40996,   0.60340,  -0.00075
  29.67536,   0.63631,  -0.00055
  29.15962,   0.57879,  -0.00053
  29.52303,   0.54556,  -0.00069
  28.51526,   0.58395,  -0.00069
  27.36143,   0.67105,  -0.00060
  26.20318,   0.71807,  -0.00060
  25.32081,   0.66424,  -0.00045
  25.43984,   0.55520,  -0.00027
  25.83668,   0.56413,  -0.00004
  26.96814,   0.64115,   0.00013
  27.22289,   0.78821,   0.00022
  26.57424,   0.79697,   0.00006
  25.12923,   0.74854,  -0.00017
  24.01546,   0.54640,  -0.00050
  24.88909,   0.33829,  -0.00101
  26.33136,   0.30511,  -0.00090
  28.11282,   0.45898,  -0.00039
  29.22658,   0.66324,   0.00030
  29.34187,   0.77763,   0.00079
  28.85162,   0.72436,   0.00089
  28.44907,   0.64804,   0.00092
  28.04523,   0.51218,   0.00044
  28.01860,   0.48073,  -0.00002
  28.33870,   0.42277,  -0.00030
  28.49010,   0.44387,  -0.00049
  28.97510,   0.38955,  -0.00063
  29.38104,   0.26535,  -0.00094
  30.08906,   0.24949,  -0.00099
  30.00899,   0.32654,  -0.00092
  29.00622,   0.43682,  -0.00081
  26.76901,   0.45335,  -0.00084
  24.38093,   0.31599,  -0.00091
  22.42490,   0.20378,  -0.00093
  22.46325,   0.04220,  -0.00083
  23.59012,   0.04229,  -0.00055
  23.96763,   0.17670,  -0.00000
  24.69598,   0.34215,   0.00044
  24.45753,   0.39845,   0.00061
  23.39374,   0.25385,   0.00032
  22.84414,   0.09286,   0.00002
  22.81662,   0.00898,  -0.00025
  23.90432,   0.02412,  -0.00049
  24.60166,   0.17100,  -0.00030
  25.18685,   0.28430,   0.00002
  24.95451,   0.31606,   0.00028
  25.65540,   0.25385,   0.00032
  26.35694,   0.20647,   0.00015
  27.02033,   0.24134,   0.00021
  26.52003,   0.28568,  -0.00011
  25.59211,   0.26158,  -0.00048
  25.28678,   0.03312,  -0.00095
  26.03770,  -0.15087,  -0.00114
  27.78425,  -0.22928,  -0.00110
  29.81882,  -0.16067,  -0.00087
  30.63835,   0.04838,  -0.00034
  29.94162,   0.21862,   0.00014
  28.04207,   0.22398,   0.00033
  25.92972,   0.04151,   0.00019
  24.37338,  -0.18455,  -0.00005
  23.53668,  -0.22993,  -0.00008
  23.85012,  -0.16959,  -0.00002
  24.53561,  -0.02183,   0.00018
  24.35070,   0.01549,   0.00031
  24.14255,  -0.00842,   0.00021
  24.15782,  -0.08009,   0.00004
  23.84488,  -0.11996,  -0.00024
  23.90082,  -0.11535,  -0.00054
  22.97089,  -0.02826,  -0.00054
  22.20705,   0.00862,  -0.00042
  22.06937,  -0.00355,  -0.00033
  22.73954,  -0.07323,  -0.00012
  24.24690,  -0.06832,   0.00012
  25.72239,   0.08207,   0.00077
  26.59573,   0.27480,   0.00098
  26.38351,   0.39203,   0.00090
  26.01328,   0.27275,   0.00057
  25.40711,   0.10631,   0.00001
  25.79502,  -0.03069,  -0.00047
  27.63368,  -0.07668,  -0.00077
  29.01039,   0.11419,  -0.00059
  29.59255,   0.34940,  -0.00020
  28.99434,   0.46527,   0.00005
  27.93969,   0.40979,   0.00007
  26.67921,   0.26387,  -0.00014
  25.58000,   0.24431,  -0.00019
  24.52039,   0.20164,  -0.00037
  23.80657,   0.20611,  -0.00039
  22.91489,   0.17157,  -0.00032
  23.76443,   0.10554,  -0.00013
  25.31128,   0.02669,   0.00003
  26.65652,   0.03513,   0.00014
  27.63170,   0.13020,   0.00038
  27.51941,   0.26965,   0.00063
  26.73294,   0.29533,   0.00062
  25.42286,   0.18079,   0.00054
  24.90356,  -0.02170,   0.00038
  25.15663,  -0.06096,   0.00034
  27.02106,  -0.02608,   0.00045
  29.03654,   0.15446,   0.00067
  29.53184,   0.28356,   0.00092
  29.46464,   0.30314,   0.00072
  28.87090,   0.15787,   0.00016
  29.12067,  -0.07283,  -0.00067
  28.97176,  -0.18705,  -0.00124
  29.14718,  -0.14697,  -0.00139
  30.07690,  -0.07836,  -0.00144
  30.23968,   0.00149,  -0.00104
  30.07385,  -0.01065,  -0.00064
  30.05705,   0.03233,  -0.00026
  29.75115,   0.00251,  -0.00006
  28.88718,   0.04428,   0.00011
  27.83006,   0.12124,   0.00036
  26.25828,   0.10361,   0.00025
  25.25780,  -0.01340,   0.00008
  25.04370,  -0.18170,  -0.00034
  26.20729,  -0.21463,  -0.00037
  27.87762,  -0.07498,  -0.00020
  29.07427,   0.07775,  -0.00010
  28.69230,   0.24855,   0.00010
  27.04739,   0.25062,   0.00007
  25.63212,   0.12998,  -0.00029
  24.40072,  -0.04946,  -0.00063
  24.30671,  -0.12882,  -0.00081
  25.06020,  -0.05178,  -0.00052
  25.97097,   0.07485,  -0.00026
  26.79274,   0.15192,  -0.00005
  27.17222,   0.11517,   0.00010
  27.83531,   0.03751,  -0.00010
  28.29212,  -0.01090,  -0.00041
  29.28742,  -0.06379,  -0.00063
  28.82427,  -0.02272,  -0.00077
  28.18878,  -0.03602,  -0.00089
  27.42404,  -0.13529,  -0.00108
  27.41062,  -0.23522,  -0.00103
  27.75738,  -0.24561,  -0.00089
  27.20988,  -0.08195,  -0.00037
  26.58161,   0.05101,  -0.00020
  25.02062,   0.07512,  -0.00033
  22.07635,  -0.04163,  -0.00063
  20.45811,  -0.28146,  -0.00110
  19.95331,  -0.47486,  -0.00147
  20.19277,  -0.50421,  -0.00167
  21.46405,  -0.35460,  -0.00134
  22.57120,  -0.16076,  -0.00081
  22.42356,  -0.06776,  -0.00050
  21.92950,  -0.10759,  -0.00026
  21.18811,  -0.21056,  -0.00022
  20.48096,  -0.20440,  -0.00003
  20.04070,  -0.17419,   0.00001
  20.03649,  -0.09540,   0.00012
  19.73038,  -0.08225,   0.00025
  20.93323,  -0.12552,   0.00026
  22.95438,  -0.16039,   0.00023
  24.96067,  -0.15276,   0.00020
  26.38945,  -0.00581,   0.00011
  26.63776,   0.14874,  -0.00004
  26.32791,   0.11236,  -0.00052
  24.88236,  -0.00315,  -0.00088
  24.00222,  -0.19650,  -0.00113
  24.49887,  -0.23202,  -0.00115
  25.65458,  -0.17801,  -0.00080
  26.64229,   0.00144,  -0.00018
  25.81886,   0.18166,   0.00055
  25.12325,   0.17208,   0.00080
  24.29346,   0.00419,   0.00071
  23.40133,  -0.19023,   0.00046
  23.05763,  -0.29253,   0.00027
  23.21538,  -0.24147,   0.00031
  24.04373,  -0.22342,   0.00008
  25.05454,  -0.13248,   0.00039
  25.75492,  -0.13272,   0.00066
  25.70620,  -0.11680,   0.00071
  25.66099,  -0.08419,   0.00083
  25.10932,   0.01130,   0.00087
  23.96135,   0.10873,   0.00099
  22.56722,   0.06000,   0.00068
  21.95824,  -0.12153,   0.00028
  22.40972,  -0.29779,  -0.00005
  24.42424,  -0.36244,  -0.00024
  26.66531,  -0.22380,  -0.00018
  28.41694,  -0.08188,   0.00007
  28.73319,   0.08212,   0.00018
  27.90004,   0.06142,   0.00004
  27.70056,  -0.08244,  -0.00031
  26.97503,  -0.24526,  -0.00059
  26.70797,  -0.27056,  -0.00061
  26.70806,  -0.12904,  -0.00025
  26.88174,   0.00814,   0.00005
  26.92824,   0.06360,   0.00025
  25.93055,   0.05579,   0.00041
  25.78728,  -0.03079,   0.00016
  25.46389,  -0.05751,  -0.00022
  25.05448,  -0.07199,  -0.00060
  24.08272,  -0.02687,  -0.00091
  23.24821,  -0.04213,  -0.00112
  23.07749,  -0.14196,  -0.00152
  23.82646,  -0.23426,  -0.00146
  25.02574,  -0.21587,  -0.00122
  25.64133,  -0.01180,  -0.00063
  25.60833,   0.14344,  -0.00025
  24.81344,   0.19348,  -0.00008
  23.42949,   0.11958,  -0.00001
  23.01820,  -0.12340,  -0.00040
  23.76816,  -0.30303,  -0.00077
  25.74434,  -0.33324,  -0.00082
  28.19109,  -0.16953,  -0.00071
  30.13757,   0.02883,  -0.00054
  30.97847,   0.03127,  -0.00070
  31.00255,  -0.03136,  -0.00089
  30.65636,  -0.13084,  -0.00123
  30.69633,  -0.13509,  -0.00147
  29.65076,  -0.11069,  -0.00167
  28.54030,  -0.08276,  -0.00176
  27.55646,  -0.12197,  -0.00176
  26.71169,  -0.18248,  -0.00167
  27.32593,  -0.28342,  -0.00160
  28.26734,  -0.26657,  -0.00147
  28.72021,  -0.16674,  -0.00121
  28.15447,  -0.04162,  -0.00105
  26.76391,  -0.02521,  -0.00105
  40.33446,  -0.32134,  -0.00155
  39.59296,  -0.52081,  -0.00170
  39.93077,  -0.51102,  -0.00164
  40.82677,  -0.34677,  -0.00106
  41.48258,  -0.05046,  -0.00030
  41.31359,   0.18183,   0.00029
  40.54372,   0.25703,   0.00049
  39.72672,   0.17907,   0.00028
  39.88695,  -0.02341,  -0.00014
  40.14126,  -0.01942,  -0.00053
  41.02988,  -0.03170,  -0.00092
  42.03514,   0.09494,  -0.00105
  43.33862,   0.06275,  -0.00139
  44.39959,   0.04897,  -0.00138
  32.82539,   0.16005,  -0.00117
  33.45431,   0.23285,  -0.00097
  33.24891,   0.36416,  -0.00072
  32.99095,   0.45887,  -0.00037
  31.21569,   0.37898,  -0.00042
  30.04360,   0.18106,  -0.00058
  29.68315,   0.07259,  -0.00051
  30.77834,   0.01365,  -0.00036
  32.49860,   0.13873,   0.00000
  32.74627,   0.25974,   0.00032
  32.76148,   0.36689,   0.00045
  31.77839,   0.30348,   0.00029
  30.37050,   0.11387,  -0.00035
  29.21527,  -0.05393,  -0.00065
  28.74411,  -0.09533,  -0.00073
  28.39485,  -0.00182,  -0.00072
  28.53767,   0.09739,  -0.00043
  28.59222,   0.11251,  -0.00015
  27.77969,   0.13197,   0.00012
  28.02834,   0.03169,   0.00011
  28.27397,  -0.00028,  -0.00000
  28.82653,   0.02335,   0.00007
  28.82265,   0.05738,  -0.00006
  28.96592,   0.00429,  -0.00020
  29.95913,  -0.17417,  -0.00060
  31.43788,  -0.24574,  -0.00053
  33.19119,  -0.16333,  -0.00025
  35.03015,   0.06528,   0.00018
  35.39789,   0.26108,   0.00052
  34.27823,   0.31766,   0.00049
  32.47114,   0.18760,   0.00014
  31.11359,   0.03904,  -0.00024
  30.60547,  -0.12322,  -0.00062
  31.07043,  -0.11780,  -0.00070
  31.22574,  -0.04714,  -0.00065
  31.91782,   0.09342,  -0.00045
  32.11449,   0.12980,  -0.00033
  31.54725,   0.02066,  -0.00054
  31.57039,  -0.03686,  -0.00062
  30.62756,  -0.04649,  -0.00057
  29.68010,   0.00424,  -0.00040
  28.96082,   0.04041,  -0.00027
  28.50906,   0.02561,  -0.00002
  28.63304,  -0.04892,   0.00020
  28.79941,  -0.03497,   0.00057
  30.03517,   0.01813,   0.00081
  31.01858,   0.17714,   0.00095
  31.43307,   0.24117,   0.00097
  30.89366,   0.22875,   0.00058
  30.38412,   0.01239,  -0.00027
  30.37949,  -0.17068,  -0.00088
  31.21893,  -0.23612,  -0.00121
  32.81421,  -0.14679,  -0.00126
  33.82276,   0.06924,  -0.00098
  33.49345,   0.22650,  -0.00066
  32.32494,   0.20159,  -0.00065
  30.75662,   0.04560,  -0.00092
  29.72623,   0.00153,  -0.00094
  28.88636,  -0.07481,  -0.00119
  28.54486,  -0.05596,  -0.00124
  27.86154,  -0.05965,  -0.00120
  28.22976,  -0.05036,  -0.00110
  28.73033,  -0.08333,  -0.00100
  28.89994,  -0.09731,  -0.00099
  28.85014,   0.00760,  -0.00084
  28.09268,   0.15885,  -0.00070
  26.75741,   0.24515,  -0.00076
  24.79353,   0.20622,  -0.00091
  23.20678,   0.05285,  -0.00114
  21.95747,   0.00050,  -0.00129
  22.83783,  -0.00566,  -0.00126
  24.53514,   0.16104,  -0.00103
  25.32946,   0.34438,  -0.00067
  25.82639,   0.46314,  -0.00067
  25.72061,   0.40755,  -0.00095
  26.29016,   0.24748,  -0.00141
  26.64319,   0.13885,  -0.00170
  27.54940,   0.17597,  -0.00167
  29.26277,   0.28719,  -0.00145
  30.33865,   0.42841,  -0.00101
  31.06248,   0.46368,  -0.00063
  31.48842,   0.51876,  -0.00019
  31.87481,   0.45431,  -0.00018
  31.92793,   0.45671,  -0.00027
  31.84054,   0.52925,  -0.00014
  30.75663,   0.52009,  -0.00040
  29.76959,   0.40964,  -0.00078
  29.09605,   0.18758,  -0.00153
  30.03435,   0.06368,  -0.00166
  31.39063,   0.11210,  -0.00144
  32.01671,   0.25527,  -0.00128
  31.51880,   0.43378,  -0.00087
  29.85602,   0.45806,  -0.00068
  27.92920,   0.39450,  -0.00086
  26.09390,   0.14460,  -0.00104
  25.36509,  -0.02170,  -0.00105
  33.12232,   0.03181,  -0.00128
  34.72721,   0.20221,  -0.00072
  36.26821,   0.35660,  -0.00019
  36.36220,   0.31732,  -0.00013
  37.60412,   0.23690,  -0.00028
  37.57944,   0.18618,  -0.00058
  37.55778,   0.23798,  -0.00084
  38.78201,   0.28892,  -0.00106
  38.96390,   0.32562,  -0.00146
  38.49475,   0.29207,  -0.00158
  38.28782,   0.17966,  -0.00164
  38.84494,   0.18581,  -0.00149
  39.32154,   0.27159,  -0.00133
  39.50040,   0.45279,  -0.00089
  38.32452,   0.55043,  -0.00095
  36.30546,   0.46931,  -0.00132
  35.07713,   0.21411,  -0.00193
  34.40104,  -0.02604,  -0.00235
  35.17235,  -0.11582,  -0.00244
  36.33748,   0.01254,  -0.00197
  36.67560,   0.15529,  -0.00142
  36.40862,   0.29814,  -0.00083
  26.56213,   0.28556,  -0.00036
  25.33024,   0.15418,  -0.00032
  23.94577,   0.02658,  -0.00043
  22.68224,   0.03889,  -0.00039
  21.76863,   0.06347,  -0.00047
  20.40676,   0.02720,  -0.00057
  20.96956,  -0.03905,  -0.00061
  22.26790,  -0.12698,  -0.00072
  23.27968,  -0.16053,  -0.00089
  24.29448,  -0.08666,  -0.00103
  24.70925,  -0.02376,  -0.00111
  23.82735,   0.02323,  -0.00122
  22.87410,  -0.10314,  -0.00156
  22.26308,  -0.31119,  -0.00176
  22.54520,  -0.39014,  -0.00173
  23.67119,  -0.38841,  -0.00147
  24.56005,  -0.19124,  -0.00074
  25.48668,  -0.00032,  -0.00026
  26.23240,   0.08957,   0.00020
  25.30841,  -0.01941,  -0.00001
  24.20372,  -0.21680,  -0.00045
  23.90034,  -0.35351,  -0.00085
  23.85811,  -0.33470,  -0.00095
  23.69345,  -0.32562,  -0.00121
  23.61097,  -0.19974,  -0.00095
  23.28613,  -0.16329,  -0.00067
  22.54484,  -0.15491,  -0.00063
  22.16499,  -0.16615,  -0.00042
  21.52273,  -0.05703,  -0.00005
  20.42361,   0.01707,   0.00002
  19.14961,   0.01808,  -0.00003
  18.09682,  -0.11806,  -0.00026
  18.47481,  -0.27626,  -0.00034
  20.30835,  -0.34146,  -0.00023
  22.84777,  -0.28653,   0.00004
  24.99578,  -0.00571,   0.00058
  26.01849,   0.24567,   0.00100
  26.55854,   0.23704,   0.00097
  25.60983,   0.12504,   0.00081
  25.05711,  -0.03580,   0.00049
  26.28257,  -0.05340,   0.00041
  27.21640,   0.01902,   0.00044
  28.18939,   0.15635,   0.00062
  28.11785,   0.19536,   0.00077
  28.32239,   0.16273,   0.00066
  28.43833,   0.07556,   0.00040
  28.43971,   0.01134,  -0.00001
  28.01604,   0.01530,  -0.00028
  27.61519,  -0.02366,  -0.00050
  26.63502,  -0.04758,  -0.00051
  25.79887,  -0.13511,  -0.00076
  25.90785,  -0.24543,  -0.00058
  26.42936,  -0.26346,  -0.00024
  26.45955,  -0.06922,   0.00035
  25.63331,   0.11506,   0.00096
  24.62735,   0.18948,   0.00114
  23.29068,   0.10389,   0.00098
  22.00526,  -0.07450,   0.00057
  21.92885,  -0.24959,   0.00011
  23.19118,  -0.27199,  -0.00005
  24.96539,  -0.11294,   0.00006
  26.19340,  -0.00302,   0.00001
  26.94235,   0.14017,   0.00013
  27.32250,   0.15509,  -0.00007
  26.94714,   0.05385,  -0.00036
  26.56186,  -0.02069,  -0.00066
  27.19767,   0.07206,  -0.00061
  26.92900,   0.10835,  -0.00072
  49.94005,   0.34238,   0.00165
  25.79142,   0.03714,  -0.00052
  27.32236,  -0.05629,  -0.00052
  29.10208,  -0.06688,  -0.00052
  30.47895,   0.00439,  -0.00038
  30.57322,   0.14962,  -0.00037
  29.58550,   0.20202,  -0.00048
  28.55064,   0.05050,  -0.00101
  27.73930,  -0.14228,  -0.00123
  27.93150,  -0.27222,  -0.00123
  28.24846,  -0.18263,  -0.00104
  28.97080,  -0.02007,  -0.00060
  28.84985,   0.13473,  -0.00024
  26.94289,   0.19046,  -0.00007
  25.73595,   0.04765,  -0.00035
  24.87534,  -0.16192,  -0.00088
  24.81606,  -0.28354,  -0.00136
  24.92981,  -0.29925,  -0.00160
  25.73780,  -0.21256,  -0.00157
  26.82656,  -0.21458,  -0.00164
  27.82816,  -0.21026,  -0.00143
  28.73209,  -0.23092,  -0.00127
  30.13621,  -0.15822,  -0.00107
  29.91159,  -0.05509,  -0.00093
  28.97891,   0.04338,  -0.00091
  29.53365,   0.12011,  -0.00065
  28.50203,  -0.02084,  -0.00103
  28.44499,  -0.19882,  -0.00140
  29.63658,  -0.22626,  -0.00152
  31.23853,  -0.11407,  -0.00149
  32.18697,   0.00046,  -0.00140
  32.00620,   0.17777,  -0.00138
  30.43493,   0.17419,  -0.00163
  29.02950,  -0.00012,  -0.00234
  27.32753,  -0.17164,  -0.00270
  26.91767,  -0.17128,  -0.00279
  26.61563,  -0.10481,  -0.00254
  26.51624,   0.01899,  -0.00211
  25.73192,   0.10713,  -0.00164
  25.29437,   0.15870,  -0.00120
  25.22206,   0.08738,  -0.00109
  25.14677,   0.05322,  -0.00111
  25.34192,   0.12313,  -0.00091
  25.18060,   0.08370,  -0.00111
  25.18529,   0.09164,  -0.00123
  25.66356,   0.01547,  -0.00133
  26.59067,  -0.08577,  -0.00167
  28.39504,  -0.03174,  -0.00147
  30.04279,   0.15662,  -0.00116
  30.79658,   0.38694,  -0.00068
  30.39589,   0.45595,  -0.00070
  29.30964,   0.31319,  -0.00106
  28.32308,   0.08957,  -0.00159
  28.24010,  -0.10471,  -0.00200
  29.41936,  -0.19748,  -0.00220
  31.49937,  -0.09949,  -0.00205
  32.07016,  -0.02694,  -0.00185
  32.96536,   0.05298,  -0.00153
  32.89198,   0.00239,  -0.00139
  32.62186,  -0.06841,  -0.00146
  31.53032,  -0.14429,  -0.00143
  30.44000,  -0.12942,  -0.00126
  29.69994,  -0.05147,  -0.00104
  27.15276,  -0.09459,  -0.00115
  26.99654,  -0.17624,  -0.00089
  27.62915,  -0.25564,  -0.00069
  27.70722,  -0.18562,  -0.00045
  28.36900,  -0.06946,  -0.00039
  28.03015,   0.04676,  -0.00048
  26.97946,  -0.04363,  -0.00092
  25.91237,  -0.16210,  -0.00131
  25.76239,  -0.37091,  -0.00192
  26.73490,  -0.44519,  -0.00198
  47.23169,  -0.02612,  -0.00147
  48.03159,   0.10033,  -0.00114
  49.73441,   0.50151,  -0.00139
  49.61422,   0.54467,  -0.00121
  49.40658,   0.46393,  -0.00129
  31.73570,  -0.03488,  -0.00030
  31.73396,  -0.12235,  -0.00060
  32.31056,  -0.07924,  -0.00077
  33.26598,  -0.05527,  -0.00070
  33.81187,  -0.08596,  -0.00092
  34.77803,  -0.09843,  -0.00094
  35.32474,  -0.12630,  -0.00100
  35.42082,  -0.10048,  -0.00107
  34.89328,  -0.01317,  -0.00100
  33.06698,   0.05657,  -0.00108
  30.83514,  -0.00334,  -0.00130
  28.36244,  -0.12969,  -0.00166
  27.39297,  -0.36933,  -0.00192
  27.55708,  -0.48227,  -0.00199
  27.21680,  -0.36417,  -0.00162
  28.36676,  -0.18450,  -0.00127
  28.80562,  -0.06004,  -0.00104
  27.89487,  -0.16252,  -0.00118
  27.06734,  -0.34349,  -0.00144
  26.42393,  -0.51659,  -0.00174
  26.80620,  -0.55224,  -0.00189
  27.33780,  -0.43074,  -0.00176
  28.19399,  -0.26168,  -0.00147
  28.12006,  -0.19560,  -0.00122
  28.14289,  -0.14456,  -0.00096
  28.49680,  -0.21621,  -0.00114
  28.73561,  -0.23374,  -0.00149
  29.11259,  -0.17791,  -0.00153
  28.55478,  -0.14527,  -0.00197
  27.95524,  -0.20894,  -0.00251
  27.75225,  -0.41448,  -0.00328
  28.76450,  -0.53422,  -0.00350
  30.13968,  -0.49965,  -0.00331
  31.48052,  -0.29910,  -0.00284
  31.58388,  -0.05390,  -0.00231
  30.23475,   0.04825,  -0.00198
  28.47441,   0.05418,  -0.00184
  26.62497,  -0.17647,  -0.00199
  25.72033,  -0.36791,  -0.00208
  26.25766,  -0.29099,  -0.00170
  26.61027,  -0.21668,  -0.00131
  28.06430,  -0.01792,  -0.00084
  28.95265,   0.08586,  -0.00058
  28.94244,  -0.00445,  -0.00092
  29.16564,  -0.06146,  -0.00108
  29.11189,  -0.05184,  -0.00124
  29.70806,  -0.02702,  -0.00153
  29.16034,   0.03546,  -0.00156
  28.85270,   0.01508,  -0.00160
  29.14894,  -0.03247,  -0.00168
  30.43062,  -0.12898,  -0.00157
  32.12488,  -0.10265,  -0.00136
  33.87677,   0.07042,  -0.00073
  34.08382,   0.19229,  -0.00067
  33.26256,   0.18215,  -0.00089
  32.91911,  -0.04358,  -0.00137
  33.39575,  -0.28274,  -0.00197
  34.17824,  -0.37999,  -0.00201
  35.51063,  -0.26107,  -0.00165
  36.36628,  -0.08942,  -0.00123
  36.10471,   0.10863,  -0.00076
  34.60668,   0.13227,  -0.00060
  33.13878,   0.09438,  -0.00074
  31.16311,  -0.07517,  -0.00108
  29.61305,  -0.16054,  -0.00136
  28.58461,  -0.15886,  -0.00145
  28.14787,  -0.13088,  -0.00149
  28.20997,  -0.14347,  -0.00149
  28.02801,  -0.23431,  -0.00172
  28.79933,  -0.25063,  -0.00163
  29.39447,  -0.17554,  -0.00145
  29.98037,  -0.03001,  -0.00120
  29.86888,   0.06295,  -0.00109
  28.56633,   0.04205,  -0.00109
  27.59363,  -0.10007,  -0.00113
  27.84281,  -0.15050,  -0.00103
  29.05564,  -0.15947,  -0.00085
  30.86680,  -0.00752,  -0.00049
  31.72363,   0.17572,   0.00011
  32.11757,   0.28705,   0.00013
  31.73543,   0.17914,  -0.00022
  31.29689,  -0.00689,  -0.00085
  31.91268,  -0.20032,  -0.00158
  32.21109,  -0.23995,  -0.00198
  32.64043,  -0.17017,  -0.00203
  32.77853,  -0.14928,  -0.00202
  32.15977,  -0.07076,  -0.00177
  32.00646,  -0.14577,  -0.00152
  31.55677,  -0.23922,  -0.00140
  30.32821,  -0.16877,  -0.00112
  28.75539,  -0.14630,  -0.00099
  27.07865,  -0.17671,  -0.00100
  24.25976,  -0.31902,  -0.00122
  24.23645,  -0.47700,  -0.00126
  25.34681,  -0.59089,  -0.00118
  26.40876,  -0.55620,  -0.00102
  27.51931,  -0.44425,  -0.00073
  27.66807,  -0.23401,  -0.00038
  26.75227,  -0.15542,  -0.00027
  25.37077,  -0.27511,  -0.00064
  30.18175,  -0.36491,  -0.00117
  29.75015,  -0.48750,  -0.00144
  30.28778,  -0.46086,  -0.00150
  30.65181,  -0.32565,  -0.00119
  31.38281,  -0.18290,  -0.00098
  31.85302,  -0.14359,  -0.00091
  32.24707,  -0.20778,  -0.00107
  32.69757,  -0.26258,  -0.00143
  33.88314,  -0.27973,  -0.00173
  33.53092,  -0.20203,  -0.00182
  33.36688,  -0.19258,  -0.00192
  32.76506,  -0.19858,  -0.00173
  32.71537,  -0.24368,  -0.00145
  32.95838,  -0.18659,  -0.00106
  33.65895,  -0.08567,  -0.00070
  33.58236,   0.08321,  -0.00035
  31.91377,   0.17776,  -0.00005
  30.03270,   0.14120,  -0.00031
  28.39547,  -0.03692,  -0.00080
  27.37791,  -0.25585,  -0.00142
  28.20125,  -0.32997,  -0.00166
  29.61524,  -0.21424,  -0.00154
  24.39850,  -0.07690,  -0.00118
  24.73029,   0.07370,  -0.00078
  24.53821,   0.08435,  -0.00058
  24.02040,   0.05000,  -0.00062
  23.39422,  -0.06668,  -0.00077
  22.78897,  -0.10623,  -0.00087
  22.67288,  -0.02226,  -0.00063
  22.34535,   0.01573,  -0.00043
  23.50054,  -0.00602,  -0.00031
  25.34455,  -0.07361,  -0.00027
  26.61294,  -0.09081,  -0.00019
  28.14742,   0.00114,  -0.00029
  28.61544,   0.15604,  -0.00046
  28.11570,   0.16542,  -0.00072
  28.19319,   0.17738,  -0.00124
  27.16460,  -0.00142,  -0.00163
  27.10261,  -0.15878,  -0.00183
  27.28859,  -0.07851,  -0.00164
  28.10517,   0.03852,  -0.00131
  28.36620,   0.20278,  -0.00098
  26.77808,   0.30464,  -0.00073
  25.61322,   0.20111,  -0.00090
  24.60413,   0.00784,  -0.00124
  24.55583,  -0.09877,  -0.00150
  24.81336,  -0.10841,  -0.00145
  25.43575,   0.01659,  -0.00115
  26.27340,   0.06874,  -0.00096
  26.98808,   0.15070,  -0.00071
  27.68172,   0.16771,  -0.00032
  28.19699,   0.18899,  -0.00007
  28.93424,   0.33143,   0.00027
  28.42602,   0.41593,   0.00027
  27.26803,   0.43730,   0.00010
  26.54011,   0.30664,  -0.00022
  26.68523,   0.15230,  -0.00071
  28.57720,   0.03888,  -0.00097
  31.20325,   0.09466,  -0.00101
  33.45727,   0.20080,  -0.00097
  34.11457,   0.40998,  -0.00088
  33.15055,   0.45122,  -0.00098
  32.85233,   0.27198,  -0.00146
  31.68826,   0.04684,  -0.00179
  31.86869,  -0.02023,  -0.00181
  31.72620,  -0.01019,  -0.00166
  31.83782,   0.09267,  -0.00128
  30.81340,   0.19320,  -0.00071
  30.62486,   0.17854,  -0.00044
  30.21122,   0.07809,  -0.00039
  29.49429,   0.02494,  -0.00044
  28.74544,   0.02923,  -0.00068
  28.11942,   0.00303,  -0.00098
  26.97654,   0.01394,  -0.00118
  25.95211,  -0.11519,  -0.00172
  25.76613,  -0.21665,  -0.00176
  26.01646,  -0.19411,  -0.00169
  26.56327,  -0.08636,  -0.00143
  26.47343,   0.09089,  -0.00118
  25.36257,   0.20841,  -0.00093
  24.01660,   0.19713,  -0.00102
  22.78205,  -0.00793,  -0.00145
  22.74607,  -0.21647,  -0.00184
  24.38418,  -0.22802,  -0.00185
  26.62729,  -0.12558,  -0.00158
  31.31384,  -0.09866,  -0.00068
  30.45484,   0.15342,  -0.00092
  30.64888,   0.17992,  -0.00077
  30.30370,   0.10101,  -0.00086
  30.99751,   0.08788,  -0.00093
  30.19092,   0.11186,  -0.00103
  29.35160,   0.16933,  -0.00106
  27.92032,   0.19213,  -0.00098
  27.59113,   0.11514,  -0.00098
  28.13999,  -0.00028,  -0.00095
  28.35916,  -0.00437,  -0.00077
  29.23816,   0.05518,  -0.00064
  29.18342,   0.17412,  -0.00052
  28.19355,   0.13269,  -0.00075
  26.99215,   0.02730,  -0.00087
  26.37822,  -0.18271,  -0.00097
  26.67653,  -0.30218,  -0.00110
  27.87395,  -0.28407,  -0.00065
  29.40725,  -0.08837,   0.00008
  29.54874,   0.14016,   0.00093
  29.56105,   0.22182,   0.00139
  29.11062,   0.12575,   0.00142
  28.99161,  -0.00520,   0.00122
  29.29084,  -0.13199,   0.00089
  30.09440,  -0.13327,   0.00067
  31.43959,  -0.14107,   0.00049
  32.65342,  -0.05682,   0.00049
  33.63899,  -0.12571,   0.00011
  34.66174,  -0.15601,   0.00014
  35.23317,  -0.13375,   0.00016
  36.05883,  -0.03244,   0.00025
  34.69467,   0.06086,   0.00026
  32.81945,   0.05781,   0.00014
  31.41660,  -0.03522,   0.00005
  30.80280,  -0.23714,  -0.00002
  31.44380,  -0.33582,   0.00009
  32.32356,  -0.26092,   0.00054
  33.50308,  -0.05595,   0.00099
  33.59123,   0.12939,   0.00133
  32.86844,   0.07752,   0.00119
  31.70483,  -0.02036,   0.00102
  30.86696,  -0.16191,   0.00076
  31.10405,  -0.21987,   0.00048
  31.31731,  -0.12611,   0.00061
  31.73658,   0.02799,   0.00089
  31.03147,   0.11327,   0.00111
  31.22151,   0.09855,   0.00125
  31.43001,   0.01375,   0.00114
  31.78047,  -0.01475,   0.00110
  31.94053,  -0.00288,   0.00081
  31.79355,   0.02904,   0.00054
  31.99014,  -0.08130,   0.00027
  32.57190,  -0.18298,   0.00004
  33.93288,  -0.30561,  -0.00017
  35.73800,  -0.31992,  -0.00005
  37.28413,  -0.18683,   0.00025
  38.03320,   0.02519,   0.00083
  37.02979,   0.12496,   0.00100
  35.30254,   0.04036,   0.00081
  33.53449,  -0.09931,   0.00055
  32.82993,  -0.32732,   0.00009
  33.12875,  -0.41798,  -0.00016
  33.04303,  -0.36981,  -0.00007
  34.01057,  -0.22830,   0.00006
  34.28196,  -0.15107,   0.00011
  33.05652,  -0.24744,  -0.00021
  32.60526,  -0.33052,  -0.00056
  31.62103,  -0.40624,  -0.00078
  30.59218,  -0.39660,  -0.00084
  29.50167,  -0.33557,  -0.00085
  28.80257,  -0.32249,  -0.00068
  29.00830,  -0.37743,  -0.00042
  28.96641,  -0.35817,  -0.00001
  30.21403,  -0.34719,   0.00023
  31.35855,  -0.21238,   0.00043
  32.44171,  -0.07090,   0.00086
  32.17502,   0.01794,   0.00076
  31.76286,  -0.04026,   0.00042
  32.50686,  -0.25625,  -0.00019
  33.46624,  -0.36408,  -0.00058
  35.31067,  -0.26488,  -0.00051
  37.26303,  -0.06725,  -0.00025
  37.68643,   0.18530,   0.00008
  37.12200,   0.27481,   0.00023
  35.69859,   0.15478,  -0.00000
  34.84977,   0.04481,  -0.00032
  33.80458,  -0.09160,  -0.00076
  33.59013,  -0.08327,  -0.00075
  33.40004,  -0.06549,  -0.00066
  33.63887,  -0.07386,  -0.00060
  34.06222,  -0.12669,  -0.00052
  34.76092,  -0.15026,  -0.00041
  34.97602,  -0.12614,  -0.00016
  34.54232,  -0.01336,   0.00014
  33.96426,   0.08724,   0.00036
  31.98556,   0.09069,   0.00044
  30.49485,  -0.03644,   0.00035
  29.33205,  -0.15369,   0.00015
  29.94356,  -0.26395,   0.00013
  31.45219,  -0.17627,   0.00031
  32.39258,   0.04349,   0.00069
  32.64798,   0.13644,   0.00068
  32.21862,   0.13027,   0.00037
  31.53044,  -0.03966,  -0.00022
  31.78577,  -0.24007,  -0.00098
  32.77620,  -0.32797,  -0.00137
  33.34172,  -0.22863,  -0.00130
  34.09415,  -0.07047,  -0.00098
  34.70080,   0.05492,  -0.00065
  35.08605,   0.03716,  -0.00034
  34.97819,  -0.04858,  -0.00022
  34.99216,   0.02505,   0.00012
  34.62694,   0.03870,   0.00035
  33.38272,   0.06207,   0.00026
  32.33290,   0.02648,   0.00008
  31.56025,  -0.15454,  -0.00037
  32.39124,  -0.27432,  -0.00045
  33.95774,  -0.25599,  -0.00030
  35.01787,  -0.08489,  -0.00010
  34.02192,   0.10531,   0.00014
  32.74176,   0.20478,   0.00034
  30.80766,   0.11430,   0.00028
  29.09737,  -0.02088,   0.00003
  28.33399,  -0.22062,  -0.00015
  28.70622,  -0.27519,  -0.00009
  29.11569,  -0.17622,   0.00033
  30.49114,  -0.03065,   0.00078
  31.56564,   0.03777,   0.00113
  31.92316,  -0.05899,   0.00115
  32.61295,  -0.17654,   0.00094
  33.12164,  -0.23887,   0.00069
  34.27367,  -0.28819,   0.00052
  34.33046,  -0.20945,   0.00051
  34.52378,  -0.18755,   0.00054
  34.65028,  -0.22633,   0.00047
  35.25583,  -0.31078,   0.00056
  35.84592,  -0.31468,   0.00063
  35.63605,  -0.19905,   0.00100
  34.67785,  -0.09567,   0.00083
  32.78253,  -0.11133,   0.00044
  30.74141,  -0.32591,  -0.00012
  29.56640,  -0.57062,  -0.00061
  29.44918,  -0.71481,  -0.00087
  30.34305,  -0.67585,  -0.00094
  31.11942,  -0.46785,  -0.00048
  31.03578,  -0.26509,   0.00011
  29.90866,  -0.18535,   0.00045
  28.35981,  -0.27902,   0.00056
  26.91343,  -0.41873,   0.00050
  25.89719,  -0.43087,   0.00065
  25.13637,  -0.38670,   0.00067
  25.10798,  -0.29811,   0.00077
  25.04989,  -0.28985,   0.00080
  26.35759,  -0.29025,   0.00083
  27.92478,  -0.28679,   0.00075
  29.45553,  -0.26614,   0.00061
  29.88642,  -0.11828,   0.00045
  29.33851,   0.01084,   0.00022
  28.86673,  -0.03921,  -0.00019
  28.03333,  -0.16203,  -0.00051
  28.21821,  -0.31932,  -0.00071
  29.12465,  -0.30383,  -0.00050
  30.57863,  -0.20799,  -0.00023
  31.48357,  -0.02449,   0.00015
  30.81164,   0.10229,   0.00067
  30.23262,   0.04862,   0.00059
  29.59070,  -0.14334,   0.00023
  29.16582,  -0.34932,  -0.00011
  29.16025,  -0.42696,  -0.00032
  29.71335,  -0.34967,  -0.00024
  30.15607,  -0.25414,  -0.00019
  30.57846,  -0.17500,   0.00022
  30.58847,  -0.18894,   0.00050
  29.60179,  -0.13848,   0.00062
  29.10088,  -0.14345,   0.00061
  28.17420,  -0.10407,   0.00052
  26.82113,  -0.05811,   0.00046
  25.82224,  -0.12934,   0.00027
  25.86676,  -0.27958,   0.00008
  26.87331,  -0.38015,  -0.00017
  29.23232,  -0.36333,  -0.00011
  31.37667,  -0.18723,   0.00016
  32.77485,  -0.02840,   0.00042
  32.36880,   0.11000,   0.00061
  31.35887,   0.06403,   0.00052
  32.11162,  -0.04239,   0.00018
  32.16550,  -0.18760,   0.00005
  33.06694,  -0.17045,   0.00012
  34.60022,   0.01670,   0.00054
  35.56670,   0.20792,   0.00082
  35.68519,   0.26572,   0.00096
  35.83023,   0.20648,   0.00078
  35.83032,   0.11744,   0.00040
  36.30144,   0.08513,   0.00007
  35.51269,   0.14281,  -0.00017
  35.01749,   0.11194,  -0.00071
  34.27410,   0.09735,  -0.00075
  34.16763,   0.02559,  -0.00062
  34.73705,   0.02967,  -0.00055
  35.27731,   0.06935,  -0.00016
  35.10693,   0.26309,   0.00047
  34.22210,   0.38661,   0.00074
  32.71197,   0.38019,   0.00073
  31.30859,   0.22683,   0.00056
  30.85041,   0.00383,   0.00027
  31.94868,  -0.12940,   0.00003
  34.02227,  -0.04086,   0.00007
  36.30000,   0.17401,   0.00031
  37.81862,   0.26358,   0.00033
  37.85315,   0.31888,   0.00033
  37.03696,   0.22094,   0.00005
  37.16532,   0.14831,  -0.00029
  36.44200,   0.08227,  -0.00069
  35.84435,   0.09263,  -0.00100
  35.08437,   0.12756,  -0.00109
  34.81569,   0.07755,  -0.00121
  35.08111,  -0.02733,  -0.00128
  35.26008,  -0.04175,  -0.00116
  35.91021,  -0.02293,  -0.00125
  35.84748,   0.06795,  -0.00128
  35.33068,   0.08770,  -0.00139
  33.72068,   0.04748,  -0.00146
  32.31952,  -0.10858,  -0.00155
  31.35598,  -0.13559,  -0.00160
  31.78900,  -0.15471,  -0.00137
  32.41768,  -0.02917,  -0.00093
  32.21928,   0.18546,  -0.00032
  31.03829,   0.31388,   0.00003
  29.85342,   0.27529,  -0.00004
  28.69249,   0.12467,  -0.00039
  28.09027,   0.02003,  -0.00082
  28.58530,  -0.05394,  -0.00125
  29.42563,   0.03859,  -0.00140
  30.57080,   0.16757,  -0.00125
  31.65549,   0.18193,  -0.00127
  32.62464,   0.17701,  -0.00108
  33.22885,   0.15762,  -0.00096
  34.29636,   0.23776,  -0.00073
  33.87804,   0.31853,  -0.00066
  33.00730,   0.36130,  -0.00063
  32.31625,   0.32055,  -0.00057
  32.38693,   0.15596,  -0.00069
  33.51948,   0.02528,  -0.00074
  35.52776,   0.05036,  -0.00058
  37.50642,   0.22201,  -0.00030
  38.22002,   0.42879,  -0.00008
  37.66631,   0.39912,  -0.00038
  35.90897,   0.27567,  -0.00069
  34.24696,   0.07179,  -0.00112
  33.63526,  -0.03755,  -0.00153
  32.66899,  -0.01204,  -0.00151
  32.57214,   0.11244,  -0.00119
  32.44311,   0.22788,  -0.00078
  30.74457,   0.28057,  -0.00043
  30.16236,   0.18049,  -0.00035
  29.55821,   0.07733,  -0.00047
  29.21059,   0.09273,  -0.00050
  29.03446,   0.10557,  -0.00058
  28.79543,   0.15112,  -0.00058
  29.27046,   0.08757,  -0.00077
  30.38410,   0.05062,  -0.00067
  32.02442,   0.07596,  -0.00054
  33.50517,   0.20260,  -0.00025
  34.16200,   0.41579,   0.00004
  33.98855,   0.56614,   0.00028
  32.73616,   0.55634,   0.00003
  31.64652,   0.43613,  -0.00034
  31.14874,   0.23202,  -0.00089
  31.70366,   0.13836,  -0.00130
  32.79115,   0.18858,  -0.00135
  34.25257,   0.36566,  -0.00124
  34.58736,   0.43998,  -0.00122
  34.43853,   0.43693,  -0.00118
  33.82464,   0.32302,  -0.00131
  33.67998,   0.25487,  -0.00148
  32.84789,   0.22467,  -0.00152
  31.88519,   0.25584,  -0.00137
  30.47488,   0.32214,  -0.00107
  30.41113,   0.28393,  -0.00071
  31.00656,   0.19688,  -0.00042
  30.89271,   0.21168,  -0.00016
  31.15669,   0.23639,   0.00001
  31.24599,   0.34243,  -0.00003
  30.60095,   0.41568,  -0.00021
  29.81751,   0.27169,  -0.00085
  29.55606,   0.07584,  -0.00132
  30.17384,  -0.09369,  -0.00166
  31.57778,  -0.09441,  -0.00187
  33.23220,   0.07429,  -0.00162
  33.91829,   0.31124,  -0.00118
  33.84394,   0.40439,  -0.00097
  32.91343,   0.30046,  -0.00108
  32.05141,   0.17292,  -0.00125
  31.41707,  -0.01336,  -0.00177
  31.54699,  -0.08537,  -0.00199
  32.20236,  -0.01865,  -0.00203
  33.31825,   0.08475,  -0.00183
  34.14023,   0.04164,  -0.00183
  34.57696,   0.00974,  -0.00169
  35.23796,   0.00254,  -0.00164
  34.55501,   0.08904,  -0.00160
  32.95730,   0.21946,  -0.00160
  31.40441,   0.27277,  -0.00170
  29.27015,   0.18935,  -0.00179
  39.61865,   0.00807,  -0.00185
  39.21157,  -0.12265,  -0.00190
  39.27920,  -0.04701,  -0.00159
  40.25972,   0.14380,  -0.00128
  40.57253,   0.31228,  -0.00108
  40.34049,   0.35365,  -0.00120
  40.01129,   0.21518,  -0.00165
  39.10116,  -0.00130,  -0.00207
  39.77618,  -0.10364,  -0.00232
  40.55042,  -0.01431,  -0.00206
  40.36058,   0.51223,  -0.00302
  40.73714,   0.62096,  -0.00258
  40.96336,   0.65488,  -0.00229
  41.31609,   0.62082,  -0.00220
  42.40744,   0.42232,  -0.00096
  42.52960,   0.43848,  -0.00110
  41.82337,   0.25695,  -0.00080
  41.42567,   0.19843,  -0.00124
  41.16941,   0.05525,  -0.00186
  41.86342,  -0.09820,  -0.00215
  42.88488,  -0.18532,  -0.00222
  43.76992,  -0.09887,  -0.00206
  43.64580,   0.07886,  -0.00171
  42.38382,   0.19983,  -0.00147
  28.55249,   0.31174,  -0.00176
  26.44086,   0.09885,  -0.00187
  25.09563,  -0.12976,  -0.00198
  24.60380,  -0.14514,  -0.00184
  24.59921,  -0.09563,  -0.00149
  25.64688,   0.06630,  -0.00094
  26.49093,   0.19046,  -0.00044
  26.28128,   0.15406,  -0.00035
  26.62202,   0.05475,  -0.00053
  26.40361,  -0.00702,  -0.00073
  26.15386,   0.03641,  -0.00085
  26.56212,   0.09775,  -0.00104
  26.56093,   0.17566,  -0.00089
  27.07090,   0.16356,  -0.00071
  27.71717,   0.11783,  -0.00060
  29.05343,   0.13797,  -0.00027
  30.16145,   0.20996,  -0.00020
  30.46394,   0.33819,  -0.00021
  30.36993,   0.34050,  -0.00031
  29.37506,   0.24343,  -0.00064
  28.87887,   0.02699,  -0.00099
  29.92014,  -0.16930,  -0.00127
  41.73180,  -0.15368,  -0.00143
  43.34621,   0.03810,  -0.00083
  43.70927,   0.25976,  -0.00015
  42.76837,   0.36285,   0.00036
  41.01877,   0.31117,   0.00046
  39.09465,   0.11470,   0.00028
  37.66972,   0.02426,   0.00020
  36.63013,  -0.02265,   0.00008
  36.29501,   0.02085,   0.00010
  35.05113,  -0.03380,  -0.00004
  35.79922,  -0.06407,   0.00006
  36.57162,  -0.13234,   0.00005
  40.14068,  -0.25683,   0.00033
  40.69818,  -0.22941,   0.00031
  43.88178,  -0.18869,   0.00021
  42.90378,  -0.19138,   0.00007
  37.87450,  -0.24808,  -0.00007
  37.17352,  -0.43052,  -0.00014
  37.51783,  -0.53516,  -0.00004
  38.31020,  -0.38568,   0.00056
  39.66173,  -0.19448,   0.00088
  40.31605,  -0.01363,   0.00103
  40.04389,  -0.05075,   0.00098
  39.36904,  -0.19966,   0.00044
  38.85236,  -0.40318,  -0.00021
  39.44305,  -0.56504,  -0.00077
  39.88299,  -0.49428,  -0.00092
  40.48499,  -0.31981,  -0.00079
  47.58306,   0.29971,  -0.00139
  47.14970,   0.32035,  -0.00131
  46.81696,   0.29393,  -0.00128
  46.44962,   0.27368,  -0.00127
  30.23636,  -0.09717,  -0.00064
  28.76808,  -0.07656,  -0.00078
  27.00836,  -0.12209,  -0.00089
  26.59566,  -0.23674,  -0.00095
  26.55397,  -0.34519,  -0.00103
  28.35195,  -0.36148,  -0.00086
  30.25952,  -0.22891,  -0.00052
  31.33701,  -0.06568,  -0.00012
  31.28894,   0.08604,   0.00018
  30.36218,   0.07791,   0.00021
  52.18708,   0.32604,   0.00048
  49.80340,   0.31953,   0.00004
  49.06079,   0.41339,   0.00248
  49.29245,   0.44847,   0.00249
  49.56511,   0.51977,   0.00250
  49.75041,   0.56525,   0.00250
  49.83063,   0.54448,   0.00240
  50.25298,   0.48375,   0.00221
  50.64589,   0.43690,   0.00200
  50.88201,   0.43485,   0.00184
  50.59985,   0.45379,   0.00177
  50.25665,   0.45897,   0.00177
  50.19695,   0.42861,   0.00186
  36.74522,  -0.24631,  -0.00149
  36.88992,  -0.17786,  -0.00094
  36.66054,  -0.00172,  -0.00034
  35.57277,   0.16221,   0.00008
  33.85764,   0.20644,   0.00006
  31.95879,   0.07492,  -0.00022
  30.50034,  -0.14593,  -0.00083
  30.77898,  -0.32200,  -0.00111
  32.29006,  -0.31495,  -0.00118
  34.58206,  -0.02145,  -0.00079
  36.02115,   0.19643,  -0.00070
  35.57762,   0.33171,  -0.00044
  39.57840,   0.29332,   0.00002
  37.95722,   0.12524,  -0.00031
  36.61062,  -0.02067,  -0.00061
  37.08136,   0.08645,  -0.00046
  37.54403,   0.18747,  -0.00040
  38.78612,   0.24856,  -0.00023
  43.58491,   0.21540,  -0.00004
  45.06835,   0.14849,   0.00001
  46.79775,   0.16979,   0.00014
  47.31474,   0.27889,   0.00014
  45.59294,   0.48338,  -0.00055
  44.51373,   0.51051,  -0.00076
  43.64566,   0.37200,  -0.00106
  43.34335,   0.23636,  -0.00138
  43.62913,   0.12804,  -0.00139
  44.07561,   0.18704,  -0.00113
  49.18632,   0.68766,  -0.00132
  48.57712,   0.77817,  -0.00116
  47.57228,   0.74943,  -0.00128
  46.46420,   0.61661,  -0.00161
  45.97329,   0.41866,  -0.00206
  46.02328,   0.31033,  -0.00239
  46.35901,   0.32309,  -0.00240
  46.91455,   0.41301,  -0.00218
  47.19788,   0.44762,  -0.00203
  47.82493,   0.43771,  -0.00178
  49.40729,   0.29284,  -0.00127
  49.65216,   0.25985,  -0.00114
  42.38014,   0.04353,   0.00039
  41.73608,   0.08316,   0.00033
  41.21041,   0.06020,   0.00012
  40.82681,  -0.04745,  -0.00007
  42.04018,  -0.20010,  -0.00031
  43.93382,  -0.24703,  -0.00041
  45.80374,  -0.18755,  -0.00037
  46.73736,   0.02125,  -0.00029
  46.51936,   0.15645,  -0.00041
  46.55238,   0.07089,  -0.00091
  45.30091,  -0.12520,  -0.00137
  44.50086,  -0.33607,  -0.00170
  44.57600,  -0.30255,  -0.00153
  44.79707,  -0.17302,  -0.00117
  45.09896,   0.00022,  -0.00065
  43.94962,   0.10649,  -0.00005
  43.33627,   0.04514,   0.00014
  42.55332,  -0.08332,   0.00009
  39.35038,  -0.16158,   0.00018
  38.93078,  -0.14876,   0.00013
  38.88483,  -0.17017,  -0.00003
  38.99552,  -0.12388,   0.00003
  45.51784,   0.29833,   0.00021
  46.28357,   0.26118,   0.00034
  46.94745,   0.32223,   0.00057
  47.34584,   0.44341,   0.00087
  35.14955,   0.56562,  -0.00137
  34.02001,   0.58296,  -0.00147
  32.72552,   0.45665,  -0.00186
  32.30575,   0.25746,  -0.00234
  33.00342,   0.10167,  -0.00277
  34.74625,   0.11280,  -0.00288
  36.35319,   0.21482,  -0.00261
  37.42491,   0.39111,  -0.00219
  37.47673,   0.45293,  -0.00191
  37.49973,   0.39791,  -0.00194
  36.88633,   0.28488,  -0.00211
  36.23385,   0.21973,  -0.00229
  35.91763,   0.26217,  -0.00223
  35.33822,   0.32084,  -0.00213
  34.99000,   0.33905,  -0.00200
  34.14336,   0.31793,  -0.00190
  34.57840,   0.26521,  -0.00189
  35.03248,   0.28079,  -0.00191
  34.81138,   0.38601,  -0.00187
  34.06093,   0.43958,  -0.00204
  32.81775,   0.44983,  -0.00217
  31.73418,   0.35793,  -0.00235
  31.45028,   0.24027,  -0.00267
  32.35556,   0.21428,  -0.00256
  33.77792,   0.32680,  -0.00217
  34.74374,   0.53467,  -0.00156
  34.96602,   0.69531,  -0.00100
  34.69374,   0.69482,  -0.00086
  34.47957,   0.57015,  -0.00105
  35.27404,   0.45867,  -0.00122
  36.39318,   0.41652,  -0.00151
  37.93267,   0.49568,  -0.00158
  39.43355,   0.55597,  -0.00147
  40.48777,   0.59934,  -0.00143
  41.67152,   0.63731,  -0.00145
  42.29887,   0.60391,  -0.00147
  42.47478,   0.60438,  -0.00154
  42.30514,   0.66905,  -0.00155
  40.85096,   0.68237,  -0.00169
  38.93317,   0.60210,  -0.00187
  38.04196,   0.44959,  -0.00206
  38.29747,   0.29421,  -0.00216
  39.07835,   0.27824,  -0.00202
  40.24521,   0.35893,  -0.00175
  40.32099,   0.46741,  -0.00147
  39.63822,   0.53792,  -0.00129
  38.38247,   0.47392,  -0.00135
  37.74022,   0.32695,  -0.00172
  37.36606,   0.20608,  -0.00188
  37.60693,   0.20703,  -0.00184
  37.99359,   0.31509,  -0.00162
  38.28731,   0.46303,  -0.00127
  38.23323,   0.53732,  -0.00104
  37.93644,   0.53735,  -0.00098
  37.76815,   0.47117,  -0.00127
  37.60793,   0.45111,  -0.00172
  37.91645,   0.47054,  -0.00203
  37.58860,   0.52124,  -0.00238
  37.59975,   0.45437,  -0.00277
  37.98296,   0.40653,  -0.00291
  42.71361,   0.01889,  -0.00164
  44.00048,   0.09995,  -0.00146
  45.29611,   0.30222,  -0.00095
  44.26840,   0.46543,  -0.00066
  43.00094,   0.53177,  -0.00045
  40.67704,   0.38387,  -0.00070
  39.14613,   0.17650,  -0.00105
  38.78441,   0.12778,  -0.00100
  39.67040,   0.16464,  -0.00092
  40.89442,   0.33077,  -0.00059
  50.23194,   0.51380,  -0.00121
  49.19842,   0.70141,  -0.00146
  48.59309,   0.63827,  -0.00160
  47.98492,   0.54735,  -0.00182
  30.55721,   0.14015,  -0.00118
  29.55532,   0.17504,  -0.00127
  28.83153,   0.22389,  -0.00119
  27.31631,   0.26211,  -0.00107
  27.49145,   0.18005,  -0.00090
  28.30716,   0.11432,  -0.00074
  54.98465,   0.29321,   0.00021
  55.08052,   0.35151,   0.00035
  49.96741,   0.59157,   0.00076
  49.75065,   0.54790,   0.00050
  50.26549,   0.42759,   0.00014
  51.50843,   0.29134,  -0.00011
  53.11770,   0.09465,   0.00007
  54.04196,   0.19863,   0.00033
  54.22665,   0.36831,   0.00068
  50.38555,   0.55050,  -0.00092
  52.92161,   0.50539,   0.00092
  51.93865,   0.37631,   0.00068
  51.45108,   0.27985,   0.00046
  50.95063,   0.20790,   0.00022
  52.91386,   0.54950,  -0.00051
  54.43500,   0.46788,  -0.00034
  41.49380,   0.17457,  -0.00055
  42.02865,   0.16730,  -0.00035
  42.70010,   0.16622,  -0.00032
  42.56709,   0.24738,  -0.00004
  41.77019,   0.38023,   0.00029
  41.37244,   0.53335,  -0.00021
  39.74425,   0.50168,  -0.00010
  48.59262,   0.56542,  -0.00068
  49.15009,   0.47713,  -0.00055
  49.76992,   0.50812,  -0.00026
  50.43097,   0.61735,   0.00001
  50.31182,   0.73832,   0.00024
  49.93973,   0.77730,   0.00016
  49.47507,   0.72902,  -0.00014
  54.07477,   0.63426,   0.00066
  54.88190,   0.38242,   0.00039
  50.13259,   0.63279,  -0.00145
  50.43763,   0.73637,  -0.00133
  32.31619,   0.50555,  -0.00004
  32.20474,   0.51756,   0.00021
  31.73172,   0.42511,   0.00030
  31.12618,   0.43017,   0.00046
  45.91883,   0.34735,   0.00060
  44.98399,   0.32143,   0.00056
  43.80810,   0.26449,   0.00040
  42.87673,   0.15201,   0.00022
  42.75436,   0.02612,   0.00010
  43.24047,  -0.04304,   0.00013
  53.05065,   0.30377,   0.00198
  53.14203,   0.38260,   0.00213
  39.94848,   0.29733,   0.00082
  38.00578,   0.31551,   0.00074
  35.47079,   0.21846,   0.00042
  33.90475,  -0.01047,   0.00008
  36.58335,  -0.04260,  -0.00014
  37.03398,   0.01557,   0.00001
  38.11318,   0.17724,   0.00031
  38.89316,   0.30660,   0.00047
  39.61298,   0.32398,   0.00042
  39.78176,   0.22690,   0.00017
  39.92410,   0.12013,  -0.00021
  41.59820,   0.09778,  -0.00040
  42.19212,   0.19984,  -0.00039
  42.63773,   0.27657,  -0.00034
  43.31614,   0.32263,  -0.00009
  43.81775,   0.28141,   0.00018
  43.55190,   0.33377,   0.00059
  43.77169,   0.38087,   0.00071
  43.51618,   0.48172,   0.00099
  42.52387,   0.54955,   0.00074
  41.20217,   0.49235,   0.00029
  40.00367,   0.25150,  -0.00043
  40.16124,   0.04421,  -0.00089
  41.31829,  -0.01344,  -0.00099
  41.96669,   0.06552,  -0.00104
  42.75034,   0.34772,  -0.00045
  42.13720,   0.52718,   0.00001
  40.10740,   0.56660,   0.00013
  37.89216,   0.38491,   0.00006
  36.11797,   0.20453,  -0.00003
  35.38130,   0.26379,   0.00026
  35.96045,   0.31266,   0.00047
  37.18308,   0.39992,   0.00081
  37.57920,   0.37352,   0.00092
  38.85585,   0.35443,   0.00106
  40.26107,   0.37519,   0.00098
  42.63816,   0.38183,   0.00078
  42.53529,   0.51835,   0.00057
  41.63987,   0.60250,   0.00025
  42.09152,   0.50524,  -0.00044
  41.25819,   0.36990,  -0.00083
  41.55744,   0.33560,  -0.00079
  42.53116,   0.36388,  -0.00063
  43.49487,   0.54281,  -0.00030
  43.20005,   0.72634,   0.00018
  41.98036,   0.76645,   0.00009
  41.08487,   0.61548,  -0.00033
  39.79591,   0.37891,  -0.00088
  40.42001,   0.23128,  -0.00119
  40.84335,   0.27656,  -0.00098
  41.21410,   0.38168,  -0.00078
  41.85026,   0.58258,  -0.00012
  41.64042,   0.67808,   0.00046
  40.62304,   0.74852,   0.00075
  39.75303,   0.69923,   0.00083
  38.90033,   0.68266,   0.00083
  38.29607,   0.73473,   0.00092
  37.53502,   0.72992,   0.00076
  37.43699,   0.65686,   0.00054
  37.46807,   0.50128,   0.00017
  39.36804,   0.43327,   0.00012
  41.56245,   0.51784,   0.00025
  43.67191,   0.63446,   0.00036
  44.10106,   0.79458,   0.00048
  43.64377,   0.79209,   0.00035
  44.19964,   0.67935,  -0.00002
  43.93023,   0.44566,  -0.00028
  44.31903,   0.30220,  -0.00028
  44.71722,   0.41077,   0.00030
  45.66694,   0.53666,   0.00072
  46.01824,   0.61781,   0.00103
  45.16604,   0.57114,   0.00113
  44.79871,   0.43472,   0.00089
  45.27965,   0.30454,   0.00054
  44.95026,   0.26244,   0.00023
  44.43552,   0.30011,   0.00007
  44.14801,   0.24718,  -0.00041
  43.84654,   0.22138,  -0.00034
  43.58211,   0.16310,  -0.00014
  43.08115,   0.24689,   0.00008
  42.88632,   0.34110,   0.00045
  42.05116,   0.46476,   0.00070
  40.67813,   0.52791,   0.00083
  38.87909,   0.42846,   0.00061
  49.06235,   0.75860,  -0.00157
  48.65451,   0.52407,   0.00257
  49.80378,   0.52008,   0.00261
  50.80011,   0.59320,   0.00275
  51.23689,   0.71923,   0.00295
  51.20091,   0.80836,   0.00311
  51.11599,   0.80216,   0.00311
  51.68981,   0.77385,  -0.00079
  51.14756,   0.69447,  -0.00099
  51.67828,   0.54730,  -0.00085
  51.17953,   0.59330,  -0.00089
  50.64065,   0.78058,  -0.00110
  50.55616,   0.75437,  -0.00117
  37.89736,   0.41432,  -0.00011
  38.44612,   0.37777,  -0.00027
  38.63426,   0.42927,  -0.00042
  38.34878,   0.45269,  -0.00058
  36.94336,   0.39697,  -0.00102
  35.29869,   0.26552,  -0.00120
  34.30822,   0.07978,  -0.00123
  34.17914,   0.02786,  -0.00117
  30.45464,   0.09381,  -0.00036
  31.23998,   0.27500,   0.00024
  31.19202,   0.43180,   0.00070
  29.28395,   0.46655,   0.00097
  28.01183,   0.30840,   0.00073
  27.33808,   0.10677,   0.00029
  27.16078,  -0.02882,  -0.00012
  28.07229,  -0.00845,  -0.00033
  29.45440,   0.13619,  -0.00035
  29.85362,   0.16788,  -0.00067
  30.77335,   0.20578,  -0.00059
  31.50397,   0.17787,  -0.00060
  50.77444,   0.70859,   0.00029
  50.84803,   0.75568,   0.00024
  50.34979,   0.79893,   0.00014
  49.96649,   0.80269,   0.00015
  49.87114,   0.69802,  -0.00004
  50.34696,   0.61249,  -0.00002
  52.01569,   0.55935,   0.00007
  53.52243,   0.65126,   0.00034
  53.91070,   0.81042,   0.00070
  53.32724,   0.93680,   0.00084
  52.33179,   0.91020,   0.00067
  51.58097,   0.79427,   0.00039
  50.43211,   0.65408,   0.00236
  50.44786,   0.61707,   0.00235
  51.42783,   0.69676,   0.00241
  51.10728,   0.76501,   0.00258
  50.76671,   0.80908,   0.00274
  50.42848,   0.80674,   0.00280
  50.61345,   0.75506,   0.00275
  50.91926,   0.71021,   0.00262
  52.26006,   0.79022,   0.00062
  52.51160,   0.79808,   0.00046
  51.84922,   0.56383,  -0.00126
  52.61530,   0.53642,  -0.00124
  53.80826,   0.48773,  -0.00114
  55.04678,   0.49015,  -0.00101
  55.88245,   0.57685,  -0.00067
  55.70261,   0.67619,  -0.00047
  54.84472,   0.72101,  -0.00047
  54.04309,   0.65811,  -0.00064
  53.62848,   0.51914,  -0.00099
  53.73235,   0.37586,  -0.00135
  54.01410,   0.34637,  -0.00148
  54.32747,   0.43386,  -0.00146
  54.97014,   0.66131,  -0.00172
  54.41820,   0.72328,  -0.00174
  51.36083,   0.67071,   0.00190
  50.96114,   0.60719,   0.00176
  50.50670,   0.55680,   0.00163
  50.03537,   0.56447,   0.00161
  49.29426,   0.59172,   0.00166
  48.77536,   0.60649,   0.00179
  48.55259,   0.60170,   0.00195
  48.98757,   0.56845,   0.00207
  49.61481,   0.56680,   0.00216
  49.93858,   0.61516,   0.00225
  49.68641,   0.68218,   0.00223
  49.19231,   0.71657,   0.00213
  49.06087,   0.65801,   0.00192
  49.34442,   0.58142,   0.00177
  50.02052,   0.53479,   0.00170
  50.64732,   0.57371,   0.00175
  50.77533,   0.66155,   0.00186
  33.13544,   0.57706,  -0.00094
  32.51667,   0.57056,  -0.00106
  31.88774,   0.45930,  -0.00127
  31.12139,   0.21259,  -0.00183
  52.80538,   0.51946,  -0.00133
  53.36788,   0.51373,  -0.00146
  53.43813,   0.53570,  -0.00136
  53.63392,   0.56430,  -0.00117
  53.34616,   0.51815,  -0.00111
  53.63753,   0.45152,  -0.00097
  53.81935,   0.42777,  -0.00084
  53.84349,   0.49038,  -0.00066
  52.69110,   0.53626,  -0.00053
  51.34344,   0.51194,  -0.00050
  50.16060,   0.43739,  -0.00054
  50.47547,   0.29922,  -0.00057
  51.55349,   0.24417,  -0.00045
  51.70734,   0.35139,  -0.00014
  51.70004,   0.50376,   0.00008
  50.96402,   0.54270,  -0.00002
  49.88644,   0.50512,  -0.00025
  49.30510,   0.36381,  -0.00063
  50.45783,   0.21338,  -0.00112
  51.63564,   0.20492,  -0.00111
  52.84293,   0.32524,  -0.00080
  53.11944,   0.49448,  -0.00031
  52.90078,   0.58961,   0.00008
  52.63786,   0.58462,   0.00031
  53.15871,   0.55525,   0.00052
  53.21398,   0.51988,   0.00041
  52.86715,   0.55031,   0.00027
  52.72122,   0.57127,   0.00022
  52.25769,   0.52955,  -0.00004
  52.47405,   0.48731,  -0.00015
  52.77073,   0.41834,  -0.00029
  53.62305,   0.45126,  -0.00014
  53.75421,   0.56939,   0.00007
  52.86195,   0.68678,   0.00025
  31.33561,   0.36544,  -0.00044
  29.00690,   0.20946,  -0.00067
  27.29933,  -0.05283,  -0.00098
  26.24027,  -0.16861,  -0.00106
  25.80162,  -0.20818,  -0.00080
  27.28093,  -0.06340,  -0.00038
  28.69784,   0.12625,   0.00011
  28.35162,   0.11931,   0.00034
  28.51413,   0.04144,   0.00028
  28.28697,  -0.09731,   0.00016
  28.51931,  -0.17502,   0.00005
  28.31433,  -0.12562,   0.00008
  40.26910,  -0.13096,   0.00063
  40.48673,  -0.08716,   0.00068
  40.45056,  -0.04846,   0.00084
  41.25446,  -0.11661,   0.00084
  42.02441,  -0.13183,   0.00077
  42.39324,  -0.07597,   0.00094
  42.09595,  -0.02437,   0.00060
  41.27024,  -0.07162,   0.00010
  40.83756,  -0.30284,  -0.00053
  41.01928,  -0.51982,  -0.00111
  42.13869,  -0.63442,  -0.00121
  43.56515,  -0.53783,  -0.00088
  44.23025,  -0.32438,  -0.00040
  43.75400,  -0.12725,   0.00009
  42.21044,  -0.10247,   0.00030
  40.27262,  -0.19620,   0.00034
  38.83476,  -0.31556,   0.00039
  37.84865,  -0.42184,   0.00030
  37.73915,  -0.36638,   0.00037
  37.02750,  -0.30551,   0.00047
  38.06586,  -0.20691,   0.00066
  39.19596,  -0.18352,   0.00073
  39.69870,  -0.23513,   0.00050
  41.06565,  -0.23151,   0.00028
  40.82549,  -0.12432,   0.00017
  40.06477,  -0.02671,   0.00003
  39.61123,  -0.06882,  -0.00039
  39.34209,  -0.17347,  -0.00054
  39.98294,  -0.32857,  -0.00055
  40.75363,  -0.26004,  -0.00026
  41.95537,  -0.12831,   0.00038
  42.73291,   0.08097,   0.00056
  42.74322,   0.18466,   0.00048
  42.83125,   0.04252,   0.00017
  42.29114,  -0.17047,  -0.00040
  42.24087,  -0.36415,  -0.00085
  43.47548,  -0.41847,  -0.00109
  44.31493,  -0.26861,  -0.00091
  44.28680,  -0.13693,  -0.00074
  43.91894,  -0.03774,  -0.00046
  42.35428,   0.01691,  -0.00025
  40.80011,  -0.08200,  -0.00039
  38.93213,  -0.15806,  -0.00067
  36.92783,  -0.13461,  -0.00074
  35.34995,  -0.14422,  -0.00107
  34.36924,  -0.21111,  -0.00132
  33.08588,  -0.35664,  -0.00171
  34.09370,  -0.45433,  -0.00168
  35.63421,  -0.40328,  -0.00145
  37.21326,  -0.21440,  -0.00110
  37.32646,   0.04275,  -0.00074
  36.46009,   0.14796,  -0.00065
  35.82027,   0.06151,  -0.00086
  35.55552,  -0.00946,  -0.00093
  35.79577,  -0.13113,  -0.00099
  37.03472,  -0.06055,  -0.00079
  38.31792,   0.14814,  -0.00016
  39.78559,   0.34237,   0.00005
  40.53068,   0.39700,  -0.00005
  41.19047,   0.27712,  -0.00039
  41.29092,   0.13271,  -0.00096
  41.37902,   0.07265,  -0.00146
  42.65621,   0.05639,  -0.00193
  42.86903,   0.15722,  -0.00197
  43.29035,   0.19201,  -0.00183
  42.95750,   0.13213,  -0.00173
  32.18245,   0.24744,  -0.00145
  32.63202,   0.26309,  -0.00108
  32.44125,   0.35279,  -0.00074
  31.07719,   0.45656,  -0.00037
  29.61847,   0.39120,  -0.00039
  28.62758,   0.21741,  -0.00055
  28.31421,   0.04285,  -0.00088
  29.56211,  -0.03056,  -0.00079
  31.55183,   0.10170,  -0.00042
  32.83910,   0.27809,  -0.00018
  33.32485,   0.41837,  -0.00005
  32.80500,   0.41503,   0.00002
  31.75264,   0.27361,  -0.00021
  31.53272,   0.21307,  -0.00052
  31.07155,   0.13993,  -0.00077
  31.03329,   0.17130,  -0.00088
  31.11626,   0.20227,  -0.00086
  31.98143,   0.20328,  -0.00085
  33.17689,   0.14667,  -0.00086
  34.19736,   0.11746,  -0.00086
  34.01102,   0.11038,  -0.00081
  33.96611,   0.20715,  -0.00087
  32.88707,   0.27870,  -0.00092
  55.54268,   0.39953,  -0.00206
  55.21882,   0.32644,  -0.00216
  49.26084,   0.42790,  -0.00037
  49.67510,   0.43483,  -0.00010
  49.68591,   0.56864,   0.00038
  48.95815,   0.71683,   0.00067
  51.20674,   0.89261,  -0.00148
  49.79435,   0.82517,  -0.00175
  48.94904,   0.67993,  -0.00221
  48.89653,   0.56999,  -0.00264
  48.88181,   0.54096,  -0.00286
  49.03488,   0.63572,  -0.00273
  48.94686,   0.73381,  -0.00247
  48.58623,   0.73233,  -0.00236
  49.00991,   0.73026,  -0.00223
  49.45283,   0.68341,  -0.00218
  49.68967,   0.67662,  -0.00216
  49.94274,   0.75024,  -0.00197
  49.46193,   0.76274,  -0.00205
  49.42778,   0.70013,  -0.00222
  49.81762,   0.58394,  -0.00227
  51.20127,   0.49582,  -0.00234
  52.58488,   0.51568,  -0.00225
  52.73758,   0.60060,  -0.00204
  52.28523,   0.70865,  -0.00197
  51.15362,   0.72231,  -0.00212
  50.29491,   0.60856,  -0.00254
  49.86528,   0.44431,  -0.00293
  50.09768,   0.33661,  -0.00315
  50.44395,   0.39264,  -0.00303
  50.58315,   0.49473,  -0.00276
  50.35932,   0.57107,  -0.00250
  49.67373,   0.57957,  -0.00232
  49.78088,   0.47915,  -0.00243
  50.09298,   0.37667,  -0.00264
  50.36800,   0.34990,  -0.00275
  50.26488,   0.40141,  -0.00272
  50.10384,   0.47018,  -0.00259
  50.00292,   0.44307,  -0.00254
  50.58077,   0.42657,  -0.00235
  46.47673,   0.35212,   0.00024
  47.39440,   0.46134,   0.00062
  50.25282,   0.47122,   0.00122
  49.44242,   0.58487,   0.00122
  37.98907,   0.25008,   0.00018
  37.42006,   0.09856,  -0.00027
  49.06597,   0.35522,  -0.00099
  49.96299,   0.34021,  -0.00109
  42.57040,  -0.04716,  -0.00081
  44.51066,   0.20731,  -0.00056
  39.48740,   0.72365,  -0.00245
  38.95003,   0.71481,  -0.00235
  38.23935,   0.61175,  -0.00245
  38.75268,   0.55078,  -0.00257
  38.33393,   0.51946,  -0.00260
  37.93195,   0.55866,  -0.00241
  37.53398,   0.59572,  -0.00204
  37.58029,   0.57740,  -0.00175
  48.07411,   0.72161,  -0.00130
  48.42781,   0.70864,  -0.00129
  57.05320,   0.25278,   0.00078
  56.28857,   0.29859,   0.00070
  52.74296,   0.70771,  -0.00158
  51.60757,   0.66012,  -0.00179
  52.55564,   0.41121,  -0.00198
  53.05994,   0.32457,  -0.00206
  41.30707,  -0.08231,  -0.00090
  42.00918,   0.09090,  -0.00045
  41.72795,   0.27701,   0.00005
  40.94988,   0.32671,   0.00015
  40.16220,   0.24898,   0.00008
  39.43091,   0.01441,  -0.00036
  40.47005,  -0.12739,  -0.00054
  41.68227,  -0.14770,  -0.00066
  43.23346,  -0.10741,  -0.00057
  44.69357,   0.03677,  -0.00034
  45.52733,   0.04207,  -0.00032
  45.88088,   0.01213,  -0.00030
  46.29544,   0.01286,  -0.00035
  46.15641,   0.05051,  -0.00037
  45.29560,   0.10653,  -0.00042
  43.72059,   0.11827,  -0.00061
  42.43150,   0.04057,  -0.00082
  41.20265,  -0.04620,  -0.00089
  41.72026,  -0.15107,  -0.00090
  42.71142,  -0.12068,  -0.00076
  40.21623,   0.11554,  -0.00087
  40.12311,   0.27282,  -0.00067
  38.85811,   0.27564,  -0.00068
  37.97949,   0.06269,  -0.00131
  37.35342,  -0.12096,  -0.00148
  37.61735,  -0.19115,  -0.00139
  38.44615,  -0.07286,  -0.00096
  39.50531,   0.10614,  -0.00029
  39.94276,   0.23753,   0.00031
  39.08672,   0.26613,   0.00070
  38.81482,   0.16336,   0.00065
  39.83275,   0.09025,   0.00062
  40.02171,   0.07133,   0.00026
  40.29070,   0.10661,  -0.00009
  40.73339,   0.01040,  -0.00056
  41.09569,  -0.04552,  -0.00081
  41.56264,  -0.19694,  -0.00122
  42.55528,  -0.22919,  -0.00121
  43.68628,  -0.13069,  -0.00099
  43.17334,   0.02675,  -0.00077
  42.10944,   0.09974,  -0.00041
  39.70299,   0.02382,  -0.00051
  30.94477,  -0.16377,  -0.00059
  30.12766,  -0.36650,  -0.00077
  30.34076,  -0.42467,  -0.00069
  30.64029,  -0.34731,  -0.00029
  31.45808,  -0.15768,   0.00017
  31.50589,  -0.03109,   0.00050
  30.58328,  -0.10573,   0.00030
  29.36339,  -0.20285,   0.00010
  28.09178,  -0.27585,  -0.00013
  27.75010,  -0.27674,  -0.00037
  27.05786,  -0.17738,  -0.00028
  26.73515,  -0.09645,  -0.00009
  26.09106,  -0.07685,   0.00004
  26.59085,  -0.11864,   0.00015
  27.43524,  -0.09039,   0.00041
  28.25394,  -0.01939,   0.00038
  28.38375,   0.08147,   0.00029
  28.60205,   0.03010,   0.00008
  28.51112,  -0.04861,  -0.00021
  29.11053,  -0.20223,  -0.00045
  31.05346,  -0.29629,  -0.00060
  33.05798,  -0.21800,  -0.00030
  34.59366,  -0.00791,   0.00025
  34.87326,   0.19238,   0.00093
  34.04414,   0.22539,   0.00113
  32.64990,   0.08851,   0.00097
  31.61826,  -0.01765,   0.00079
  30.89677,  -0.17133,   0.00044
  29.96165,  -0.23265,   0.00030
  30.55030,  -0.17218,   0.00029
  31.50458,  -0.10726,   0.00038
  30.52885,  -0.16505,   0.00009
  30.74867,  -0.23141,   0.00011
  30.79672,  -0.26396,   0.00008
  42.57601,  -0.31753,   0.00040
  41.34091,  -0.26743,   0.00053
  39.82282,  -0.26783,   0.00064
  37.91456,  -0.26900,   0.00073
  37.98874,  -0.41206,   0.00097
  39.22813,  -0.49080,   0.00126
  40.44939,  -0.33362,   0.00182
  42.22003,  -0.13237,   0.00213
  42.84889,  -0.05709,   0.00224
  42.56560,  -0.06248,   0.00189
  42.83414,  -0.27562,   0.00125
  43.88170,  -0.45469,   0.00061
  45.52387,  -0.52484,   0.00015
  46.98941,  -0.38099,   0.00021
  47.97754,  -0.14923,   0.00048
  47.92775,  -0.02290,   0.00068
  47.05199,  -0.02016,   0.00074
  45.78374,  -0.13008,   0.00056
  45.46951,  -0.14715,   0.00055
  44.22582,  -0.19223,   0.00024
  43.39214,  -0.21907,   0.00014
  42.95137,  -0.22212,   0.00004
  56.16555,   0.03786,   0.00036
  56.85266,  -0.02559,   0.00037
  57.49738,  -0.02191,   0.00047
  57.86498,   0.07367,   0.00077
  57.55618,   0.40485,   0.00085
  56.29149,   0.46539,   0.00094
  55.01073,   0.24313,   0.00113
  54.67987,   0.10396,   0.00090
  55.05080,  -0.02795,   0.00071
  55.53239,  -0.04822,   0.00071
  55.71208,   0.04732,   0.00083
  55.54120,   0.16332,   0.00091
  55.36837,   0.20338,   0.00082
  55.39446,   0.14801,   0.00055
  56.22104,   0.03368,   0.00012
  56.58945,  -0.05666,  -0.00026
  28.76254,  -0.33321,  -0.00176
  29.08608,  -0.25680,  -0.00176
  29.49779,  -0.20725,  -0.00152
  29.67724,  -0.18159,  -0.00123
  30.08711,  -0.24125,  -0.00100
  30.23821,  -0.15896,  -0.00048
  30.20408,  -0.09109,  -0.00036
  29.46449,  -0.00919,  -0.00041
  28.03749,  -0.03761,  -0.00049
  26.66728,  -0.17486,  -0.00088
  25.91392,  -0.37607,  -0.00147
  26.46290,  -0.48270,  -0.00165
  27.77571,  -0.38839,  -0.00148
  28.78028,  -0.18115,  -0.00122
  28.69276,   0.02236,  -0.00079
  27.53817,   0.12307,  -0.00068
  25.82841,   0.01170,  -0.00076
  24.50132,  -0.16426,  -0.00100
  24.23650,  -0.15926,  -0.00098
  24.55238,  -0.12675,  -0.00087
  25.68559,  -0.01650,  -0.00052
  26.60168,   0.02160,  -0.00015
  28.20609,   0.02221,   0.00013
  29.67328,  -0.00925,   0.00023
  31.53926,  -0.04999,   0.00019
  32.18331,   0.05507,   0.00015
  32.10887,   0.17810,   0.00010
  32.59772,   0.13402,  -0.00008
  32.31599,   0.08249,  -0.00026
  32.62946,  -0.05640,  -0.00028
  33.79384,  -0.10136,  -0.00019
  34.86289,   0.06299,   0.00028
  35.32700,   0.22290,   0.00051
  34.49406,   0.29468,   0.00051
  32.95912,   0.17565,   0.00022
  31.45461,  -0.04811,  -0.00033
  31.26859,  -0.25716,  -0.00095
  31.50230,  -0.32176,  -0.00113
  32.30432,  -0.27736,  -0.00108
  32.91781,  -0.11632,  -0.00052
  32.68653,  -0.02366,   0.00006
  31.90487,   0.01631,   0.00038
  30.91684,  -0.05216,   0.00058
  30.05082,  -0.07915,   0.00065
  29.69083,   0.00669,   0.00086
  28.91970,   0.04894,   0.00084
  28.14555,  -0.00882,   0.00071
  28.48669,  -0.10580,   0.00058
  29.82501,  -0.18309,   0.00048
  31.58529,  -0.18916,   0.00035
  33.18236,  -0.03261,   0.00037
  33.64509,   0.14932,   0.00034
  33.40384,   0.15406,   0.00006
  31.88157,   0.07067,  -0.00031
  31.37726,  -0.07841,  -0.00072
  31.75429,  -0.16605,  -0.00086
  35.68676,  -0.26178,  -0.00022
  36.92783,  -0.11653,   0.00011
  37.77753,   0.04235,   0.00050
  36.98792,   0.07654,   0.00092
  36.61536,  -0.02354,   0.00082
  36.80533,  -0.17082,   0.00065
  36.70846,  -0.27862,   0.00034
  36.70572,  -0.28075,   0.00019
  36.61596,  -0.30392,  -0.00003
  36.70176,  -0.26444,   0.00011
  31.97017,  -0.15505,  -0.00023
  32.24257,  -0.20301,  -0.00001
  32.49236,  -0.18791,   0.00019
  31.66003,  -0.05292,   0.00049
  30.61753,   0.01678,   0.00047
  28.70033,  -0.01944,   0.00030
  27.62221,  -0.19619,  -0.00009
  27.73867,  -0.41274,  -0.00048
  28.80252,  -0.50561,  -0.00074
  31.13197,  -0.43434,  -0.00064
  33.15970,  -0.31235,  -0.00036
  34.19482,  -0.12245,   0.00001
  33.92506,  -0.08348,   0.00011
  33.62495,  -0.19133,  -0.00011
  33.84964,  -0.26298,  -0.00023
  33.72448,  -0.30349,  -0.00039
  33.96268,  -0.24010,  -0.00038
  34.29186,  -0.14381,  -0.00007
  37.42256,  -0.18309,   0.00054
  37.71295,  -0.22116,   0.00050
  38.20391,  -0.27489,   0.00029
  38.55148,  -0.26472,   0.00007
  38.59509,  -0.22993,  -0.00029
  35.80342,  -0.11753,  -0.00129
  34.28162,  -0.11190,  -0.00152
  33.06606,  -0.20916,  -0.00165
  33.18208,  -0.24693,  -0.00183
  33.77602,  -0.22776,  -0.00150
  33.99802,  -0.02395,  -0.00077
  34.25992,   0.19614,  -0.00019
  33.50587,   0.31690,   0.00017
  31.89147,   0.27244,   0.00028
  30.85297,   0.10748,  -0.00001
  32.48853,  -0.09921,   0.00022
  32.68057,  -0.08440,  -0.00049
  34.78842,   0.05947,  -0.00039
  36.70490,   0.24247,  -0.00016
  37.70288,   0.25952,  -0.00028
  38.12441,   0.26966,  -0.00027
  38.20460,   0.24353,  -0.00045
  39.20420,   0.32348,  -0.00050
  38.48570,   0.35285,  -0.00077
  37.54453,   0.34613,  -0.00107
  36.88082,   0.26060,  -0.00128
  36.52942,   0.17914,  -0.00142
  37.80911,   0.04558,  -0.00154
  39.62294,   0.04043,  -0.00149
  40.61539,   0.14699,  -0.00119
  40.72841,   0.28893,  -0.00100
  39.55706,   0.31261,  -0.00098
  38.47040,   0.19994,  -0.00139
  36.92370,   0.00957,  -0.00158
  36.29586,  -0.10721,  -0.00158
  36.91814,   0.02258,  -0.00130
  36.61272,   0.18291,  -0.00082
  36.80768,   0.32314,  -0.00038
  35.40774,   0.38398,  -0.00020
  34.69864,   0.29787,  -0.00037
  45.50296,   0.12254,  -0.00066
  45.52783,   0.05002,  -0.00107
  46.01177,   0.06502,  -0.00123
  46.88431,   0.14617,  -0.00133
  47.92951,   0.12314,  -0.00162
  48.97339,   0.11042,  -0.00168
  49.86623,   0.12249,  -0.00170
  51.04237,   0.18201,  -0.00136
  52.14179,   0.37721,  -0.00065
  51.14873,   0.48706,  -0.00052
  50.24611,   0.47744,  -0.00052
  49.07199,   0.30689,  -0.00084
  48.98987,   0.14454,  -0.00103
  49.91048,   0.04693,  -0.00113
  50.94717,   0.11721,  -0.00093
  51.66673,   0.25698,  -0.00066
  50.91175,   0.51833,  -0.00113
  50.71020,   0.32383,  -0.00086
  40.97864,   0.24900,  -0.00160
  39.29638,   0.11182,  -0.00202
  37.78624,   0.06336,  -0.00221
  36.98840,   0.10962,  -0.00229
  35.10622,   0.18689,  -0.00213
  34.64208,   0.17262,  -0.00184
  34.36000,   0.09496,  -0.00158
  33.50402,   0.09810,  -0.00130
  44.62917,   0.07292,  -0.00066
  44.48455,   0.10922,  -0.00064
  43.92337,   0.09540,  -0.00078
  43.21305,  -0.00794,  -0.00114
  39.80595,  -0.09633,  -0.00217
  40.49376,  -0.18752,  -0.00221
  41.99422,  -0.15028,  -0.00196
  43.14235,   0.04449,  -0.00150
  43.15387,   0.26212,  -0.00091
  41.94466,   0.35588,  -0.00088
  40.18881,   0.26009,  -0.00129
  31.85250,   0.07628,  -0.00145
  31.03580,  -0.11187,  -0.00216
  31.23597,  -0.16538,  -0.00261
  31.25979,  -0.18917,  -0.00283
  32.32060,  -0.06072,  -0.00271
  33.15668,  -0.02002,  -0.00249
  30.67815,  -0.05786,  -0.00240
  30.38837,  -0.09838,  -0.00230
  29.40935,  -0.06066,  -0.00216
  28.23103,   0.05680,  -0.00194
  26.61320,   0.10705,  -0.00173
  25.43348,   0.05127,  -0.00152
  23.93438,   0.03407,  -0.00114
  24.79962,  -0.05006,  -0.00082
  26.42796,   0.00780,  -0.00045
  26.48135,   0.12932,  -0.00008
  27.19508,   0.29591,   0.00012
  26.56747,   0.32636,   0.00000
  25.22179,   0.09928,  -0.00082
  24.86009,  -0.08509,  -0.00136
  25.67511,  -0.16299,  -0.00165
  27.37117,  -0.07990,  -0.00171
  28.95442,   0.12352,  -0.00125
  29.95058,   0.26990,  -0.00069
  29.52933,   0.30498,  -0.00026
  29.46061,   0.16587,  -0.00027
  30.02974,   0.11994,  -0.00019
  30.09891,   0.05669,  -0.00045
  52.79694,   0.12184,  -0.00098
  52.54072,   0.15242,  -0.00105
  52.62984,   0.13037,  -0.00103
  52.92060,   0.01455,  -0.00116
  54.37813,  -0.00087,  -0.00098
  55.11324,   0.09837,  -0.00069
  54.40329,   0.24498,  -0.00048
  52.16444,   0.35867,  -0.00037
  49.55143,   0.32198,  -0.00052
  48.09876,   0.19766,  -0.00089
  47.81998,  -0.00200,  -0.00118
  48.68209,  -0.08046,  -0.00125
  49.28145,   0.01217,  -0.00099
  49.75004,   0.20931,  -0.00063
  49.49637,   0.34320,  -0.00041
  48.99730,   0.27092,  -0.00064
  48.91479,   0.16918,  -0.00087
  48.97724,   0.09017,  -0.00108
  49.80197,   0.10404,  -0.00116
  49.63996,   0.22817,  -0.00096
  49.44513,   0.33767,  -0.00066
  49.26692,   0.37338,  -0.00036
  49.94258,   0.34292,  -0.00019
  50.85743,   0.33363,  -0.00014
  41.37131,   0.35612,   0.00037
  41.66383,   0.44089,   0.00019
  44.08336,   0.27760,   0.00011
  43.38742,   0.18084,  -0.00050
  48.78330,   0.38906,  -0.00124
  49.45288,   0.32602,  -0.00142
  45.05181,  -0.24415,  -0.00171
  45.83698,  -0.08032,  -0.00131
  41.98596,   0.22788,  -0.00140
  40.13451,   0.27056,  -0.00117
  37.62155,   0.13387,  -0.00125
  35.36779,   0.00059,  -0.00144
  33.75136,  -0.10248,  -0.00147
  33.68384,  -0.12917,  -0.00145
  34.61716,  -0.05658,  -0.00113
  34.67601,  -0.00282,  -0.00067
  34.79725,  -0.01763,  -0.00056
  35.52851,  -0.07860,  -0.00051
  36.10445,  -0.11795,  -0.00059
  36.73246,  -0.06550,  -0.00084
  37.09795,   0.01165,  -0.00109
  36.05221,   0.07874,  -0.00131
  35.25946,   0.03983,  -0.00155
  35.19159,  -0.04635,  -0.00179
  35.99116,  -0.08375,  -0.00167
  37.69711,   0.02248,  -0.00137
  39.28403,   0.19220,  -0.00096
  39.33048,   0.34841,  -0.00089
  38.98212,   0.31162,  -0.00113
  37.68190,   0.14428,  -0.00166
  42.82960,  -0.17319,  -0.00169
  43.46113,  -0.26238,  -0.00181
  44.91075,  -0.17250,  -0.00156
  45.92369,   0.07159,  -0.00092
  41.57393,   0.29378,  -0.00093
  40.35716,   0.32612,  -0.00050
  39.03565,   0.31968,  -0.00030
  37.72697,   0.24921,  -0.00035
  41.14558,   0.21962,   0.00015
  40.21934,   0.24040,   0.00008
  35.24769,   0.32548,  -0.00051
  34.62550,   0.22479,  -0.00070
  27.89942,   0.02072,  -0.00070
  29.59065,   0.02179,  -0.00062
  31.21561,   0.14134,  -0.00044
  32.14153,   0.25250,  -0.00033
  31.34205,   0.36505,  -0.00020
  29.63634,   0.30020,  -0.00027
  29.22051,   0.21207,  -0.00045
  29.10881,   0.04196,  -0.00056
  30.48655,   0.01897,  -0.00041
  32.62390,   0.22750,   0.00025
  33.38569,   0.34164,   0.00084
  34.10607,   0.41079,   0.00101
  34.13184,   0.33556,   0.00082
  34.61148,   0.15839,   0.00035
  34.43755,   0.05493,  -0.00019
  34.37867,   0.05509,  -0.00055
  34.44998,   0.04557,  -0.00095
  33.98760,   0.09486,  -0.00095
  33.60694,   0.05707,  -0.00083
  32.97733,   0.05246,  -0.00074
  32.64067,   0.11263,  -0.00031
  32.16082,   0.16310,  -0.00015
  30.98385,   0.23390,  -0.00010
  28.68079,   0.22679,  -0.00009
  27.18537,   0.08349,  -0.00025
  26.79266,  -0.11621,  -0.00039
  27.48253,  -0.20135,  -0.00050
  29.62898,  -0.14157,  -0.00021
  31.43716,  -0.00662,   0.00019
  32.63422,   0.21521,   0.00069
  43.70269,   0.28349,   0.00122
  42.92502,   0.21553,   0.00111
  42.38444,   0.06119,   0.00081
  42.79304,   0.03193,   0.00070
  43.27719,   0.02876,   0.00057
  44.18202,   0.12285,   0.00060
  44.56320,   0.16687,   0.00073
  45.08171,   0.12900,   0.00064
  46.41748,   0.04286,   0.00046
  47.62580,  -0.02535,   0.00016
  48.29257,  -0.02594,  -0.00010
  49.41087,  -0.04777,  -0.00034
  48.79741,  -0.04598,  -0.00048
  48.07479,  -0.14834,  -0.00059
  35.70107,  -0.21368,  -0.00108
  35.92830,  -0.21875,  -0.00070
  35.86493,  -0.09605,   0.00008
  36.04579,   0.08003,   0.00060
  35.17343,   0.20151,   0.00086
  32.78634,   0.15352,   0.00085
  31.04326,  -0.05164,   0.00037
  30.21393,  -0.27727,  -0.00014
  30.14696,  -0.41778,  -0.00069
  31.13981,  -0.32021,  -0.00077
  32.17052,  -0.11293,  -0.00063
  31.86691,  -0.05513,  -0.00080
  31.64160,  -0.04196,  -0.00067
  31.07138,  -0.10494,  -0.00073
  31.19773,  -0.04693,  -0.00070
  30.30183,  -0.01919,  -0.00090
  29.57577,   0.02528,  -0.00104
  29.67069,   0.00305,  -0.00092
  29.83865,  -0.07655,  -0.00089
  31.51563,  -0.18208,  -0.00087
  33.85489,  -0.17666,  -0.00076
  36.32687,  -0.09131,  -0.00039
  37.15988,   0.17167,  -0.00024
  36.51975,   0.33084,  -0.00035
  36.11258,   0.24210,  -0.00077
  34.59553,   0.05586,  -0.00125
  33.92875,  -0.09200,  -0.00157
  34.13468,   0.00465,  -0.00135
  34.83241,   0.16472,  -0.00109
  35.07115,   0.33229,  -0.00073
  32.87086,   0.40042,  -0.00043
  32.17688,   0.28175,  -0.00054
  31.60066,   0.10343,  -0.00089
  31.13501,   0.02357,  -0.00123
  30.93949,  -0.06553,  -0.00149
  30.88890,  -0.00427,  -0.00137
  31.40328,   0.02978,  -0.00111
  31.91166,   0.02336,  -0.00108
  33.31567,  -0.02182,  -0.00067
  34.40031,   0.00788,  -0.00026
  35.30337,   0.23302,   0.00043
  34.93049,   0.35759,   0.00066
  33.99691,   0.37108,   0.00059
  33.42364,   0.26023,   0.00038
  33.80328,   0.00651,  -0.00010
  35.58642,  -0.15293,  -0.00040
  37.80127,  -0.13819,  -0.00046
  40.00659,   0.09267,  -0.00027
  40.96530,   0.33194,  -0.00016
  41.62795,   0.30002,  -0.00064
  40.52200,   0.15371,  -0.00099
  39.10404,  -0.06010,  -0.00134
  37.28551,  -0.05923,  -0.00152
  36.84395,   0.00082,  -0.00139
  40.13804,  -0.00389,  -0.00042
  39.91992,   0.06116,   0.00013
  35.37740,   0.12577,   0.00013
  35.61033,   0.06196,   0.00038
  35.91183,   0.07187,   0.00048
  36.36385,   0.08497,   0.00049
  35.58680,   0.18925,   0.00049
  34.48521,   0.21089,   0.00042
  34.35618,   0.05774,  -0.00013
  34.57897,  -0.04438,  -0.00013
  35.67869,  -0.04288,   0.00000
  36.93084,   0.10839,   0.00030
  37.31543,   0.31373,   0.00065
  36.37315,   0.43502,   0.00083
  35.21434,   0.39872,   0.00089
  33.89601,   0.19468,   0.00049
  33.65631,  -0.01499,  -0.00003
  35.09683,  -0.11294,  -0.00028
  36.67811,  -0.04269,  -0.00034
  38.25107,   0.08774,  -0.00011
  38.80925,   0.06565,   0.00005
  38.82356,   0.03642,   0.00013
  39.51382,  -0.00424,   0.00020
  39.17870,  -0.03182,   0.00011
  38.18709,  -0.00129,   0.00004
  37.02867,   0.03623,   0.00014
  35.40435,  -0.01948,   0.00007
  34.27009,  -0.16679,   0.00002
  32.70336,  -0.22496,   0.00009
  33.33720,  -0.24843,   0.00010
  33.96628,  -0.15532,   0.00015
  33.24865,  -0.08560,   0.00018
  31.94996,  -0.04186,   0.00002
  30.12493,  -0.17669,  -0.00052
  28.94082,  -0.36971,  -0.00083
  28.70131,  -0.50588,  -0.00098
  29.40310,  -0.44047,  -0.00087
  30.25893,  -0.27634,  -0.00039
  39.14649,  -0.04170,   0.00011
  39.12158,   0.03926,   0.00059
  38.87483,  -0.02746,   0.00072
  39.23126,  -0.09559,   0.00087
  39.63715,  -0.16425,   0.00058
  40.37576,  -0.10989,   0.00035
  41.80251,  -0.07726,   0.00025
  42.50627,  -0.08729,  -0.00013
  43.97624,  -0.10550,  -0.00021
  45.41129,  -0.12371,  -0.00017
  46.69327,  -0.08205,  -0.00009
  46.83059,   0.06561,   0.00004
  45.59990,   0.20638,   0.00006
  44.28837,   0.20993,  -0.00003
  42.30346,   0.05645,  -0.00029
  41.28712,  -0.14149,  -0.00049
  34.26798,  -0.42746,   0.00043
  35.59477,  -0.40145,   0.00072
  37.14006,  -0.21088,   0.00123
  37.15385,  -0.11068,   0.00152
  36.94926,  -0.04913,   0.00177
  36.03555,  -0.15706,   0.00177
  46.06411,  -0.27780,   0.00113
  45.78478,  -0.33889,   0.00114
  52.53609,   0.51074,  -0.00047
  55.11339,   0.24775,   0.00191
  31.81162,   0.03032,   0.00148
  31.97836,   0.01341,   0.00169
  32.57787,  -0.01282,   0.00173
  33.25587,   0.03987,   0.00179
  33.42187,   0.13428,   0.00148
  32.87161,   0.21504,   0.00104
  32.79650,   0.07250,   0.00042
  32.74569,  -0.06398,  -0.00001
  33.61780,  -0.18390,  -0.00021
  35.68117,  -0.15215,  -0.00023
  37.06700,   0.02555,   0.00008
  37.48954,   0.26405,   0.00049
  37.24849,   0.43832,   0.00101
  35.44229,   0.37523,   0.00096
  33.62267,   0.17546,   0.00066
  32.92353,   0.09619,   0.00060
  32.66642,   0.05074,   0.00042
  33.11648,   0.13915,   0.00049
  32.93705,   0.19118,   0.00053
  33.55438,   0.25948,   0.00067
  33.88242,   0.24156,   0.00067
  33.98318,   0.20847,   0.00028
  33.53258,   0.22601,   0.00010
  32.52456,   0.28998,  -0.00004
  31.39963,   0.34678,  -0.00021
  30.38157,   0.27793,  -0.00025
  30.17663,   0.14013,  -0.00021
  30.34790,   0.14973,  -0.00003
  32.10484,   0.15652,   0.00015
  33.28435,   0.29401,   0.00068
  33.92958,   0.44462,   0.00084
  33.66403,   0.48749,   0.00074
  33.70099,   0.31751,   0.00028
  33.76976,   0.11858,  -0.00025
  34.85639,  -0.01108,  -0.00064
  36.92966,  -0.00803,  -0.00087
  38.31013,   0.16816,  -0.00063
  38.71009,   0.34073,  -0.00032
  37.69708,   0.44438,  -0.00005
  36.23787,   0.33056,  -0.00017
  34.97431,   0.18663,  -0.00056
  34.09358,   0.19049,  -0.00075
  32.69905,   0.18516,  -0.00118
  31.71649,   0.18621,  -0.00144
  30.99721,   0.06794,  -0.00176
  31.36783,  -0.04454,  -0.00170
  32.06725,  -0.08388,  -0.00155
  32.89673,  -0.00732,  -0.00143
  32.52324,   0.15772,  -0.00109
  30.99927,   0.31546,  -0.00075
  29.55367,   0.35700,  -0.00067
  27.62953,   0.21837,  -0.00065
  26.89540,   0.05604,  -0.00068
  27.63440,   0.10488,  -0.00043
  29.36663,   0.23698,  -0.00012
  31.04160,   0.47875,   0.00022
  31.18030,   0.57817,   0.00040
  30.68863,   0.59872,   0.00022
  32.50256,   0.50235,  -0.00063
  32.37759,   0.38921,  -0.00133
  32.56709,   0.39300,  -0.00182
  34.19242,   0.43544,  -0.00226
  34.63652,   0.55771,  -0.00225
  34.84921,   0.56779,  -0.00199
  34.96898,   0.59849,  -0.00138
  34.97067,   0.53123,  -0.00108
  34.80929,   0.53442,  -0.00087
  34.19552,   0.66793,  -0.00033
  32.60602,   0.67256,  -0.00039
  31.17817,   0.55957,  -0.00061
  41.70407,   0.19758,  -0.00059
  41.77770,   0.02587,  -0.00074
  39.14835,   0.14565,  -0.00123
  40.70292,   0.32097,  -0.00076
  41.02747,   0.55101,  -0.00024
  39.47620,   0.62501,  -0.00012
  37.27672,   0.63967,  -0.00012
  35.13938,   0.42660,  -0.00043
  33.94105,   0.23615,  -0.00078
  34.10038,   0.30631,  -0.00081
  25.29528,   0.29869,  -0.00074
  26.46001,   0.39805,  -0.00053
  27.98689,   0.43723,  -0.00031
  28.66140,   0.36408,  -0.00025
  29.82373,   0.31164,  -0.00028
  30.74127,   0.33102,  -0.00032
  44.49481,   0.24315,   0.00024
  44.88643,   0.28796,   0.00014
  44.66850,   0.29564,  -0.00004
  44.93491,   0.20133,  -0.00001
  45.52293,   0.11646,   0.00020
  45.89969,   0.22410,   0.00072
  46.51581,   0.37438,   0.00101
  46.31053,   0.52336,   0.00110
  30.50713,   0.66800,   0.00092
  28.99141,   0.50288,   0.00047
  28.21941,   0.27734,  -0.00003
  28.65922,   0.14924,  -0.00052
  29.50028,   0.12842,  -0.00075
  30.52148,   0.30257,  -0.00042
  30.86155,   0.45240,   0.00008
  30.11453,   0.44685,   0.00033
  29.30788,   0.43198,   0.00062
  28.31556,   0.34221,   0.00073
  27.63114,   0.39049,   0.00097
  26.82596,   0.42662,   0.00106
  28.32522,   0.39011,   0.00104
  28.93160,   0.32672,   0.00106
  30.04782,   0.20825,   0.00092
  32.17000,   0.18439,   0.00091
  34.34319,   0.20938,   0.00085
  35.32616,   0.40243,   0.00086
  34.86042,   0.54513,   0.00068
  34.16009,   0.42914,   0.00013
  32.72680,   0.24169,  -0.00037
  32.58904,   0.13063,  -0.00070
  33.00748,   0.06358,  -0.00090
  33.75480,   0.15206,  -0.00082
  33.33315,   0.31573,  -0.00037
  33.08335,   0.39522,  -0.00020
  41.42471,   0.41565,  -0.00049
  39.88624,   0.24463,  -0.00085
  39.46438,   0.10330,  -0.00123
  38.90095,   0.05435,  -0.00152
  29.49426,   0.02127,  -0.00138
  29.32049,   0.09991,  -0.00114
  29.42615,   0.12053,  -0.00080
  29.25323,   0.14387,  -0.00057
  29.42370,   0.16015,  -0.00026
  28.96334,   0.31354,   0.00018
  28.02236,   0.43471,   0.00021
  26.52326,   0.49350,   0.00001
  24.91830,   0.39569,  -0.00031
  24.60979,   0.20803,  -0.00072
  25.56922,   0.06832,  -0.00110
  27.79404,   0.09347,  -0.00122
  30.03694,   0.27482,  -0.00108
  31.31457,   0.41966,  -0.00087
  31.32828,   0.52850,  -0.00068
  31.38509,   0.49658,  -0.00076
  30.79667,   0.33028,  -0.00098
  30.75994,   0.21011,  -0.00119
  31.88789,   0.30152,  -0.00094
  32.56125,   0.39659,  -0.00070
  32.40953,   0.46868,  -0.00024
  32.96802,   0.44633,   0.00004
  33.65857,   0.35646,   0.00009
  34.25458,   0.29111,  -0.00005
  34.46392,   0.32094,  -0.00033
  33.69212,   0.40987,  -0.00058
  32.56887,   0.33585,  -0.00103
  30.97075,   0.23670,  -0.00150
  30.41234,   0.08820,  -0.00147
  30.90353,   0.01930,  -0.00129
  31.32820,   0.19853,  -0.00093
  31.56020,   0.36779,  -0.00045
  30.61258,   0.50489,  -0.00004
  28.89958,   0.51367,   0.00018
  36.97468,   0.50642,  -0.00044
  43.77823,   0.21746,  -0.00028
  44.62114,   0.08782,  -0.00044
  43.03152,   0.12926,  -0.00018
  45.14473,   0.28844,   0.00015
  46.73036,   0.41941,   0.00032
  47.01879,   0.50929,   0.00047
  46.70372,   0.48745,   0.00042
  47.24068,   0.44348,   0.00020
  47.44611,   0.47300,   0.00016
  46.31973,   0.51451,  -0.00005
  45.30814,   0.51848,  -0.00025
  44.72127,   0.41830,  -0.00041
  44.55859,   0.30135,  -0.00050
  45.39610,   0.24127,  -0.00055
  46.31872,   0.30569,  -0.00048
  47.37712,   0.38565,  -0.00038
  46.65870,   0.48393,  -0.00036
  45.10124,   0.42946,  -0.00054
  44.32561,   0.26413,  -0.00102
  43.52463,   0.08033,  -0.00107
  43.52011,   0.03174,  -0.00078
  43.04093,   0.21450,  -0.00010
  43.33824,   0.39175,   0.00054
  42.97032,   0.48158,   0.00096
  41.05896,   0.46080,   0.00117
  40.33601,   0.29722,   0.00091
  40.08822,   0.13750,   0.00052
  40.25508,   0.03297,   0.00018
  40.88328,   0.05072,  -0.00003
  42.08039,   0.08827,  -0.00013
  28.78459,  -0.00088,  -0.00097
  29.67887,  -0.03117,  -0.00101
  30.82689,   0.00325,  -0.00096
  31.51644,   0.10507,  -0.00084
  44.87674,   0.28039,  -0.00064
  43.52578,   0.28049,  -0.00084
  41.77189,   0.16989,  -0.00106
  40.85470,  -0.09095,  -0.00142
  40.73715,  -0.22859,  -0.00137
  42.76830,  -0.25167,  -0.00123
  44.94858,  -0.06446,  -0.00080
  45.25764,   0.07328,  -0.00050
  44.44847,   0.18260,  -0.00035
  42.55240,   0.09026,  -0.00056
  41.31689,  -0.08426,  -0.00113
  40.59800,  -0.16496,  -0.00141
  40.24834,  -0.26484,  -0.00070
  39.74732,  -0.13821,  -0.00045
  38.63229,  -0.00477,  -0.00015
  38.27899,   0.02876,   0.00015
  37.20530,   0.02954,   0.00032
  37.16654,  -0.02847,   0.00033
  45.64863,   0.43459,  -0.00116
  45.36602,   0.49851,  -0.00124
  47.07613,   0.48550,  -0.00149
  47.08051,   0.40604,  -0.00173
  48.09689,   0.16505,  -0.00148
  49.37774,   0.13779,  -0.00135
  51.16992,   0.37911,   0.00072
  52.01411,   0.61146,   0.00124
  51.11800,   0.78036,   0.00154
  49.76917,   0.78618,   0.00172
  48.54062,   0.61189,   0.00133
  48.37184,   0.39188,   0.00080
  49.08437,   0.25080,   0.00049
  50.06913,   0.28279,   0.00027
  50.59309,   0.42213,   0.00028
  49.58147,   0.44228,   0.00011
  49.11320,   0.42996,   0.00007
  48.52610,   0.34066,  -0.00002
  54.84047,   0.03925,  -0.00003
  55.46832,   0.19760,  -0.00030
  46.46625,   0.36645,  -0.00015
  45.06249,   0.34477,  -0.00009
  44.46135,   0.24309,   0.00008
  43.56821,   0.24328,   0.00049
  44.69991,   0.20282,   0.00087
  45.81986,   0.31756,   0.00129
  45.79221,   0.48867,   0.00173
  45.25437,   0.62225,   0.00166
  44.37728,   0.59819,   0.00133
  44.69734,   0.40619,   0.00060
  45.72680,   0.28562,   0.00032
  47.40817,   0.31884,   0.00033
  46.65654,   0.26680,  -0.00110
  47.02169,   0.41629,  -0.00084
  46.90939,   0.49758,  -0.00065
  46.77152,   0.46216,  -0.00070
  46.99258,   0.40138,  -0.00082
  46.94741,   0.30900,  -0.00109
  46.85332,   0.28125,  -0.00130
  46.93631,   0.28008,  -0.00139
  47.26275,   0.29104,  -0.00141
  47.98603,   0.26137,  -0.00135
  48.75681,   0.21080,  -0.00131
  49.60117,   0.21691,  -0.00108
  49.85471,   0.28725,  -0.00080
  49.35182,   0.37928,  -0.00056
  48.09001,   0.40292,  -0.00046
  46.85552,   0.31777,  -0.00055
  46.24565,   0.19705,  -0.00074
  46.54829,   0.07153,  -0.00083
  47.30603,   0.06800,  -0.00077
  47.57145,   0.16189,  -0.00057
  47.80013,   0.27780,  -0.00040
  47.64872,   0.31052,  -0.00041
  47.58507,   0.21419,  -0.00074
  47.56883,   0.08751,  -0.00104
  48.24262,   0.01477,  -0.00132
  48.51186,   0.03320,  -0.00132
  48.99375,   0.09111,  -0.00120
  49.33457,   0.15103,  -0.00097
  49.81798,   0.14530,  -0.00076
  50.39187,   0.13669,  -0.00057
  50.59020,   0.11705,  -0.00055
  50.50396,   0.15523,  -0.00046
  49.56493,   0.20701,  -0.00062
  48.52190,   0.20863,  -0.00089
  47.96117,   0.08689,  -0.00131
  47.93493,  -0.00479,  -0.00159
  27.80913,  -0.39502,  -0.00149
  28.90159,  -0.24899,  -0.00132
  29.01258,  -0.01344,  -0.00096
  27.74745,   0.11470,  -0.00066
  25.34580,   0.07591,  -0.00063
  22.97127,  -0.00307,  -0.00073
  21.26477,  -0.20465,  -0.00101
  20.48936,  -0.29490,  -0.00113
  20.33400,  -0.21804,  -0.00081
  21.21973,  -0.10266,  -0.00042
  21.70892,  -0.06104,  -0.00010
  22.84485,  -0.05229,   0.00018
  23.62138,  -0.07880,   0.00027
  24.58942,  -0.10495,   0.00004
  24.64959,  -0.03620,   0.00003
  24.34084,   0.04176,  -0.00002
  24.31866,  -0.01410,  -0.00017
  23.85325,   0.00221,  -0.00022
  24.68584,  -0.09923,  -0.00023
  26.32216,  -0.11563,  -0.00015
  27.56891,   0.05571,   0.00028
  52.62242,   0.16651,   0.00096
  41.21775,   0.07422,   0.00061
  40.55537,  -0.07818,   0.00009
  45.90345,   0.03248,  -0.00135
  46.45938,  -0.10709,  -0.00170
  35.62812,  -0.46732,  -0.00170
  37.17008,  -0.30082,  -0.00124
  37.92278,  -0.07248,  -0.00051
  36.89444,   0.08849,   0.00010
  35.67075,   0.04412,   0.00043
  34.22729,  -0.08698,   0.00049
  32.86790,  -0.04342,   0.00070
  31.87276,  -0.05750,   0.00069
  31.46609,  -0.02749,   0.00072
  30.50197,  -0.09614,   0.00053
  31.46756,  -0.12723,   0.00063
  33.07673,  -0.14373,   0.00074
  34.61398,  -0.11434,   0.00055
  35.78871,   0.07949,   0.00071
  35.70093,   0.26513,   0.00077
  35.71284,   0.27215,   0.00039
  34.23354,   0.15519,   0.00012
  33.55961,  -0.02648,  -0.00012
  34.70486,  -0.00829,   0.00004
  36.58449,   0.07363,   0.00031
  38.58200,   0.28087,   0.00077
  39.68727,   0.40101,   0.00144
  39.73632,   0.42801,   0.00150
  39.38963,   0.31468,   0.00115
  40.54107,   0.14398,   0.00067
  40.73920,   0.08671,   0.00029
  41.09728,   0.13459,   0.00012
  41.63990,   0.16231,   0.00005
  40.88013,   0.22945,   0.00012
  40.56106,   0.20781,   0.00035
  40.19986,   0.16131,   0.00045
  39.27097,   0.24378,   0.00056
  41.52815,   0.17111,   0.00112
  39.71624,   0.14559,   0.00098
  26.23686,   0.11014,  -0.00008
  25.16329,  -0.09033,  -0.00043
  24.59200,  -0.26950,  -0.00083
  26.06680,  -0.31962,  -0.00084
  26.57598,  -0.23095,  -0.00040
  27.52489,  -0.01275,  -0.00003
  27.46899,   0.13995,   0.00029
  26.81901,   0.12641,   0.00033
  25.69955,  -0.02782,   0.00013
  25.05566,  -0.07540,   0.00004
  25.02401,  -0.11543,  -0.00021
  25.73395,  -0.03136,  -0.00027
  26.11754,   0.07168,   0.00001
  27.08625,   0.10943,   0.00002
  27.78023,   0.06553,  -0.00008
  28.51986,   0.01309,  -0.00047
  28.73354,   0.01408,  -0.00095
  28.76360,   0.03041,  -0.00140
  28.29142,   0.05076,  -0.00188
  27.31946,   0.01911,  -0.00203
  26.99492,  -0.08491,  -0.00200
  27.52695,  -0.08805,  -0.00181
  27.96107,   0.02158,  -0.00119
  28.62734,   0.16412,  -0.00070
  28.25676,   0.32597,  -0.00025
  26.41151,   0.37649,   0.00009
  24.75852,   0.27484,  -0.00006
  23.87538,   0.06673,  -0.00039
  24.15498,  -0.08471,  -0.00067
  25.50493,  -0.03911,  -0.00073
  26.88919,   0.04630,  -0.00068
  27.87241,   0.24148,  -0.00023
  28.09838,   0.32475,   0.00011
  27.67611,   0.28151,  -0.00002
  27.37091,   0.28088,  -0.00009
  26.66069,   0.24107,  -0.00038
  25.98715,   0.26218,  -0.00065
  25.75672,   0.28604,  -0.00069
  25.68894,   0.23626,  -0.00075
  26.78166,   0.13642,  -0.00076
  28.71559,   0.07792,  -0.00076
  30.64835,   0.12408,  -0.00066
  31.63834,   0.27938,  -0.00056
  32.50638,   0.33123,  -0.00062
  30.68478,   0.33823,  -0.00071
  28.61299,   0.18722,  -0.00092
  28.55977,   0.06616,  -0.00118
  28.52229,  -0.00622,  -0.00112
  28.80835,   0.14279,  -0.00061
  29.06572,   0.33143,  -0.00015
  27.85297,   0.44238,   0.00025
  26.54879,   0.41385,   0.00030
  39.51143,   0.35411,   0.00034
  38.36069,   0.18241,  -0.00013
  37.83747,   0.10144,  -0.00049
  38.23399,   0.08163,  -0.00090
  38.78537,   0.21197,  -0.00076
  39.46230,   0.29883,  -0.00049
  39.67961,   0.32085,  -0.00036
  40.15422,   0.32531,   0.00003
  40.37003,   0.36409,   0.00040
  40.81906,   0.50206,   0.00106
  40.01119,   0.55110,   0.00114
  39.18722,   0.49695,   0.00099
  39.09708,   0.33570,   0.00084
  38.08178,   0.12430,   0.00071
  40.07361,   0.08831,   0.00068
  42.05458,   0.20095,   0.00084
  43.19690,   0.26966,   0.00093
  43.38254,   0.37921,   0.00095
  42.54781,   0.33278,   0.00072
  42.29607,   0.19943,   0.00030
  41.55220,   0.01524,  -0.00004
  41.04787,  -0.05791,  -0.00016
  40.11777,   0.03340,   0.00009
  40.00353,   0.09348,   0.00040
  39.93566,   0.08939,   0.00069
  38.70888,   0.03435,   0.00090
  38.12556,   0.09287,   0.00051
  38.22005,   0.06417,   0.00058
  38.03136,   0.03640,   0.00057
  37.41382,   0.06076,   0.00056
  36.60464,  -0.05083,   0.00019
  36.83551,  -0.15101,   0.00029
  26.17931,  -0.23506,   0.00058
  27.22238,  -0.12405,   0.00098
  27.66925,   0.05368,   0.00153
  27.60608,   0.24818,   0.00181
  26.50635,   0.28911,   0.00174
  25.08679,   0.14127,   0.00133
  24.00566,  -0.09010,   0.00069
  24.61749,  -0.27366,   0.00021
  25.92239,  -0.25186,  -0.00002
  27.70359,  -0.06906,   0.00006
  29.01561,  -0.02916,   0.00016
  29.43918,   0.04450,   0.00039
  29.49399,  -0.00078,   0.00039
  29.19481,  -0.03458,   0.00041
  28.72642,  -0.01566,   0.00059
  27.25306,   0.03354,   0.00065
  26.02009,   0.05473,   0.00078
  24.91451,   0.01870,   0.00101
  25.07328,  -0.07542,   0.00116
  25.10212,  -0.09483,   0.00141
  26.24450,  -0.00834,   0.00157
  26.74309,   0.15754,   0.00170
  25.68245,   0.15134,   0.00156
  24.06943,   0.14531,   0.00131
  22.20699,  -0.03383,   0.00058
  21.46963,  -0.23075,   0.00023
  21.66933,  -0.30935,   0.00013
  22.32239,  -0.17481,   0.00032
  22.43497,   0.03048,   0.00090
  22.81362,   0.15936,   0.00133
  22.57438,   0.12572,   0.00146
  21.79870,   0.02882,   0.00138
  22.01030,  -0.08867,   0.00122
  22.41695,  -0.12990,   0.00094
  23.39186,  -0.15235,   0.00090
  24.42070,  -0.08140,   0.00093
  25.31077,  -0.12443,   0.00077
  26.63444,  -0.14637,   0.00086
  27.63047,  -0.11390,   0.00095
  28.47473,   0.02789,   0.00110
  27.59178,   0.17420,   0.00112
  25.48427,   0.22320,   0.00101
  23.35630,   0.18390,   0.00077
  21.86860,  -0.05100,   0.00036
  21.92787,  -0.24557,   0.00014
  22.61450,  -0.20999,   0.00028
  24.13741,  -0.06761,   0.00054
  24.92379,   0.14807,   0.00091
  24.29212,   0.19577,   0.00094
  23.41477,   0.15678,   0.00100
  22.56764,   0.02536,   0.00092
  23.06398,  -0.03374,   0.00071
  23.13808,   0.00499,   0.00096
  23.63763,   0.14058,   0.00143
  24.38344,   0.28803,   0.00189
  25.18713,   0.33207,   0.00232
  26.21497,   0.30949,   0.00253
  27.36950,   0.33804,   0.00267
  28.09761,   0.39294,   0.00251
  28.15827,   0.46690,   0.00225
  28.42823,   0.35209,   0.00170
  28.04987,   0.28069,   0.00127
  28.79455,   0.14243,   0.00090
  30.91717,   0.04503,   0.00045
  32.63569,   0.12714,   0.00055
  33.42777,   0.32680,   0.00090
  30.98662,   0.41881,   0.00138
  28.97101,   0.42389,   0.00151
  27.18054,   0.31713,   0.00144
  25.75301,   0.08437,   0.00115
  38.12950,  -0.04495,   0.00107
  37.64702,  -0.09942,   0.00115
  38.54625,   0.01982,   0.00141
  39.36975,   0.14383,   0.00171
  27.91450,   0.15859,   0.00156
  27.25012,   0.09468,   0.00142
  44.88961,   0.14608,   0.00073
  44.23970,   0.16307,   0.00059
  43.60517,   0.20516,   0.00041
  42.23507,   0.22582,   0.00031
  40.34048,   0.20824,   0.00018
  40.14613,   0.10290,   0.00014
  40.98481,   0.05746,   0.00018
  41.99792,   0.16869,   0.00061
  42.88258,   0.33106,   0.00070
  42.70686,   0.44895,   0.00058
  23.96827,   0.19601,   0.00050
  23.16804,   0.01884,   0.00009
  23.42704,  -0.14331,  -0.00021
  25.51723,  -0.15633,  -0.00023
  27.29981,   0.00220,   0.00008
  28.48693,   0.22609,   0.00055
  28.39203,   0.38046,   0.00111
  27.58471,   0.34968,   0.00125
  26.47383,   0.21365,   0.00108
  25.52413,   0.17112,   0.00109
  24.52857,   0.10871,   0.00078
  23.92071,   0.10799,   0.00052
  22.53576,   0.02546,   0.00017
  22.96927,  -0.03226,   0.00010
  24.02122,  -0.10648,   0.00016
  24.37960,  -0.10175,   0.00010
  24.71330,   0.00375,   0.00035
  23.92132,   0.13518,   0.00060
  22.16510,   0.18452,   0.00064
  20.47438,   0.06772,   0.00068
  19.65868,  -0.15506,   0.00068
  19.51450,  -0.18397,   0.00092
  21.23525,  -0.18853,   0.00121
  23.41994,  -0.02698,   0.00166
  24.19637,   0.10982,   0.00212
  24.86243,   0.19556,   0.00223
  24.60451,   0.11581,   0.00197
  24.72924,  -0.10462,   0.00127
  24.36917,  -0.21217,   0.00083
  24.51674,  -0.17548,   0.00057
  38.73739,  -0.16358,   0.00073
  39.20550,  -0.03143,   0.00087
  39.15201,   0.00476,   0.00108
  38.61986,   0.01197,   0.00119
  38.35268,   0.02977,   0.00131
  37.91633,   0.06221,   0.00141
  36.06456,   0.29241,   0.00128
  34.39236,   0.29771,   0.00110
  33.91113,   0.04287,   0.00038
  33.99491,  -0.11581,   0.00036
  51.63986,   0.37835,  -0.00091
  47.20783,   0.41185,  -0.00025
  47.77830,   0.61346,   0.00025
  49.22904,   0.94684,   0.00019
  48.05235,   0.99684,   0.00034
  46.92420,   0.91716,   0.00024
  46.55700,   0.82242,   0.00007
  46.69267,   0.73982,  -0.00009
  47.20008,   0.76437,  -0.00010
  47.19059,   0.83890,   0.00002
  47.57871,   0.89458,   0.00005
  48.13217,   0.87947,  -0.00003
  48.85703,   0.80770,  -0.00028
  49.49266,   0.76053,  -0.00052
  49.69434,   0.77017,  -0.00071
  49.86670,   0.78660,  -0.00086
  49.54087,   0.78320,  -0.00096
  49.72347,   0.70805,  -0.00103
  50.58171,   0.64133,  -0.00094
  51.80185,   0.58479,  -0.00076
  52.74077,   0.63547,  -0.00050
  52.58333,   0.76763,  -0.00008
  51.63579,   0.81718,  -0.00010
  50.45463,   0.74418,  -0.00039
  49.59467,   0.56300,  -0.00092
  49.57525,   0.40415,  -0.00134
  49.97877,   0.37335,  -0.00148
  49.98686,   0.44849,  -0.00146
  50.02135,   0.59108,  -0.00116
  49.69174,   0.67883,  -0.00093
  49.25707,   0.68984,  -0.00094
  48.98797,   0.60188,  -0.00103
  48.89108,   0.52910,  -0.00115
  34.10801,   0.33068,  -0.00148
  33.84876,   0.36415,  -0.00152
  33.98977,   0.34721,  -0.00149
  35.26009,   0.31672,  -0.00143
  37.05940,   0.26890,  -0.00142
  38.96233,   0.31595,  -0.00133
  40.65723,   0.51876,  -0.00101
  40.63547,   0.67459,  -0.00089
  40.27162,   0.63980,  -0.00119
  39.14283,   0.58215,  -0.00148
  39.24530,   0.45115,  -0.00192
  39.67688,   0.33958,  -0.00218
  58.22678,   0.16965,   0.00070
  58.27724,   0.28433,   0.00094
  46.32506,   0.24860,   0.00071
  45.45721,   0.27350,   0.00064
  44.67988,   0.13861,   0.00033
  43.74020,  -0.06389,  -0.00016
  43.78057,  -0.23420,  -0.00063
  43.50981,  -0.25641,  -0.00075
  43.85153,  -0.17747,  -0.00057
  43.91505,  -0.14016,  -0.00040
  43.61775,  -0.03833,   0.00006
  43.35463,  -0.05648,   0.00046
  42.91099,  -0.05987,   0.00073
  42.33983,   0.06578,   0.00112
  40.90268,   0.25782,   0.00076
  39.51905,   0.23939,   0.00055
  38.59162,   0.11224,   0.00015
  39.24812,  -0.06034,  -0.00021
  45.38431,  -0.21462,  -0.00013
  47.09166,  -0.13029,  -0.00013
  30.85162,   0.01877,  -0.00014
  31.18186,   0.14826,  -0.00018
  31.00030,   0.17468,  -0.00046
  29.64409,   0.01776,  -0.00081
  28.57646,  -0.16770,  -0.00116
  29.19309,  -0.13157,  -0.00103
  29.86299,  -0.07191,  -0.00089
  30.82503,   0.04721,  -0.00058
  31.03768,   0.12331,  -0.00009
  31.28055,   0.10945,   0.00016
  31.82138,   0.05893,   0.00032
  31.81318,   0.04569,   0.00029
  31.44914,   0.09897,   0.00024
  31.00756,   0.06836,  -0.00004
  30.18828,   0.06525,  -0.00010
  29.90622,  -0.01513,  -0.00010
  29.03014,  -0.00546,   0.00002
  29.92435,   0.00923,   0.00030
  30.60744,   0.12979,   0.00066
  29.91238,   0.29796,   0.00108
  28.79453,   0.35401,   0.00119
  27.44311,   0.24646,   0.00101
  26.51788,   0.04349,   0.00064
  26.88799,  -0.14208,   0.00033
  28.38720,  -0.17937,   0.00024
  30.41708,  -0.11904,   0.00031
  32.17634,   0.06949,   0.00075
  33.14818,   0.17532,   0.00113
  33.65350,   0.14148,   0.00117
  33.50935,   0.05258,   0.00111
  33.78005,   0.02053,   0.00110
  33.07973,   0.02408,   0.00093
  32.41817,   0.04070,   0.00081
  31.46590,   0.00337,   0.00077
  31.65721,  -0.10140,   0.00067
  32.34132,  -0.18941,   0.00056
  32.79605,  -0.20691,   0.00046
  33.00123,  -0.11218,   0.00037
  32.05469,  -0.00755,   0.00021
  30.83159,  -0.08331,  -0.00028
  28.90253,  -0.20653,  -0.00050
  27.60246,  -0.37699,  -0.00067
  27.50274,  -0.38759,  -0.00074
  27.87313,  -0.32017,  -0.00042
  27.73433,  -0.12617,   0.00020
  27.70906,   0.03589,   0.00072
  26.57424,   0.08627,   0.00109
  25.66232,  -0.00945,   0.00100
  25.09707,  -0.14543,   0.00078
  24.88376,  -0.20792,   0.00041
  25.30004,  -0.16018,   0.00015
  26.22338,  -0.16920,  -0.00014
  27.39388,  -0.09432,  -0.00013
  28.51797,  -0.07217,  -0.00011
  29.45757,  -0.04896,  -0.00015
  29.84125,   0.00196,  -0.00023
  29.37636,   0.09990,  -0.00037
  28.19054,   0.15653,  -0.00033
  26.63588,   0.10106,  -0.00061
  25.71098,  -0.06401,  -0.00097
  25.14990,  -0.18388,  -0.00108
  26.55817,  -0.26272,  -0.00122
  28.46585,  -0.17918,  -0.00111
  29.00258,  -0.07740,  -0.00082
  29.08949,   0.04472,  -0.00060
  27.93753,   0.00899,  -0.00059
  26.52789,  -0.12898,  -0.00092
  25.34944,  -0.30097,  -0.00117
  24.64779,  -0.36632,  -0.00128
  23.62919,  -0.22689,  -0.00110
  23.79244,  -0.11031,  -0.00073
  24.05074,  -0.05863,  -0.00037
  22.94736,  -0.01672,  -0.00014
  23.09234,  -0.09003,  -0.00027
  22.98844,  -0.12403,  -0.00057
  22.41753,  -0.14618,  -0.00095
  21.64554,  -0.10072,  -0.00123
  21.42427,  -0.11193,  -0.00142
  22.54613,  -0.21359,  -0.00187
  24.20875,  -0.26323,  -0.00179
  26.19882,  -0.20207,  -0.00152
  27.85908,   0.00780,  -0.00103
  28.09607,   0.23399,  -0.00060
  27.12931,   0.32963,  -0.00040
  26.12249,   0.28225,  -0.00034
  25.19392,   0.08145,  -0.00069
  25.35842,  -0.07435,  -0.00103
  26.83473,  -0.09089,  -0.00106
  27.98466,   0.07538,  -0.00095
  28.81226,   0.26401,  -0.00074
  28.94098,   0.26239,  -0.00083
  29.04440,   0.24412,  -0.00103
  28.28905,   0.18108,  -0.00120
  27.13798,   0.16941,  -0.00138
  26.37855,   0.22177,  -0.00157
  24.88432,   0.24888,  -0.00148
  24.04424,   0.20822,  -0.00125
  23.56368,   0.20159,  -0.00093
  24.42156,   0.13964,  -0.00065
  25.65302,   0.16429,  -0.00039
  25.97256,   0.25270,  -0.00006
  25.75491,   0.37281,   0.00004
  24.95766,   0.38857,  -0.00008
  24.86307,   0.17869,  -0.00067
  24.96848,   0.00574,  -0.00099
  25.87113,  -0.06372,  -0.00113
  27.66234,   0.04638,  -0.00101
  28.74470,   0.25057,  -0.00070
  28.96311,   0.39560,  -0.00045
  28.14220,   0.43941,  -0.00029
  27.24124,   0.29692,  -0.00062
  26.35409,   0.12877,  -0.00118
  25.93911,   0.04999,  -0.00155
  25.51704,   0.03785,  -0.00198
  25.57906,   0.05346,  -0.00216
  26.04132,  -0.00296,  -0.00223
  26.73545,  -0.05711,  -0.00203
  27.31861,  -0.08562,  -0.00182
  27.95997,  -0.00763,  -0.00155
  27.04341,   0.08866,  -0.00129
  25.36244,   0.15622,  -0.00108
  23.37163,   0.16368,  -0.00097
  22.04958,   0.00607,  -0.00097
  21.86500,  -0.15575,  -0.00093
  22.27194,  -0.11619,  -0.00060
  23.53696,   0.01031,  -0.00030
  24.52138,   0.19971,  -0.00001
  24.32463,   0.22664,  -0.00007
  23.75523,   0.19656,  -0.00027
  23.10510,   0.05770,  -0.00067
  23.47220,  -0.08776,  -0.00129
  23.73969,  -0.08836,  -0.00150
  24.45424,   0.02365,  -0.00140
  25.38177,   0.11721,  -0.00111
  25.75323,   0.16914,  -0.00072
  26.16371,   0.15328,  -0.00041
  27.98683,   0.14237,  -0.00023
  28.41598,   0.12238,  -0.00027
  28.33245,   0.15340,  -0.00036
  28.07815,   0.12114,  -0.00039
  27.61595,   0.00692,  -0.00075
  27.73354,  -0.12360,  -0.00090
  28.60382,  -0.21398,  -0.00090
  30.06920,  -0.16714,  -0.00077
  30.58141,  -0.03562,  -0.00046
  30.06440,   0.14288,  -0.00014
  28.24919,   0.18778,  -0.00006
  25.55322,   0.11092,  -0.00032
  23.41136,  -0.09975,  -0.00062
  22.29621,  -0.27477,  -0.00090
  21.71364,  -0.26138,  -0.00089
  22.33510,  -0.15828,  -0.00070
  23.07646,  -0.03321,  -0.00042
  22.89511,  -0.04605,  -0.00032
  23.14362,  -0.07973,  -0.00028
  23.75178,  -0.13747,  -0.00043
  23.61382,  -0.10410,  -0.00047
  23.45715,  -0.01400,  -0.00043
  24.09968,   0.01884,  -0.00043
  24.00626,   0.02228,  -0.00033
  24.51801,   0.04275,  -0.00008
  25.71370,   0.02674,   0.00006
  27.25897,   0.11428,   0.00020
  28.09642,   0.25295,   0.00054
  28.14721,   0.37463,   0.00039
  27.17002,   0.36490,  -0.00002
  26.36432,   0.16449,  -0.00071
  26.28320,  -0.01263,  -0.00123
  27.03517,  -0.07297,  -0.00144
  28.31563,   0.00315,  -0.00141
  29.21836,   0.19476,  -0.00100
  29.24045,   0.32213,  -0.00055
  31.20190,   0.37217,  -0.00033
  30.14957,   0.23748,  -0.00025
  29.25068,   0.10176,  -0.00029
  28.22818,   0.11583,  -0.00009
  28.03334,   0.12521,  -0.00006
  28.45663,   0.15416,   0.00007
  28.70577,   0.10232,   0.00014
  29.62332,   0.04103,   0.00010
  31.32070,   0.02970,   0.00019
  32.64259,   0.12248,   0.00028
  33.49633,   0.22179,   0.00017
  32.97177,   0.30989,   0.00007
  31.79301,   0.25723,  -0.00017
  31.09098,   0.07723,  -0.00068
  28.19502,  -0.03748,  -0.00081
  29.48228,  -0.03211,  -0.00075
  40.12538,  -0.03702,  -0.00018
  41.12672,   0.12815,   0.00003
  41.39575,   0.20471,   0.00005
  41.76770,   0.09929,  -0.00021
  41.28532,  -0.08249,  -0.00071
  40.94592,  -0.22111,  -0.00114
  32.25242,  -0.06446,  -0.00128
  32.87829,   0.01644,  -0.00117
  33.03687,   0.12404,  -0.00096
  32.91406,   0.16469,  -0.00063
  32.66951,   0.13708,  -0.00037
  32.34557,   0.18317,  -0.00019
  31.63407,   0.23676,  -0.00006
  30.38144,   0.30166,  -0.00018
  28.84430,   0.31359,  -0.00041
  27.42756,   0.19523,  -0.00078
  26.80345,   0.05032,  -0.00125
  27.63276,  -0.03051,  -0.00142
  29.20075,   0.01275,  -0.00143
  30.47551,   0.20924,  -0.00116
  31.27174,   0.34945,  -0.00093
  30.50778,   0.40401,  -0.00081
  29.22784,   0.29118,  -0.00093
  28.91258,   0.19602,  -0.00104
  28.73633,   0.08279,  -0.00118
  29.46098,   0.10055,  -0.00114
  51.43901,   0.58022,  -0.00037
  51.64284,   0.65411,  -0.00020
  51.65460,   0.63881,  -0.00019
  51.76749,   0.56271,  -0.00032
  51.99686,   0.50571,  -0.00064
  51.84341,   0.50439,  -0.00095
  51.54894,   0.50397,  -0.00127
  50.45437,   0.50575,  -0.00150
  49.66598,   0.43071,  -0.00169
  49.23278,   0.35725,  -0.00180
  49.76163,   0.28381,  -0.00170
  50.31408,   0.31454,  -0.00143
  50.12962,   0.48656,  -0.00091
  48.91811,   0.55788,  -0.00074
  47.35682,   0.50136,  -0.00084
  46.59948,   0.35286,  -0.00114
  46.90392,   0.17410,  -0.00141
  48.19212,   0.12856,  -0.00136
  48.83911,   0.21514,  -0.00111
  49.65856,   0.41798,  -0.00061
  49.75561,   0.56316,  -0.00021
  49.43778,   0.58854,  -0.00011
  49.38284,   0.53471,  -0.00013
  49.52131,   0.47961,  -0.00025
  50.22190,   0.53794,  -0.00020
  50.02032,   0.59168,  -0.00031
  49.61327,   0.59091,  -0.00038
  49.90589,   0.54602,  -0.00046
  50.93782,   0.47190,  -0.00051
  52.34918,   0.44680,  -0.00049
  53.35477,   0.51923,  -0.00040
  53.27107,   0.63153,  -0.00030
  52.96548,   0.64562,  -0.00039
  51.89656,   0.58587,  -0.00049
  34.97979,   0.04888,  -0.00130
  35.21198,  -0.10120,  -0.00122
  36.22731,  -0.09917,  -0.00090
  36.89747,   0.08052,  -0.00023
  36.22766,   0.22516,   0.00042
  35.36148,   0.26529,   0.00074
  34.19740,   0.15800,   0.00066
  33.05203,  -0.01392,   0.00027
  51.63917,   0.32365,  -0.00125
  51.54895,   0.19001,  -0.00118
  28.77011,  -0.15863,  -0.00057
  29.29166,  -0.07481,  -0.00045
  29.80400,  -0.06351,  -0.00030
  30.03845,  -0.07464,  -0.00035
  30.10099,  -0.09294,  -0.00024
  29.59666,  -0.04953,  -0.00014
  49.12878,   0.30018,  -0.00050
  48.41380,   0.28918,  -0.00058
  48.10977,   0.18635,  -0.00081
  48.53530,   0.03933,  -0.00106
  49.39154,  -0.03057,  -0.00113
  50.51875,   0.03693,  -0.00103
  54.27739,   0.48752,  -0.00151
  53.73749,   0.63277,  -0.00133
  52.64759,   0.63886,  -0.00142
  51.55200,   0.55628,  -0.00166
  51.03076,   0.44391,  -0.00198
  50.72449,   0.39534,  -0.00213
  47.78903,   0.11901,  -0.00138
  47.45155,   0.20494,  -0.00125
  46.79106,   0.25803,  -0.00108
  46.74506,   0.23742,  -0.00104
  46.65983,   0.19071,  -0.00107
  46.70771,   0.13480,  -0.00120
  46.62189,   0.13528,  -0.00128
  46.22781,   0.16744,  -0.00133
  45.89403,   0.14257,  -0.00142
  46.04888,   0.07224,  -0.00149
  26.88191,  -0.36447,  -0.00084
  28.25947,  -0.37324,  -0.00050
  29.51461,  -0.19999,   0.00010
  30.20893,  -0.00284,   0.00049
  29.89281,   0.10962,   0.00080
  29.02747,   0.04228,   0.00057
  28.06131,  -0.13084,   0.00014
  28.04999,  -0.34329,  -0.00043
  29.06118,  -0.45661,  -0.00079
  30.84606,  -0.36269,  -0.00087
  32.42019,  -0.17719,  -0.00076
  33.15143,  -0.14169,  -0.00087
  33.03267,  -0.16559,  -0.00094
  32.39132,  -0.27809,  -0.00116
  32.27130,  -0.29574,  -0.00131
  30.87285,  -0.31237,  -0.00139
  29.57648,  -0.29012,  -0.00130
  28.41872,  -0.25115,  -0.00103
  28.19551,  -0.31833,  -0.00082
  28.54511,  -0.40769,  -0.00060
  28.84468,  -0.37523,  -0.00023
  29.58686,  -0.23901,   0.00003
  29.53648,  -0.05558,   0.00019
  28.86111,  -0.07188,  -0.00011
  27.33489,  -0.12199,  -0.00035
  26.33438,  -0.26252,  -0.00067
  39.72311,  -0.28791,  -0.00155
  40.87472,  -0.19858,  -0.00139
  44.86276,  -0.04787,  -0.00036
  44.97352,   0.19494,   0.00007
  49.60049,   0.63387,   0.00292
  49.26909,   0.60170,   0.00283
  49.30196,   0.52765,   0.00263
  49.87118,   0.47696,   0.00242
  50.16409,   0.48693,   0.00226
  50.37684,   0.53754,   0.00222
  50.77449,   0.55608,   0.00226
  51.30431,   0.56373,   0.00237
  52.06417,   0.56206,   0.00247
  52.49356,   0.57040,   0.00258
  52.28063,   0.61283,   0.00265
  52.86015,   0.70202,   0.00263
  51.68328,   0.69383,   0.00255
  50.87504,   0.61581,   0.00242
  50.60830,   0.51691,   0.00229
  51.06573,   0.44013,   0.00220
  30.28490,  -0.10811,  -0.00052
  31.38483,   0.06849,  -0.00029
  31.53573,   0.20417,  -0.00017
  30.22800,   0.11948,  -0.00050
  29.00786,  -0.04651,  -0.00076
  28.41353,  -0.17429,  -0.00122
  27.94710,  -0.25923,  -0.00126
  28.18685,  -0.19200,  -0.00099
  28.61145,  -0.01963,  -0.00056
  29.28073,   0.06080,  -0.00010
  29.39382,   0.11744,   0.00033
  29.94554,   0.04858,   0.00043
  30.79254,   0.08750,   0.00062
  31.16769,   0.13421,   0.00044
  31.85494,   0.08023,   0.00009
  31.68425,   0.06561,  -0.00025
  31.98277,  -0.02546,  -0.00058
  33.66253,  -0.14126,  -0.00106
  35.08855,  -0.11740,  -0.00100
  36.14815,   0.05517,  -0.00078
  36.62306,   0.25249,  -0.00049
  35.23501,   0.33620,  -0.00042
  33.05109,   0.23842,  -0.00056
  31.25425,   0.09424,  -0.00079
  30.13888,  -0.11634,  -0.00107
  29.94037,  -0.16167,  -0.00096
  31.04298,  -0.06137,  -0.00067
  32.18086,   0.10439,  -0.00024
  31.97655,   0.11662,  -0.00007
  31.83041,   0.09667,   0.00010
  31.32664,   0.03677,   0.00011
  31.42168,   0.01778,  -0.00005
  30.78553,   0.06962,  -0.00007
  30.04185,   0.12295,  -0.00004
  29.03120,   0.09520,  -0.00014
  28.92474,   0.02247,  -0.00011
  27.53570,   0.00047,   0.00017
  28.65667,   0.01709,   0.00017
  29.38328,   0.12593,   0.00012
  29.30971,   0.16772,  -0.00001
  28.52937,   0.17654,  -0.00041
  27.73220,   0.04167,  -0.00096
  27.91119,  -0.18829,  -0.00166
  28.76499,  -0.29489,  -0.00194
  30.42571,  -0.23328,  -0.00184
  31.68407,  -0.04112,  -0.00144
  31.85602,   0.13514,  -0.00094
  30.90804,   0.19228,  -0.00062
  56.56127,   0.39432,   0.00017
  56.04654,   0.28251,  -0.00005
  54.57119,   0.10489,  -0.00010
  53.91522,   0.11416,  -0.00025
  47.66043,   0.37799,  -0.00231
  47.68944,   0.42425,  -0.00233
  47.31342,   0.38725,  -0.00248
  47.82087,   0.38742,  -0.00241
  48.04252,   0.46092,  -0.00234
  47.73016,   0.57643,  -0.00221
  46.72164,   0.68300,  -0.00217
  24.46914,   0.30201,  -0.00141
  23.51871,   0.16712,  -0.00148
  23.73548,   0.01270,  -0.00150
  24.49873,   0.06887,  -0.00115
  26.66485,   0.18528,  -0.00080
  28.58943,   0.38782,  -0.00039
  29.14984,   0.48771,  -0.00009
  29.41035,   0.48465,  -0.00017
  29.49881,   0.35367,  -0.00055
  30.71753,   0.20214,  -0.00104
  31.67954,   0.20006,  -0.00130
  32.77250,   0.32010,  -0.00129
  33.37653,   0.42384,  -0.00117
  33.79460,   0.47024,  -0.00091
  33.94491,   0.42051,  -0.00078
  33.90174,   0.47338,  -0.00063
  33.73890,   0.44892,  -0.00082
  32.85426,   0.46917,  -0.00108
  31.32759,   0.44697,  -0.00144
  30.23091,   0.33719,  -0.00177
  30.13188,   0.15529,  -0.00197
  30.95235,   0.03399,  -0.00221
  32.49423,   0.06243,  -0.00194
  33.67990,   0.25095,  -0.00145
  34.08368,   0.44104,  -0.00113
  32.67985,   0.53594,  -0.00082
  30.64234,   0.45270,  -0.00077
  29.83963,   0.37945,  -0.00089
  29.43499,   0.25352,  -0.00104
  30.15847,   0.27125,  -0.00105
  30.97690,   0.38161,  -0.00080
  32.05521,   0.52549,  -0.00065
  32.75611,   0.58313,  -0.00067
  33.52135,   0.48648,  -0.00104
  33.75930,   0.44164,  -0.00148
  33.75792,   0.46218,  -0.00195
  36.83665,   0.50977,  -0.00234
  36.04203,   0.56662,  -0.00252
  35.46219,   0.53004,  -0.00265
  35.97331,   0.50345,  -0.00257
  36.68169,   0.43198,  -0.00238
  37.46257,   0.46326,  -0.00206
  37.60487,   0.65239,  -0.00135
  36.79629,   0.75944,  -0.00118
  35.26241,   0.73863,  -0.00129
  33.75785,   0.55087,  -0.00161
  33.13962,   0.35103,  -0.00208
  33.39088,   0.24346,  -0.00223
  34.37671,   0.31425,  -0.00207
  34.88315,   0.45007,  -0.00181
  32.65550,   0.52858,  -0.00171
  31.64450,   0.53586,  -0.00150
  30.44353,   0.43779,  -0.00157
  29.28518,   0.41765,  -0.00175
  28.34469,   0.34065,  -0.00206
  27.77288,   0.34372,  -0.00229
  27.22902,   0.35772,  -0.00226
  28.11089,   0.31323,  -0.00221
  29.07866,   0.23085,  -0.00213
  30.73540,   0.17980,  -0.00208
  32.26093,   0.23205,  -0.00202
  33.69002,   0.30427,  -0.00203
  33.20221,   0.40903,  -0.00202
  32.07047,   0.38228,  -0.00213
  31.69350,   0.23992,  -0.00235
  31.63278,   0.08241,  -0.00242
  32.61372,   0.13396,  -0.00202
  33.83724,   0.25367,  -0.00167
  34.28137,   0.42214,  -0.00131
  33.25391,   0.48605,  -0.00112
  31.91932,   0.42053,  -0.00130
  30.50069,   0.25608,  -0.00175
  30.22061,   0.08927,  -0.00241
  29.91948,   0.07188,  -0.00271
  29.91604,   0.17598,  -0.00264
  30.07806,   0.23548,  -0.00238
  29.94806,   0.31365,  -0.00189
  29.90640,   0.30559,  -0.00137
  29.84986,   0.30102,  -0.00097
  29.96955,   0.41497,  -0.00053
  29.32132,   0.50436,  -0.00034
  28.24454,   0.54245,  -0.00026
  27.56140,   0.44478,  -0.00031
  27.96097,   0.31402,  -0.00040
  29.59103,   0.22882,  -0.00045
  31.78128,   0.26932,  -0.00041
  50.65549,   0.49821,  -0.00109
  50.76207,   0.64713,  -0.00092
  50.21080,   0.71754,  -0.00093
  49.68944,   0.63933,  -0.00122
  49.53963,   0.53100,  -0.00153
  49.36293,   0.42043,  -0.00177
  49.45846,   0.40384,  -0.00182
  49.70712,   0.47775,  -0.00163
  32.33986,   0.42274,  -0.00080
  32.45507,   0.40312,  -0.00061
  32.47265,   0.30629,  -0.00061
  32.25071,   0.24073,  -0.00073
  32.32432,   0.19046,  -0.00095
  31.48438,   0.22215,  -0.00107
  30.63169,   0.17600,  -0.00119
  29.65699,   0.12788,  -0.00124
  29.56541,   0.04889,  -0.00102
  29.66742,   0.09422,  -0.00073
  30.25144,   0.17925,  -0.00039
  52.32847,   0.64812,  -0.00135
  51.41439,   0.74606,  -0.00121
  50.30415,   0.74330,  -0.00138
  49.63576,   0.63233,  -0.00176
  49.09241,   0.64986,  -0.00246
  50.01896,   0.58421,  -0.00272
  50.85537,   0.62200,  -0.00273
  51.61655,   0.76367,  -0.00250
  51.96500,   0.87129,  -0.00227
  52.10498,   0.87382,  -0.00226
  52.33958,   0.81706,  -0.00232
  52.68488,   0.75678,  -0.00243
  53.21301,   0.77793,  -0.00235
  52.91201,   0.81348,  -0.00234
  52.56438,   0.83392,  -0.00232
  52.18700,   0.80159,  -0.00223
  52.70250,   0.73253,  -0.00222
  53.50784,   0.69589,  -0.00221
  53.64186,   0.72056,  -0.00213
  53.21875,   0.80424,  -0.00210
  52.04576,   0.85901,  -0.00218
  50.70880,   0.79526,  -0.00251
  49.96812,   0.68449,  -0.00291
  50.08827,   0.56921,  -0.00311
  50.83020,   0.54196,  -0.00305
  51.42897,   0.65029,  -0.00275
  51.52503,   0.77198,  -0.00238
  51.11640,   0.83147,  -0.00217
  50.92658,   0.80646,  -0.00218
  51.16048,   0.68363,  -0.00248
  51.84574,   0.58120,  -0.00283
  52.65011,   0.55518,  -0.00300
  53.00583,   0.63510,  -0.00296
  53.06718,   0.71668,  -0.00281
  52.86888,   0.70269,  -0.00279
  53.19938,   0.69456,  -0.00268
  53.60703,   0.70392,  -0.00263
  53.73400,   0.77853,  -0.00258
  53.73424,   0.57192,  -0.00203
  51.57470,   0.90770,  -0.00277
  50.26526,   0.84898,  -0.00314
  50.63003,   0.30858,  -0.00241
  51.01081,   0.23322,  -0.00261
  56.35911,   0.28239,  -0.00155
  56.51047,   0.40798,  -0.00132
  52.63143,   0.60710,  -0.00259
  51.91259,   0.64627,  -0.00258
  51.25954,   0.59551,  -0.00272
  51.01067,   0.50163,  -0.00289
  45.99866,   0.62170,  -0.00352
  46.05342,   0.65996,  -0.00324
  46.15611,   0.77220,  -0.00279
  37.52326,   0.55396,  -0.00093
  37.67935,   0.56780,  -0.00056
  37.82859,   0.50099,  -0.00053
  38.02273,   0.49869,  -0.00052
  38.06442,   0.49567,  -0.00075
  37.93215,   0.53390,  -0.00100
  38.21106,   0.51074,  -0.00223
  38.94281,   0.43919,  -0.00256
  39.73907,   0.33541,  -0.00299
  41.45991,   0.30294,  -0.00285
  43.26502,   0.45257,  -0.00240
  43.85311,   0.61675,  -0.00199
  43.90356,   0.74528,  -0.00157
  42.44811,   0.66610,  -0.00172
  48.09129,   0.70554,  -0.00240
  42.25292,   0.20934,  -0.00151
  43.02617,   0.07006,  -0.00159
  44.38742,   0.12152,  -0.00132
  44.62336,   0.18418,  -0.00099
  45.20753,   0.31885,  -0.00065
  45.08845,   0.33034,  -0.00059
  44.83240,   0.23649,  -0.00095
  44.02977,   0.16269,  -0.00112
  43.57883,   0.18957,  -0.00125
  42.40717,   0.23974,  -0.00122
  40.44594,   0.27641,  -0.00131
  40.08939,   0.21773,  -0.00111
  40.25793,   0.13692,  -0.00087
  40.06733,   0.17324,  -0.00055
  40.87377,   0.25638,  -0.00032
  41.05678,   0.39283,  -0.00017
  52.15132,   0.66260,  -0.00183
  51.65222,   0.63080,  -0.00199
  52.05515,   0.50329,  -0.00228
  52.78362,   0.42012,  -0.00234
  40.77307,   0.11441,  -0.00166
  42.44783,   0.34041,  -0.00109
  42.87232,   0.53559,  -0.00038
  42.19631,   0.61884,  -0.00010
  43.83908,   0.54712,  -0.00022
  43.40311,   0.30906,   0.00003
  43.34155,   0.18030,  -0.00035
  43.21676,   0.05828,  -0.00071
  43.32327,   0.09329,  -0.00098
  43.84149,   0.11980,  -0.00110
  43.44287,  -0.01404,  -0.00143
  43.89254,  -0.06751,  -0.00142
  43.98570,  -0.07430,  -0.00136
  43.74513,   0.00582,  -0.00125
  42.07518,   0.06616,  -0.00114
  39.79061,   0.01797,  -0.00116
  37.90789,  -0.13422,  -0.00123
  35.94964,  -0.20098,  -0.00112
  36.65928,  -0.31913,  -0.00095
  38.00791,  -0.26862,  -0.00057
  38.13414,  -0.07979,   0.00008
  28.03380,   0.06449,  -0.00025
  27.97174,   0.08770,  -0.00035
  27.60441,  -0.03197,  -0.00076
  27.38038,  -0.22407,  -0.00150
  27.84828,  -0.30692,  -0.00194
  28.44779,  -0.22669,  -0.00207
  29.16124,  -0.06296,  -0.00197
  29.37841,   0.01130,  -0.00180
  29.65074,   0.04196,  -0.00162
  30.19009,   0.03616,  -0.00151
  29.72550,   0.02319,  -0.00115
  29.91883,   0.04578,  -0.00128
  29.50804,   0.05170,  -0.00145
  28.84951,  -0.01907,  -0.00170
  28.97776,  -0.12409,  -0.00183
  30.24936,  -0.22638,  -0.00177
  31.99129,  -0.21453,  -0.00157
  33.53408,  -0.04820,  -0.00112
  33.80607,   0.17969,  -0.00060
  32.76153,   0.32234,  -0.00024
  30.99821,   0.28954,  -0.00018
  29.60471,   0.11203,  -0.00036
  28.73836,   0.02030,  -0.00054
  29.33043,  -0.03884,  -0.00066
  30.47066,   0.05206,  -0.00054
  30.68923,   0.13047,  -0.00039
  31.34253,   0.21072,  -0.00020
  31.85451,   0.18872,  -0.00021
  32.55983,   0.07988,  -0.00060
  32.83727,   0.03135,  -0.00081
  32.87824,   0.06936,  -0.00092
  33.63623,   0.09500,  -0.00098
  33.49601,   0.11551,  -0.00082
  33.93069,   0.14379,  -0.00057
  35.05858,   0.08804,  -0.00035
  36.61850,   0.10267,  -0.00014
  38.06346,   0.25858,   0.00032
  38.11244,   0.39705,   0.00031
  37.13343,   0.42751,   0.00006
  36.57330,   0.24287,  -0.00052
  36.17047,   0.05039,  -0.00109
  48.49870,  -0.16051,  -0.00154
  49.48342,  -0.13546,  -0.00168
  50.15504,   0.01590,  -0.00150
  50.06235,   0.22999,  -0.00112
  48.92340,   0.32119,  -0.00100
  47.33012,   0.24241,  -0.00106
  46.09294,   0.17145,  -0.00121
  44.96775,   0.10876,  -0.00127
  43.86713,   0.08249,  -0.00115
  43.60647,   0.13168,  -0.00100
  43.12219,   0.11971,  -0.00089
  44.25347,   0.12480,  -0.00070
  34.59551,   0.14522,  -0.00068
  36.15421,   0.20127,  -0.00056
  37.37659,   0.28700,  -0.00044
  36.99694,   0.41743,  -0.00042
  35.96006,   0.43934,  -0.00056
  35.46072,   0.35196,  -0.00084
  35.56029,   0.19488,  -0.00107
  36.73278,   0.12195,  -0.00119
  38.01334,   0.24418,  -0.00089
  39.03944,   0.38995,  -0.00078
  39.10787,   0.48805,  -0.00078
  38.70482,   0.42002,  -0.00096
  38.27276,   0.25000,  -0.00143
  38.21494,   0.05639,  -0.00197
  50.53541,  -0.13800,  -0.00220
  51.15979,  -0.10439,  -0.00216
  51.11349,  -0.03004,  -0.00193
  51.13242,   0.05111,  -0.00146
  50.00163,   0.09690,  -0.00102
  49.48902,   0.03971,  -0.00078
  48.98195,   0.09766,  -0.00045
  47.79611,   0.09455,  -0.00040
  46.23110,   0.10176,  -0.00039
  45.12098,   0.05592,  -0.00061
  44.20211,  -0.09379,  -0.00106
  45.11783,  -0.20852,  -0.00122
  46.33554,  -0.22065,  -0.00132
  47.87927,  -0.08838,  -0.00119
  48.65416,   0.09624,  -0.00104
  48.22434,   0.21034,  -0.00105
  35.78789,   0.19935,  -0.00132
  34.48829,   0.03448,  -0.00159
  34.12334,  -0.11069,  -0.00180
  35.09158,  -0.05862,  -0.00157
  36.08138,   0.05375,  -0.00133
  37.11680,   0.20373,  -0.00097
  37.42063,   0.24407,  -0.00061
  37.81202,   0.21664,  -0.00056
  49.43456,   0.20898,  -0.00119
  50.09925,   0.19621,  -0.00145
  50.65309,   0.25199,  -0.00170
  49.63370,   0.33493,  -0.00180
  48.26756,   0.23303,  -0.00216
  47.77136,   0.15538,  -0.00210
  47.14886,   0.18813,  -0.00184
  47.65713,   0.21797,  -0.00158
  47.87060,   0.38671,  -0.00106
  46.70496,   0.50633,  -0.00088
  44.26847,   0.41381,  -0.00114
  42.63656,   0.24514,  -0.00150
  41.85495,   0.03476,  -0.00200
  42.87006,  -0.12276,  -0.00225
  41.03789,  -0.12170,  -0.00209
  42.79200,   0.08589,  -0.00156
  43.91878,   0.29985,  -0.00094
  43.64443,   0.37785,  -0.00063
  43.37631,   0.31506,  -0.00054
  43.16561,   0.19824,  -0.00068
  43.52959,   0.23831,  -0.00050
  43.35719,   0.24338,  -0.00061
  43.50464,   0.27147,  -0.00068
  43.06876,   0.23645,  -0.00071
  44.43350,   0.15217,  -0.00085
  46.24861,   0.07703,  -0.00104
  47.84265,   0.05488,  -0.00117
  48.51807,   0.16900,  -0.00136
  47.92799,   0.28780,  -0.00157
  47.42321,   0.23775,  -0.00218
  46.32304,   0.08266,  -0.00249
  46.02067,  -0.11314,  -0.00260
  36.52202,  -0.08572,  -0.00178
  37.28010,   0.02853,  -0.00128
  36.99458,   0.24293,  -0.00052
  36.49749,   0.36347,  -0.00004
  46.98146,   0.31101,   0.00048
  46.06400,   0.14857,   0.00022
  46.09501,  -0.00459,  -0.00010
  46.32363,  -0.05697,  -0.00024
  46.85998,  -0.03036,  -0.00037
  47.87083,   0.15726,  -0.00012
  48.33989,   0.22520,  -0.00028
  49.08760,   0.26367,  -0.00016
  37.72781,   0.30652,  -0.00025
  37.83360,   0.33785,  -0.00028
  37.56677,   0.41128,  -0.00024
  36.21058,   0.42757,  -0.00048
  35.21004,   0.32885,  -0.00070
  35.36901,   0.15343,  -0.00100
  36.86069,   0.00644,  -0.00120
  38.92779,   0.02309,  -0.00115
  41.25091,   0.09759,  -0.00098
  41.75359,   0.31034,  -0.00073
  40.61297,   0.40554,  -0.00065
  39.69873,   0.25669,  -0.00094
  48.29653,   0.15643,  -0.00173
  47.86813,   0.04864,  -0.00199
  59.80141,   0.40873,  -0.00086
  59.37594,   0.48951,  -0.00068
  57.79719,   0.57351,  -0.00043
  56.80237,   0.58725,  -0.00034
  54.03645,   0.51476,   0.00197
  54.09019,   0.46721,   0.00183
  53.92954,   0.45248,   0.00164
  53.42119,   0.46908,   0.00149
  52.72806,   0.50666,   0.00140
  52.38473,   0.48971,   0.00128
  52.63379,   0.45443,   0.00132
  53.35583,   0.42733,   0.00145
  54.10925,   0.47977,   0.00170
  54.23230,   0.56663,   0.00193
  53.71734,   0.65833,   0.00209
  55.44310,   0.42565,   0.00175
  55.10610,   0.37319,   0.00162
  55.29488,   0.27964,   0.00140
  46.26810,   0.04924,  -0.00120
  47.95859,   0.09102,  -0.00117
  47.16003,   0.33198,  -0.00155
  47.84319,   0.53118,  -0.00136
  51.48704,   0.23036,  -0.00074
  51.24707,   0.17606,  -0.00092
  37.87691,   0.33656,  -0.00180
  37.17850,   0.31968,  -0.00192
  55.44588,   0.34999,   0.00116
  54.83879,   0.35725,   0.00122
  54.61298,   0.33777,   0.00132
  52.32628,   0.53673,   0.00180
  53.17745,   0.49402,   0.00195
  53.94479,   0.50204,   0.00211
  54.12408,   0.56854,   0.00229
  53.87835,   0.60841,   0.00235
  53.46071,   0.61237,   0.00239
  53.42248,   0.54520,   0.00237
  54.03140,   0.45946,   0.00228
  54.67824,   0.42954,   0.00237
  54.97594,   0.48483,   0.00256
  54.62141,   0.59140,   0.00278
  54.12301,   0.65953,   0.00289
  53.69855,   0.64955,   0.00285
  53.66075,   0.57744,   0.00265
  53.82518,   0.49327,   0.00238
  54.00751,   0.46418,   0.00215
  54.20360,   0.47901,   0.00202
  54.31566,   0.53795,   0.00204
  54.62889,   0.57152,   0.00213
  55.32425,   0.56302,   0.00219
  55.82028,   0.56340,   0.00232
  55.86102,   0.59372,   0.00245
  55.53174,   0.65339,   0.00258
  54.43839,   0.69212,   0.00264
  53.49620,   0.67217,   0.00264
  58.39627,   0.32484,   0.00060
  41.19370,   0.19374,   0.00008
  42.38159,   0.20997,   0.00029
  42.93044,   0.31653,   0.00060
  43.14506,   0.51191,   0.00079
  50.81717,   0.82216,   0.00119
  49.68996,   0.76370,   0.00091
  49.02416,   0.62680,   0.00057
  49.59297,   0.53788,   0.00021
  50.09603,   0.56429,   0.00027
  50.01262,   0.66094,   0.00053
  50.25334,   0.76217,   0.00086
  50.29368,   0.76936,   0.00112
  50.21872,   0.74917,   0.00138
  50.81010,   0.66894,   0.00128
  34.88604,   0.28460,   0.00087
  35.05925,   0.30915,   0.00063
  35.09013,   0.31249,   0.00041
  35.41191,   0.14759,  -0.00001
  36.59937,   0.03524,  -0.00016
  38.25703,  -0.01275,  -0.00015
  38.04747,   0.08355,  -0.00005
  38.35748,   0.24789,   0.00014
  37.11786,   0.36175,   0.00028
  35.02571,   0.31249,   0.00009
  32.88635,   0.17429,  -0.00027
  31.73834,  -0.06796,  -0.00070
  31.25974,  -0.12713,  -0.00085
  32.07900,  -0.09626,  -0.00086
  32.27821,  -0.01140,  -0.00071
  32.67843,   0.10680,  -0.00037
  32.66167,   0.12297,  -0.00017
  32.39189,   0.05747,  -0.00033
  31.92948,  -0.00566,  -0.00037
  31.29161,   0.00779,  -0.00032
  31.19601,   0.09128,  -0.00022
  30.85388,   0.16846,   0.00003
  31.17767,   0.17223,   0.00027
  31.55893,   0.19354,   0.00054
  33.06265,   0.20557,   0.00067
  34.42362,   0.29990,   0.00073
  34.85094,   0.44254,   0.00079
  34.66631,   0.46702,   0.00041
  33.79710,   0.43657,  -0.00010
  33.60251,   0.28403,  -0.00067
  34.98094,   0.11448,  -0.00131
  36.62656,   0.12816,  -0.00140
  38.01993,   0.29181,  -0.00115
  38.68565,   0.48789,  -0.00069
  38.03233,   0.58734,  -0.00034
  36.66844,   0.52071,  -0.00023
  35.78977,   0.45684,  -0.00014
  34.82709,   0.31198,  -0.00037
  34.51176,   0.27552,  -0.00051
  34.61000,   0.31877,  -0.00035
  39.60349,   0.30128,  -0.00055
  40.05713,   0.29299,  -0.00040
  40.19911,   0.24620,  -0.00052
  40.88249,   0.25234,  -0.00048
  41.38176,   0.33121,  -0.00056
  40.31516,   0.44917,  -0.00057
  38.54442,   0.48358,  -0.00069
  37.02520,   0.43819,  -0.00102
  36.42172,   0.25888,  -0.00122
  37.15242,   0.13827,  -0.00130
  38.49433,   0.26572,  -0.00106
  39.99435,   0.40882,  -0.00070
  40.71942,   0.56936,  -0.00052
  40.57704,   0.60831,  -0.00060
  41.00915,   0.47174,  -0.00103
  41.00999,   0.29372,  -0.00153
  41.78872,   0.20729,  -0.00184
  43.95317,   0.28799,  -0.00180
  39.65024,   0.43827,  -0.00139
  40.28914,   0.58074,  -0.00103
  40.50534,   0.60700,  -0.00080
  40.47559,   0.62951,  -0.00057
  40.10349,   0.56284,  -0.00061
  39.73682,   0.58013,  -0.00050
  38.37337,   0.59188,  -0.00073
  36.93692,   0.56132,  -0.00104
  35.66195,   0.39286,  -0.00157
  36.36216,   0.25763,  -0.00177
  37.75382,   0.23461,  -0.00189
  39.32303,   0.36091,  -0.00152
  40.06394,   0.54843,  -0.00112
  39.03766,   0.68769,  -0.00071
  36.64052,   0.63443,  -0.00051
  35.07810,   0.44922,  -0.00057
  34.50001,   0.24260,  -0.00066
  35.03554,   0.24686,  -0.00040
  36.48752,   0.31672,  -0.00013
  37.99347,   0.46524,   0.00020
  38.31053,   0.49415,   0.00042
  39.03807,   0.42941,   0.00027
  39.46658,   0.32553,  -0.00007
  39.78969,   0.24715,  -0.00051
  41.05019,   0.16482,  -0.00107
  40.48193,   0.21817,  -0.00136
  39.64274,   0.22534,  -0.00151
  39.22480,   0.12193,  -0.00171
  39.14736,   0.10553,  -0.00148
  39.43290,   0.07969,  -0.00128
  39.48651,   0.15298,  -0.00107
  38.89176,   0.27957,  -0.00072
  37.22825,   0.26138,  -0.00078
  35.12747,   0.13613,  -0.00106
  33.72421,  -0.07431,  -0.00137
  33.59654,  -0.23476,  -0.00164
  54.39284,   0.15566,  -0.00084
  55.09678,   0.33183,  -0.00039
  54.87367,   0.55192,   0.00012
  53.43423,   0.63394,   0.00029
  51.99645,   0.60858,   0.00036
  51.03351,   0.48944,   0.00021
  51.42424,   0.45863,   0.00018
  51.34115,   0.45683,   0.00005
  50.98016,   0.47668,   0.00006
  51.47133,   0.53315,  -0.00000
  51.44068,   0.47463,  -0.00014
  52.64841,   0.42671,  -0.00020
  53.94713,   0.42604,  -0.00023
  55.49042,   0.49149,  -0.00018
  55.25907,   0.61175,  -0.00016
  55.17423,   0.59808,  -0.00027
  54.67991,   0.50668,  -0.00044
  55.11748,   0.33650,  -0.00052
  56.16759,   0.29926,  -0.00024
  57.41546,   0.32419,   0.00013
  57.07976,   0.47564,   0.00086
  56.28703,   0.59996,   0.00114
  54.95876,   0.59568,   0.00107
  53.91718,   0.44329,   0.00075
  53.71560,   0.22780,   0.00025
  54.25475,   0.10416,  -0.00007
  54.82901,   0.09259,  -0.00033
  55.28514,   0.22664,  -0.00015
  54.01104,   0.31750,  -0.00017
  53.75891,   0.32887,   0.00012
  53.88700,   0.27762,   0.00037
  54.76638,   0.35989,   0.00077
  54.69484,   0.37895,   0.00091
  54.14686,   0.42791,   0.00096
  53.57328,   0.41881,   0.00102
  54.19267,   0.32747,   0.00099
  55.72874,   0.19229,   0.00088
  58.16281,   0.18759,   0.00105
  59.92050,   0.30808,   0.00126
  60.17912,   0.56078,   0.00153
  63.64046,   0.63898,   0.00086
  62.30246,   0.64466,   0.00067
  62.31768,   0.53972,   0.00028
  62.54819,   0.41422,  -0.00001
  63.42941,   0.40012,  -0.00002
  63.63830,   0.47615,   0.00007
  63.22790,   0.58959,   0.00023
  62.30765,   0.62396,   0.00033
  62.08909,   0.58365,   0.00024
  62.05725,   0.49023,   0.00004
  62.06236,   0.43376,  -0.00016
  62.16929,   0.44253,  -0.00030
  61.35318,   0.45636,  -0.00040
  60.50318,   0.43371,  -0.00045
  60.10665,   0.39371,  -0.00044
  60.79321,   0.33786,  -0.00016
  61.87639,   0.35021,   0.00021
  62.16941,   0.50004,   0.00074
  61.25215,   0.61622,   0.00092
  59.72013,   0.64487,   0.00080
  58.55821,   0.54402,   0.00049
  58.69539,   0.36027,  -0.00001
  59.91946,   0.22067,  -0.00042
  60.94322,   0.20253,  -0.00066
  61.82613,   0.34528,  -0.00064
  61.73953,   0.50278,  -0.00055
  61.18402,   0.53242,  -0.00069
  60.68966,   0.47090,  -0.00089
  60.73528,   0.35353,  -0.00120
  62.15666,   0.33828,  -0.00126
  61.96958,   0.32799,  -0.00138
  61.45722,   0.35802,  -0.00140
  61.09010,   0.36945,  -0.00121
  60.85240,   0.31688,  -0.00109
  61.13095,   0.27669,  -0.00095
  61.73108,   0.28902,  -0.00089
  61.45558,   0.38408,  -0.00083
  60.12987,   0.44725,  -0.00090
  58.46156,   0.46887,  -0.00107
  57.40455,   0.38339,  -0.00154
  57.35763,   0.26026,  -0.00173
  58.14632,   0.20200,  -0.00166
  58.41653,   0.32729,  -0.00133
  58.33647,   0.49512,  -0.00087
  57.21075,   0.63712,  -0.00049
  56.07283,   0.63147,  -0.00051
  55.53057,   0.50752,  -0.00079
  56.52030,   0.38613,  -0.00110
  57.61603,   0.32019,  -0.00133
  58.59982,   0.38693,  -0.00130
  58.91943,   0.42795,  -0.00123
  59.26774,   0.51213,  -0.00092
  59.59682,   0.53024,  -0.00064
  60.13092,   0.51975,  -0.00055
  61.33276,   0.56789,  -0.00031
  61.02138,   0.62010,  -0.00025
  59.89479,   0.65952,  -0.00033
  59.08414,   0.63023,  -0.00045
  58.77428,   0.50318,  -0.00076
  59.59217,   0.35769,  -0.00100
  60.42609,   0.30851,  -0.00105
  61.15509,   0.39453,  -0.00092
  60.64183,   0.53888,  -0.00076
  59.25653,   0.57551,  -0.00083
  58.19315,   0.52111,  -0.00114
  57.35852,   0.36871,  -0.00142
  57.56281,   0.21843,  -0.00160
  58.59083,   0.23597,  -0.00149
  58.91096,   0.34325,  -0.00103
  58.55731,   0.47980,  -0.00046
  57.33723,   0.57001,   0.00006
  57.28954,   0.54095,   0.00026
  57.74021,   0.48001,   0.00024
  58.41571,   0.47995,   0.00019
  58.22399,   0.53948,   0.00002
  57.65871,   0.60634,  -0.00020
  57.19616,   0.54509,  -0.00063
  57.64612,   0.51043,  -0.00078
  58.84735,   0.48360,  -0.00080
  59.89164,   0.55029,  -0.00068
  60.20535,   0.69007,  -0.00045
  59.29588,   0.81792,  -0.00034
  58.46314,   0.86240,  -0.00031
  57.46484,   0.73453,  -0.00068
  57.63248,   0.53262,  -0.00113
  58.91936,   0.42247,  -0.00123
  60.25110,   0.41720,  -0.00117
  60.75696,   0.54018,  -0.00085
  59.68778,   0.61829,  -0.00056
  59.04990,   0.64877,  -0.00035
  58.67375,   0.57643,  -0.00035
  58.72939,   0.49974,  -0.00051
  58.65814,   0.44737,  -0.00055
  58.19986,   0.47040,  -0.00049
  57.06925,   0.52473,  -0.00039
  56.74863,   0.51274,  -0.00028
  57.16775,   0.43343,  -0.00020
  57.41429,   0.39975,  -0.00009
  58.68659,   0.39930,  -0.00006
  59.07624,   0.47644,  -0.00008
  58.72851,   0.50528,  -0.00029
  57.94471,   0.48608,  -0.00065
  57.88926,   0.36142,  -0.00106
  59.24785,   0.19823,  -0.00153
  61.34075,   0.14413,  -0.00148
  62.93130,   0.26280,  -0.00107
  63.21060,   0.48392,  -0.00043
  62.29823,   0.62135,  -0.00008
  61.14795,   0.61118,  -0.00006
  61.25587,   0.53470,  -0.00008
  61.44996,   0.38346,  -0.00049
  61.64886,   0.33340,  -0.00081
  61.48166,   0.34550,  -0.00093
  61.08219,   0.44392,  -0.00100
  60.68865,   0.49663,  -0.00103
  59.94722,   0.42899,  -0.00129
  60.03030,   0.41392,  -0.00131
  59.84306,   0.45663,  -0.00130
  59.62811,   0.56160,  -0.00127
  57.95414,   0.62611,  -0.00128
  56.34842,   0.58539,  -0.00139
  55.77425,   0.50639,  -0.00147
  56.64946,   0.37809,  -0.00143
  58.26333,   0.35941,  -0.00118
  58.81703,   0.50657,  -0.00060
  58.49786,   0.69284,  -0.00022
  57.47260,   0.78679,  -0.00012
  56.80224,   0.69586,  -0.00043
  56.64785,   0.57346,  -0.00080
  57.42976,   0.48099,  -0.00111
  58.47910,   0.48777,  -0.00120
  59.08588,   0.61647,  -0.00102
  58.98781,   0.73899,  -0.00077
  58.27756,   0.79399,  -0.00055
  58.16941,   0.73099,  -0.00064
  58.43747,   0.63642,  -0.00091
  59.65677,   0.65532,  -0.00096
  59.41364,   0.66085,  -0.00132
  58.78747,   0.65316,  -0.00166
  58.36824,   0.54165,  -0.00207
  58.85387,   0.41604,  -0.00222
  60.02873,   0.33000,  -0.00212
  60.64061,   0.39076,  -0.00182
  60.85626,   0.54296,  -0.00132
  60.02682,   0.70961,  -0.00086
  58.30921,   0.74440,  -0.00070
  57.01531,   0.63770,  -0.00079
  56.92252,   0.55232,  -0.00085
  57.64752,   0.44236,  -0.00089
  58.53889,   0.49272,  -0.00065
  57.78346,   0.60016,  -0.00040
  57.62783,   0.73406,  -0.00018
  57.31158,   0.77013,  -0.00017
  57.67873,   0.69180,  -0.00058
  58.06198,   0.63375,  -0.00083
  58.34636,   0.63811,  -0.00099
  59.05689,   0.68938,  -0.00111
  58.97476,   0.75986,  -0.00105
  59.15154,   0.75940,  -0.00092
  59.75326,   0.73164,  -0.00070
  60.85950,   0.68093,  -0.00048
  61.68138,   0.70756,  -0.00024
  61.91260,   0.80821,   0.00016
  60.75420,   0.86473,   0.00012
  59.56106,   0.82793,  -0.00012
  59.28615,   0.65592,  -0.00057
  59.62999,   0.51298,  -0.00081
  60.48184,   0.46716,  -0.00079
  60.51788,   0.51831,  -0.00066
  60.25667,   0.67114,  -0.00028
  59.15986,   0.76740,  -0.00002
  58.02208,   0.75821,  -0.00004
  57.08214,   0.63048,  -0.00023
  56.70779,   0.48596,  -0.00050
  57.08706,   0.45661,  -0.00058
  57.06976,   0.47453,  -0.00062
  56.95186,   0.50989,  -0.00055
  56.25013,   0.45929,  -0.00060
  56.78034,   0.41644,  -0.00047
  57.78838,   0.39315,  -0.00035
  58.87331,   0.42861,  -0.00027
  58.73395,   0.53227,  -0.00017
  57.73254,   0.59833,  -0.00018
  57.00193,   0.55378,  -0.00031
  56.64576,   0.44239,  -0.00046
  57.31777,   0.34506,  -0.00051
  58.15306,   0.39454,  -0.00020
  58.80371,   0.52571,  -0.00004
  58.32524,   0.66932,   0.00001
  57.16085,   0.68260,  -0.00010
  56.03697,   0.60014,  -0.00057
  55.55300,   0.44148,  -0.00112
  56.38679,   0.31444,  -0.00163
  56.90123,   0.32797,  -0.00174
  57.09333,   0.43162,  -0.00157
  56.22693,   0.51249,  -0.00132
  55.64051,   0.53207,  -0.00094
  55.35929,   0.48237,  -0.00064
  55.75798,   0.50963,  -0.00026
  55.78450,   0.50037,  -0.00015
  55.20993,   0.53577,  -0.00010
  53.95198,   0.53908,  -0.00003
  53.63989,   0.47691,  -0.00013
  54.23988,   0.37792,  -0.00018
  54.70676,   0.30393,  -0.00025
  56.41226,   0.37592,  -0.00003
  57.23958,   0.54600,   0.00024
  56.76681,   0.64800,   0.00025
  55.65975,   0.67381,   0.00014
  54.88556,   0.56204,  -0.00016
  55.95077,   0.44195,  -0.00043
  57.44676,   0.33248,  -0.00060
  59.06202,   0.36749,  -0.00052
  59.46644,   0.49682,  -0.00010
  59.50151,   0.58789,   0.00011
  59.42165,   0.57409,   0.00016
  60.15072,   0.47357,   0.00003
  60.92775,   0.38835,  -0.00018
  61.32917,   0.39570,  -0.00029
  61.36645,   0.41724,  -0.00043
  60.59521,   0.47012,  -0.00033
  59.95066,   0.46665,  -0.00017
  59.42754,   0.42909,  -0.00006
  60.13367,   0.41984,   0.00022
  52.71102,   0.51018,  -0.00101
  37.77056,   0.24377,   0.00068
  35.88219,   0.31255,   0.00060
  33.74219,   0.21093,   0.00017
  32.59690,   0.02442,  -0.00030
  32.91756,  -0.13475,  -0.00082
  34.55929,  -0.12957,  -0.00088
  36.42422,   0.05784,  -0.00059
  37.75222,   0.23340,  -0.00029
  37.64614,   0.39773,   0.00014
  36.85030,   0.38984,   0.00029
  36.98669,   0.32407,   0.00030
  36.85052,   0.21686,   0.00019
  37.07371,   0.22058,   0.00016
  37.98756,   0.33081,   0.00047
  38.05941,   0.36107,   0.00061
  39.06266,   0.33957,   0.00066
  40.49910,   0.27983,   0.00056
  41.60349,   0.26213,   0.00037
  53.20398,   0.69276,  -0.00124
  52.53349,   0.75315,  -0.00135
  51.53263,   0.73343,  -0.00162
  50.37262,   0.66253,  -0.00191
  49.83959,   0.51914,  -0.00218
  40.14746,   0.43140,  -0.00313
  40.91404,   0.42612,  -0.00292
  41.00421,   0.55807,  -0.00238
  40.61913,   0.65364,  -0.00198
  30.29764,   0.33999,   0.00021
  28.68015,   0.15937,   0.00003
  27.67996,  -0.08541,  -0.00034
  27.14019,  -0.21552,  -0.00058
  27.63083,  -0.21375,  -0.00054
  28.59228,  -0.17964,  -0.00059
  29.66066,  -0.03661,  -0.00022
  30.37294,   0.01840,   0.00009
  30.59464,   0.01522,   0.00008
  30.67149,   0.00132,   0.00002
  37.78285,   0.48870,  -0.00175
  36.83706,   0.53032,  -0.00196
  35.84331,   0.51364,  -0.00219
  35.44713,   0.42175,  -0.00255
  35.99815,   0.28454,  -0.00288
  37.75317,   0.23620,  -0.00301
  39.78240,   0.31845,  -0.00282
  40.63140,   0.50259,  -0.00252
  48.36350,   0.16457,  -0.00021
  46.84225,   0.19140,  -0.00025
  46.12396,   0.04258,  -0.00061
  45.06708,  -0.16735,  -0.00077
  45.07868,  -0.16289,  -0.00053
  45.16046,  -0.06537,  -0.00006
  44.02585,   0.09586,   0.00061
  43.69957,   0.21861,   0.00107
  42.24003,   0.19795,   0.00126
  41.54658,   0.08709,   0.00109
  41.48110,  -0.01457,   0.00085
  40.98781,  -0.04378,   0.00064
  36.55335,  -0.05871,  -0.00046
  36.33891,  -0.03584,  -0.00056
  36.56686,  -0.08278,  -0.00055
  36.23125,  -0.14193,  -0.00070
  37.13428,  -0.12409,  -0.00046
  37.91216,   0.00412,  -0.00012
  49.96404,   0.50432,  -0.00054
  49.23728,   0.55891,  -0.00045
  48.65628,   0.48910,  -0.00051
  48.39839,   0.29666,  -0.00087
  49.52205,   0.03806,  -0.00081
  50.53485,   0.01762,  -0.00087
  51.31289,   0.10260,  -0.00069
  51.74949,   0.26065,  -0.00046
  51.44096,   0.31910,  -0.00037
  50.99391,   0.29868,  -0.00047
  37.30043,  -0.09599,   0.00024
  36.40628,  -0.17922,  -0.00006
  35.50505,  -0.16701,  -0.00015
  34.60720,  -0.09519,  -0.00004
  33.66937,  -0.07765,   0.00010
  32.16810,  -0.07005,   0.00033
  32.62204,  -0.14398,   0.00050
  33.52421,  -0.15763,   0.00065
  33.82297,  -0.08228,   0.00088
  33.46149,   0.01748,   0.00100
  26.46759,  -0.03628,   0.00113
  25.68915,  -0.12610,   0.00109
  26.13788,  -0.25866,   0.00087
  27.78711,  -0.30925,   0.00110
  32.83082,  -0.24203,   0.00208
  34.30581,  -0.02189,   0.00277
  34.95106,   0.19066,   0.00325
  34.56274,   0.24294,   0.00338
  33.75948,   0.13096,   0.00332
  33.80915,  -0.08253,   0.00283
  34.82466,  -0.20999,   0.00244
  35.86835,  -0.31900,   0.00197
  37.04571,  -0.22943,   0.00188
  38.20370,  -0.14934,   0.00189
  36.04184,  -0.09013,   0.00104
  36.30829,  -0.14878,   0.00101
  36.43097,  -0.15466,   0.00102
  36.07784,  -0.09115,   0.00118
  34.55023,  -0.04230,   0.00136
  32.57540,  -0.10210,   0.00139
  31.43965,  -0.25588,   0.00139
  31.07112,  -0.34992,   0.00144
  31.55795,  -0.38467,   0.00166
  33.09652,  -0.28674,   0.00194
  33.70727,  -0.09084,   0.00224
  32.89108,  -0.07496,   0.00214
  31.52894,  -0.09346,   0.00192
  30.33845,  -0.23780,   0.00149
  52.04939,   0.04983,  -0.00057
  52.20150,   0.02688,  -0.00069
  52.49839,   0.11699,  -0.00058
  52.68267,   0.24486,  -0.00038
  52.70904,   0.34313,  -0.00017
  52.83768,   0.33774,  -0.00017
  53.02244,   0.26989,  -0.00035
  53.30884,   0.25509,  -0.00051
  53.30351,   0.25703,  -0.00071
  52.99934,   0.29723,  -0.00091
  53.05586,   0.26973,  -0.00114
  53.52662,   0.24624,  -0.00128
  35.08807,  -0.16267,  -0.00010
  36.70926,  -0.10655,   0.00005
  37.94065,   0.07204,   0.00045
  37.52211,   0.25827,   0.00066
  35.98647,   0.31079,   0.00074
  33.81416,   0.21758,   0.00052
  32.14244,   0.04475,   0.00016
  31.81041,  -0.09179,  -0.00013
  32.31681,  -0.11429,  -0.00022
  33.56048,  -0.00112,  -0.00019
  33.54824,   0.07954,  -0.00014
  33.54379,   0.13611,  -0.00007
  46.97083,   0.08789,  -0.00017
  46.21537,  -0.07939,  -0.00035
  43.28827,  -0.11913,  -0.00030
  42.87074,  -0.11804,  -0.00019
  42.68823,  -0.02448,   0.00005
  43.07621,   0.03274,   0.00047
  43.06763,   0.11179,   0.00084
  44.55913,   0.07055,   0.00104
  45.90153,   0.15368,   0.00142
  46.77775,   0.24086,   0.00135
  47.19558,   0.27529,   0.00125
  46.51508,   0.28113,   0.00081
  46.85392,   0.10486,   0.00010
  47.64683,  -0.08529,  -0.00042
  61.00392,   0.31476,  -0.00115
  62.00764,   0.39090,  -0.00101
  62.05164,   0.55145,  -0.00069
  61.44699,   0.68924,  -0.00043
  60.18738,   0.70572,  -0.00036
  59.26928,   0.59722,  -0.00052
  59.67183,   0.51841,  -0.00060
  59.85777,   0.44530,  -0.00073
  59.93522,   0.47504,  -0.00067
  59.48716,   0.52091,  -0.00054
  59.32176,   0.57705,  -0.00028
  59.42273,   0.58873,  -0.00003
  59.64398,   0.56557,   0.00002
  59.95750,   0.60438,   0.00021
  59.59858,   0.69133,   0.00035
  58.86296,   0.74726,   0.00032
  57.70858,   0.75209,   0.00027
  57.28914,   0.67352,   0.00015
  57.79618,   0.59609,   0.00007
  59.07898,   0.55975,   0.00009
  60.06121,   0.63926,   0.00022
  60.05353,   0.74524,   0.00039
  59.30194,   0.80863,   0.00028
  58.53428,   0.75959,  -0.00004
  59.00387,   0.60200,  -0.00055
  59.64003,   0.46815,  -0.00090
  60.53109,   0.43059,  -0.00100
  61.16703,   0.48529,  -0.00084
  61.05950,   0.57381,  -0.00054
  60.71164,   0.61242,  -0.00027
  60.28736,   0.61252,  -0.00000
  60.34351,   0.52840,  -0.00001
  60.32398,   0.47444,  -0.00011
  59.87901,   0.49011,  -0.00009
  58.71509,   0.49080,  -0.00031
  57.74223,   0.44361,  -0.00057
  57.09918,   0.31975,  -0.00095
  57.73750,   0.24603,  -0.00102
  58.71923,   0.26542,  -0.00090
  58.91405,   0.37137,  -0.00079
  58.31956,   0.50768,  -0.00061
  56.98918,   0.55264,  -0.00059
  56.26913,   0.49947,  -0.00075
  56.16655,   0.32832,  -0.00097
  57.27471,   0.19849,  -0.00106
  58.67418,   0.25997,  -0.00072
  59.64912,   0.39178,  -0.00040
  59.84316,   0.52957,  -0.00012
  59.30733,   0.54591,  -0.00002
  59.45473,   0.50739,  -0.00013
  59.93920,   0.43951,  -0.00037
  60.52242,   0.39742,  -0.00060
  60.30790,   0.44728,  -0.00072
  59.77725,   0.50548,  -0.00075
  59.18748,   0.49671,  -0.00081
  59.21164,   0.45097,  -0.00076
  59.80654,   0.39661,  -0.00068
  60.39836,   0.44009,  -0.00041
  60.19829,   0.49851,  -0.00035
  59.07411,   0.54755,  -0.00043
  57.92462,   0.49199,  -0.00067
  57.12284,   0.35072,  -0.00102
  57.66699,   0.17492,  -0.00128
  58.89717,   0.07766,  -0.00143
  60.26368,   0.15704,  -0.00106
  60.61529,   0.33856,  -0.00052
  59.74580,   0.46632,  -0.00017
  58.72647,   0.49146,   0.00007
  58.22884,   0.40632,   0.00008
  58.97354,   0.35206,   0.00011
  59.52666,   0.31361,   0.00001
  59.69497,   0.35855,  -0.00004
  59.02338,   0.39287,  -0.00003
  58.96157,   0.42702,  -0.00007
  59.39257,   0.41531,  -0.00018
  60.20950,   0.36967,  -0.00042
  60.91295,   0.42304,  -0.00056
  60.69645,   0.52294,  -0.00071
  60.40966,   0.55247,  -0.00098
  59.14720,   0.54044,  -0.00119
  58.81054,   0.44551,  -0.00138
  59.83205,   0.38969,  -0.00132
  61.17708,   0.38590,  -0.00109
  61.87564,   0.49898,  -0.00070
  61.34809,   0.67143,  -0.00012
  59.97075,   0.74451,  -0.00000
  58.58409,   0.68955,  -0.00016
  58.19237,   0.54503,  -0.00050
  58.29256,   0.43424,  -0.00078
  58.54742,   0.43882,  -0.00084
  58.13286,   0.49454,  -0.00089
  57.73884,   0.60935,  -0.00061
  57.27046,   0.66374,  -0.00037
  56.93917,   0.67060,  -0.00033
  57.20532,   0.62436,  -0.00028
  57.41459,   0.60929,  -0.00029
  57.52465,   0.67037,  -0.00020
  56.88340,   0.66403,  -0.00036
  56.67785,   0.59195,  -0.00057
  57.19748,   0.47183,  -0.00078
  59.01160,   0.38198,  -0.00078
  60.88168,   0.40465,  -0.00059
  61.70645,   0.51178,  -0.00038
  61.39448,   0.64520,  -0.00019
  60.40458,   0.68211,  -0.00020
  60.16494,   0.59912,  -0.00047
  60.26409,   0.44416,  -0.00073
  61.00216,   0.32675,  -0.00087
  61.49722,   0.36958,  -0.00068
  61.34240,   0.46222,  -0.00048
  60.62330,   0.53973,  -0.00035
  59.58275,   0.52773,  -0.00040
  59.14308,   0.44173,  -0.00064
  59.01338,   0.34660,  -0.00096
  59.21313,   0.29811,  -0.00131
  58.47510,   0.32803,  -0.00142
  57.49589,   0.36132,  -0.00141
  56.89878,   0.31393,  -0.00148
  56.76240,   0.29387,  -0.00133
  57.45779,   0.28362,  -0.00096
  58.19937,   0.36058,  -0.00052
  58.19862,   0.52452,  -0.00006
  57.25222,   0.60970,   0.00015
  55.80612,   0.59910,   0.00003
  55.07135,   0.49001,  -0.00027
  55.47804,   0.34338,  -0.00061
  56.62325,   0.31671,  -0.00073
  57.62706,   0.42770,  -0.00062
  48.83497,   0.12875,  -0.00043
  48.93380,   0.30447,  -0.00036
  48.78927,   0.26194,  -0.00068
  47.73388,   0.14249,  -0.00107
  54.96215,   0.36908,  -0.00060
  54.79727,   0.31237,  -0.00080
  44.24918,   0.00902,  -0.00129
  44.01169,   0.02836,  -0.00116
  44.01429,  -0.01623,  -0.00099
  43.05068,  -0.06987,  -0.00077
  43.53127,  -0.13507,  -0.00075
  43.85379,  -0.11623,  -0.00072
  32.47267,   0.01566,  -0.00081
  31.06142,   0.01191,  -0.00092
  29.11388,  -0.08866,  -0.00133
  28.09557,  -0.27694,  -0.00139
  27.97920,  -0.40973,  -0.00127
  27.66265,  -0.29885,  -0.00098
  28.36037,  -0.13245,  -0.00051
  28.32920,   0.05230,  -0.00015
  26.26300,   0.11608,  -0.00004
  24.90357,  -0.01617,  -0.00035
  23.79219,  -0.19358,  -0.00082
  23.53479,  -0.36946,  -0.00126
  24.06449,  -0.39870,  -0.00149
  25.20016,  -0.36857,  -0.00169
  26.86255,  -0.21151,  -0.00141
  28.40615,  -0.10501,  -0.00111
  29.51643,  -0.08783,  -0.00098
  30.03850,  -0.09174,  -0.00083
  30.61588,   0.00617,  -0.00049
  30.17435,   0.07436,  -0.00028
  29.18576,   0.10222,  -0.00022
  28.39776,   0.00860,  -0.00029
  28.83070,  -0.12696,  -0.00037
  30.00800,  -0.14955,  -0.00027
  32.13012,  -0.06280,  -0.00009
  33.26173,   0.12990,   0.00010
  32.47244,   0.17556,  -0.00016
  30.99134,   0.20857,  -0.00030
  29.46054,   0.07640,  -0.00060
  28.68523,  -0.12126,  -0.00114
  28.50196,  -0.16760,  -0.00116
  28.87587,  -0.11120,  -0.00079
  29.40191,   0.04492,  -0.00027
  28.40136,   0.18917,   0.00031
  28.36337,   0.17913,   0.00062
  28.28359,   0.07195,   0.00066
  28.45082,  -0.00693,   0.00069
  28.70259,  -0.03269,   0.00055
  28.85365,   0.00262,   0.00043
  29.68423,  -0.05837,   0.00021
  30.60105,  -0.12387,  -0.00000
  32.27654,  -0.17631,  -0.00012
  34.43042,  -0.13735,  -0.00002
  35.64511,  -0.00525,   0.00011
  35.49079,   0.16814,   0.00015
  34.48871,   0.25225,   0.00014
  32.51764,   0.13895,  -0.00039
  31.10211,  -0.10731,  -0.00099
  30.85592,  -0.25137,  -0.00135
  31.31689,  -0.34108,  -0.00160
  32.51903,  -0.24924,  -0.00158
  32.73429,  -0.15046,  -0.00147
  32.70016,  -0.02656,  -0.00129
  31.67108,  -0.05133,  -0.00131
  30.81620,  -0.14798,  -0.00153
  29.52943,  -0.25028,  -0.00159
  28.38640,  -0.25041,  -0.00151
  27.43606,  -0.14137,  -0.00127
  26.86742,  -0.09391,  -0.00105
  26.85967,  -0.10840,  -0.00083
  26.49059,  -0.10297,  -0.00066
  27.06388,  -0.07612,  -0.00055
  27.78125,  -0.04093,  -0.00056
  27.72493,   0.08352,  -0.00078
  26.82749,   0.12902,  -0.00118
  26.46844,  -0.06946,  -0.00192
  26.85828,  -0.25946,  -0.00238
  28.81313,  -0.34695,  -0.00275
  30.91407,  -0.28933,  -0.00264
  32.62204,  -0.07101,  -0.00223
  33.19534,   0.16040,  -0.00155
  32.63248,   0.20795,  -0.00134
  31.83827,   0.14396,  -0.00122
  31.18340,  -0.10156,  -0.00156
  31.03934,  -0.28316,  -0.00186
  31.86976,  -0.26177,  -0.00175
  32.09156,  -0.27848,  -0.00180
  33.18120,  -0.17659,  -0.00157
  34.08280,  -0.15850,  -0.00138
  34.09966,  -0.24062,  -0.00156
  40.57115,  -0.20193,  -0.00173
  39.50099,  -0.16012,  -0.00166
  37.65549,  -0.09365,  -0.00161
  35.68547,  -0.09344,  -0.00179
  34.11599,  -0.24530,  -0.00201
  32.95095,  -0.34677,  -0.00222
  33.88921,  -0.46169,  -0.00221
  35.40140,  -0.38568,  -0.00194
  36.21385,  -0.17957,  -0.00142
  36.41517,   0.01772,  -0.00112
  36.11496,  -0.04854,  -0.00129
  35.19467,  -0.21343,  -0.00157
  36.26620,  -0.39010,  -0.00204
  36.89644,  -0.41974,  -0.00201
  43.80297,  -0.25160,  -0.00185
  44.88473,   0.00859,  -0.00127
  45.06308,   0.17993,  -0.00078
  45.04609,   0.20216,  -0.00041
  44.39759,   0.10189,  -0.00057
  43.91905,   0.00828,  -0.00089
  44.44501,   0.01398,  -0.00091
  43.91628,  -0.04805,  -0.00130
  43.44433,  -0.05366,  -0.00161
  43.45708,  -0.13978,  -0.00187
  43.65594,  -0.26244,  -0.00227
  44.68014,  -0.27851,  -0.00212
  45.40764,  -0.16149,  -0.00174
  45.46091,   0.00567,  -0.00130
  43.90850,   0.04840,  -0.00097
  41.80558,  -0.03583,  -0.00091
  43.11750,  -0.23702,  -0.00035
  42.83487,  -0.44352,  -0.00039
  43.56573,  -0.51246,  -0.00018
  43.63127,  -0.40487,   0.00037
  44.74849,  -0.22517,   0.00078
  45.34527,  -0.13350,   0.00094
  44.95846,  -0.24365,   0.00069
  45.33284,  -0.37361,   0.00030
  46.06863,  -0.47596,  -0.00005
  46.75645,  -0.49997,  -0.00025
  52.39469,   0.23458,  -0.00191
  52.18986,   0.24441,  -0.00192
  52.36708,   0.21250,  -0.00191
  53.11144,   0.16384,  -0.00189
  54.49062,  -0.12077,  -0.00011
  54.84560,  -0.09701,  -0.00011
  54.24923,  -0.05127,  -0.00020
  48.49459,  -0.46774,  -0.00004
  47.75588,  -0.59791,  -0.00041
  47.78439,  -0.78696,  -0.00069
  52.64427,  -0.60029,  -0.00083
  54.03811,  -0.53583,  -0.00053
  54.61727,  -0.33420,  -0.00002
  53.56209,  -0.17120,   0.00032
  48.89878,  -0.29616,   0.00058
  47.08460,  -0.38173,   0.00048
  45.50091,  -0.56391,   0.00021
  44.73444,  -0.63733,   0.00013
  38.07820,  -0.62533,  -0.00036
  38.68638,  -0.54350,  -0.00029
  39.74322,  -0.45670,  -0.00017
  39.79762,  -0.52380,  -0.00039
  40.92815,  -0.55268,  -0.00042
  41.92671,  -0.54420,  -0.00046
  43.34059,  -0.53280,  -0.00050
  42.80674,  -0.43571,  -0.00044
  42.33894,  -0.43912,  -0.00047
  41.60337,  -0.54215,  -0.00047
  41.99332,  -0.66975,  -0.00042
  43.06914,  -0.60515,   0.00003
  44.69994,  -0.51194,   0.00028
  45.57875,  -0.33772,   0.00052
  45.12747,  -0.28187,   0.00074
  43.73680,  -0.32897,   0.00030
  43.16531,  -0.56077,  -0.00045
  42.73731,  -0.77361,  -0.00114
  43.02044,  -0.87848,  -0.00157
  43.34966,  -0.86202,  -0.00186
  43.55684,  -0.69262,  -0.00162
  42.97356,  -0.58403,  -0.00130
  41.22385,  -0.54368,  -0.00119
  40.04853,  -0.63526,  -0.00118
  39.12758,  -0.61633,  -0.00100
  37.56284,  -0.64893,  -0.00109
  36.25590,  -0.64834,  -0.00110
  34.86808,  -0.69692,  -0.00112
  35.58298,  -0.78069,  -0.00111
  37.35799,  -0.84134,  -0.00103
  38.96498,  -0.76616,  -0.00089
  41.00294,  -0.55404,  -0.00054
  42.19448,  -0.35371,  -0.00025
  41.12546,  -0.20052,  -0.00019
  40.31981,  -0.24780,  -0.00052
  39.53003,  -0.42716,  -0.00090
  40.25306,  -0.46869,  -0.00102
  41.68577,  -0.48233,  -0.00105
  43.45667,  -0.32733,  -0.00083
  44.34237,  -0.17351,  -0.00044
  44.88541,  -0.09472,  -0.00040
  44.82684,  -0.17856,  -0.00064
  45.91864,  -0.32202,  -0.00105
  46.09876,  -0.42534,  -0.00144
  46.10232,  -0.41182,  -0.00153
  46.80256,  -0.37141,  -0.00148
  46.12307,  -0.30579,  -0.00141
  46.09482,  -0.31992,  -0.00096
  46.45213,  -0.36156,  -0.00053
  46.30161,  -0.23339,  -0.00004
  49.23908,  -0.19017,   0.00093
  47.94708,  -0.11800,   0.00117
  46.07613,  -0.15888,   0.00097
  45.04703,  -0.32864,   0.00059
  45.31672,  -0.55542,   0.00021
  46.59461,  -0.70590,  -0.00032
  48.78331,  -0.63568,  -0.00021
  50.37695,  -0.39731,   0.00011
  51.10082,  -0.25015,   0.00011
  50.38038,  -0.18879,   0.00018
  49.36480,  -0.31330,   0.00003
  50.36887,  -0.38554,  -0.00008
  49.72597,  -0.52184,  -0.00027
  49.36394,  -0.52320,  -0.00027
  53.28866,  -0.09027,  -0.00037
  53.31064,  -0.04508,  -0.00024
  53.63070,  -0.05893,  -0.00020
  51.29783,  -0.47040,   0.00023
  51.31782,  -0.44764,   0.00012
  50.65505,  -0.34633,  -0.00001
  50.62397,  -0.35092,  -0.00033
  49.11277,  -0.34288,  -0.00064
  47.96593,  -0.45804,  -0.00094
  47.37762,  -0.54580,  -0.00123
  47.42581,  -0.58453,  -0.00110
  47.41506,  -0.47100,  -0.00073
  46.20726,  -0.25234,  -0.00013
  44.75487,  -0.15970,   0.00001
  42.69499,  -0.23777,  -0.00012
  41.06195,  -0.47204,  -0.00052
  40.44395,  -0.70877,  -0.00090
  41.09629,  -0.80808,  -0.00110
  42.54456,  -0.69082,  -0.00084
  43.93096,  -0.48735,  -0.00034
  43.76046,  -0.42336,  -0.00010
  44.05479,  -0.42000,   0.00017
  44.04109,  -0.42968,   0.00033
  44.04907,  -0.42315,   0.00049
  46.08379,  -0.38860,   0.00055
  45.31700,  -0.38182,   0.00034
  45.02243,  -0.44799,   0.00001
  44.75484,  -0.59249,  -0.00025
  46.10923,  -0.73804,  -0.00049
  47.91096,  -0.75801,  -0.00060
  48.93894,  -0.63828,  -0.00051
  49.21073,  -0.51873,  -0.00047
  48.62489,  -0.50039,  -0.00074
  47.06133,  -0.63526,  -0.00107
  46.08058,  -0.88426,  -0.00140
  45.98739,  -0.97638,  -0.00140
  46.42261,  -0.99910,  -0.00104
  46.90851,  -0.83712,  -0.00039
  45.31685,  -0.60120,   0.00047
  44.53422,  -0.52875,   0.00089
  43.54697,  -0.60865,   0.00093
  42.93587,  -0.73628,   0.00080
  42.69200,  -0.78995,   0.00060
  42.83312,  -0.71882,   0.00054
  43.24677,  -0.72901,   0.00011
  43.80417,  -0.62395,   0.00014
  44.65411,  -0.58858,   0.00028
  45.23274,  -0.58253,   0.00023
  46.68988,  -0.46187,   0.00067
  46.84685,  -0.29257,   0.00094
  45.86587,  -0.14183,   0.00104
  45.30461,  -0.16014,   0.00108
  44.39130,  -0.36067,   0.00068
  45.05137,  -0.61070,   0.00034
  47.35455,  -0.72548,   0.00030
  49.83260,  -0.61494,   0.00055
  51.69937,  -0.34761,   0.00099
  51.77675,  -0.23546,   0.00122
  45.57486,  -0.13260,   0.00075
  44.13560,  -0.23109,   0.00058
  42.96118,  -0.35651,   0.00034
  42.97993,  -0.34497,   0.00028
  42.24315,  -0.32235,   0.00028
  41.80067,  -0.27689,   0.00040
  39.64585,  -0.25685,   0.00058
  39.61768,  -0.32281,   0.00069
  40.01840,  -0.39185,   0.00067
  39.65895,  -0.40747,   0.00061
  39.24049,  -0.34738,   0.00043
  38.19354,  -0.30938,   0.00021
  37.32899,  -0.45052,  -0.00045
  37.12696,  -0.59236,  -0.00068
  38.08769,  -0.71113,  -0.00065
  39.42399,  -0.59950,  -0.00033
  40.92435,  -0.41328,   0.00023
  41.55511,  -0.17257,   0.00078
  40.78589,  -0.02151,   0.00130
  39.50974,  -0.09969,   0.00108
  39.34177,  -0.23340,   0.00082
  39.56870,  -0.41101,   0.00031
  41.41391,  -0.49249,   0.00000
  43.20054,  -0.38154,  -0.00014
  44.91281,  -0.22012,  -0.00011
  45.48380,  -0.23066,  -0.00034
  45.71340,  -0.23857,  -0.00044
  46.39646,  -0.21786,  -0.00058
  45.62043,  -0.20495,  -0.00074
  44.10553,  -0.15929,  -0.00084
  42.72537,  -0.12435,  -0.00081
  41.21434,  -0.22749,  -0.00086
  40.36164,  -0.34044,  -0.00083
  40.78556,  -0.40586,  -0.00063
  41.87980,  -0.38077,  -0.00028
  43.16443,  -0.21331,   0.00011
  43.35467,  -0.02184,   0.00044
  42.60094,  -0.05552,   0.00027
  41.24152,  -0.15629,   0.00008
  40.74101,  -0.32233,  -0.00021
  41.72800,  -0.38083,  -0.00056
  42.72327,  -0.31903,  -0.00044
  43.63541,  -0.14627,  -0.00007
  43.21932,  -0.00619,   0.00036
  42.88045,   0.00969,   0.00049
  42.54997,  -0.07978,   0.00026
  49.64858,  -0.18338,   0.00041
  49.60389,  -0.27065,  -0.00012
  49.62830,  -0.25933,  -0.00055
  50.57208,  -0.34988,  -0.00098
  51.19624,  -0.39113,  -0.00110
  52.02835,  -0.46326,  -0.00107
  52.84733,  -0.46862,  -0.00096
  53.48883,  -0.36864,  -0.00062
  53.01757,  -0.17838,  -0.00022
  52.28704,  -0.01894,   0.00017
  49.52761,  -0.05329,   0.00007
  47.14218,  -0.24497,  -0.00022
  43.27404,  -0.39649,  -0.00031
  40.11865,  -0.35810,  -0.00078
  33.61852,  -0.30919,  -0.00029
  34.64023,  -0.12395,  -0.00006
  34.04790,  -0.08411,  -0.00011
  33.31236,  -0.07227,  -0.00018
  50.04033,  -0.11122,  -0.00078
  49.57846,  -0.20836,  -0.00107
  49.33090,  -0.22672,  -0.00116
  49.44866,  -0.13378,  -0.00104
  49.52807,  -0.04456,  -0.00071
  49.79485,  -0.01812,  -0.00037
  49.61852,   0.00436,  -0.00001
  50.56969,  -0.02993,   0.00016
  51.84587,   0.02299,   0.00054
  52.13435,   0.10681,   0.00057
  51.81722,   0.16125,   0.00044
  51.68331,   0.03467,   0.00005
  51.84510,  -0.10773,  -0.00031
  52.86837,  -0.21916,  -0.00048
  54.10313,  -0.21036,  -0.00049
  55.23669,  -0.07126,  -0.00017
  41.23574,   0.18756,   0.00047
  39.94629,   0.23613,   0.00059
  38.08014,   0.10265,   0.00037
  36.41302,  -0.02076,   0.00009
  35.35985,  -0.22288,  -0.00028
  34.49013,  -0.28786,  -0.00037
  35.15370,  -0.25832,  -0.00027
  36.00828,  -0.19465,   0.00001
  35.63728,  -0.22195,   0.00002
  36.16692,  -0.25371,   0.00023
  36.78721,  -0.26775,   0.00030
  36.45817,  -0.22384,   0.00047
  35.48992,  -0.14362,   0.00065
  34.65198,  -0.11708,   0.00065
  33.60608,  -0.17780,   0.00069
  33.67286,  -0.29589,   0.00072
  34.60583,  -0.26635,   0.00088
  36.70800,  -0.20430,   0.00102
  38.45447,  -0.03659,   0.00116
  38.84550,  -0.00311,   0.00118
  38.20082,   0.01504,   0.00081
  37.28339,  -0.11926,   0.00019
  38.47697,  -0.33025,  -0.00060
  39.09777,  -0.39651,  -0.00091
  40.85112,  -0.34605,  -0.00095
  41.67137,  -0.16470,  -0.00060
  41.26605,  -0.03619,  -0.00014
  40.53707,  -0.02318,   0.00015
  39.44082,  -0.09778,   0.00022
  38.66250,  -0.10294,   0.00052
  37.51297,  -0.13253,   0.00044
  36.42396,  -0.11894,   0.00034
  35.00705,  -0.20362,   0.00018
  35.12881,  -0.26242,   0.00011
  36.07889,  -0.33442,   0.00007
  36.55510,  -0.37499,  -0.00014
  37.41954,  -0.27148,   0.00002
  37.14543,  -0.10628,   0.00017
  46.17942,  -0.10626,   0.00035
  44.16557,  -0.16667,   0.00015
  42.73004,  -0.37418,  -0.00023
  42.38881,  -0.49634,  -0.00050
  43.28105,  -0.60326,  -0.00060
  43.95058,  -0.51426,  -0.00013
  45.56946,  -0.34670,   0.00021
  46.42631,  -0.23512,   0.00037
  46.28268,  -0.32013,   0.00029
  46.41169,  -0.45747,  -0.00012
  47.74935,  -0.56509,  -0.00049
  47.84456,  -0.57011,  -0.00070
  48.28157,  -0.52181,  -0.00072
  48.35479,  -0.42961,  -0.00059
  47.89652,  -0.41243,  -0.00048
  47.67157,  -0.41129,  -0.00034
  47.70278,  -0.36131,  -0.00011
  47.42571,  -0.30821,  -0.00012
  46.50416,  -0.22520,   0.00003
  44.95510,  -0.20343,  -0.00025
  43.58810,  -0.36369,  -0.00077
  43.25939,  -0.58309,  -0.00133
  31.68123,  -0.65731,  -0.00196
  33.55400,  -0.59502,  -0.00174
  35.04525,  -0.40411,  -0.00134
  35.48940,  -0.14184,  -0.00067
  34.71583,  -0.01761,  -0.00028
  33.12342,  -0.08669,  -0.00015
  31.99574,  -0.25125,  -0.00017
  32.48261,  -0.26029,   0.00010
  32.99530,  -0.25271,   0.00028
  34.16996,  -0.14851,   0.00058
  35.10464,  -0.11517,   0.00083
  36.97917,  -0.08627,   0.00097
  38.85930,  -0.11032,   0.00087
  41.31398,  -0.16911,   0.00058
  41.54806,  -0.08720,   0.00042
  40.68222,   0.01600,   0.00026
  40.53603,  -0.06578,  -0.00022
  39.58166,  -0.19188,  -0.00054
  39.95480,  -0.33164,  -0.00086
  40.98238,  -0.43964,  -0.00080
  54.95002,  -0.33304,   0.00003
  54.96754,  -0.20379,   0.00042
  55.24459,   0.24971,  -0.00008
  54.00391,   0.22597,  -0.00012
  37.37165,  -0.32323,   0.00003
  36.19399,  -0.55211,  -0.00024
  36.01513,  -0.64763,  -0.00027
  37.06634,  -0.59666,  -0.00023
  37.66764,  -0.40743,   0.00022
  37.12179,  -0.29641,   0.00039
  36.69793,  -0.26114,   0.00061
  35.97301,  -0.31576,   0.00064
  35.38530,  -0.28953,   0.00063
  34.26121,  -0.29502,   0.00049
  44.52311,  -0.32005,   0.00081
  43.95167,  -0.33613,   0.00064
  44.43621,  -0.42371,   0.00042
  45.08169,  -0.54786,   0.00013
  47.08617,  -0.54835,   0.00008
  48.87132,  -0.42381,   0.00021
  50.43030,  -0.31009,   0.00041
  49.83447,  -0.18995,   0.00050
  48.64157,  -0.24056,   0.00032
  48.44791,  -0.40330,   0.00003
  48.07506,  -0.57925,  -0.00017
  48.21920,  -0.55521,   0.00016
  48.87894,  -0.44571,   0.00050
  49.14113,  -0.28390,   0.00089
  47.76049,  -0.22706,   0.00124
  47.06766,  -0.29426,   0.00110
  46.51162,  -0.44830,   0.00074
  46.57934,  -0.60788,   0.00032
  46.29788,  -0.66399,   0.00008
  46.26608,  -0.64346,   0.00007
  45.78337,  -0.68562,  -0.00012
  45.81218,  -0.71378,   0.00008
  34.26937,  -0.68835,  -0.00015
  34.48589,  -0.69369,   0.00019
  34.21283,  -0.63058,   0.00051
  32.84993,  -0.51320,   0.00106
  31.49895,  -0.52128,   0.00103
  30.32419,  -0.68105,   0.00082
  29.99429,  -0.90935,   0.00053
  31.52929,  -1.05651,   0.00044
  34.34361,  -0.98637,   0.00060
  37.05555,  -0.85499,   0.00076
  38.46143,  -0.58909,   0.00104
  37.92183,  -0.49054,   0.00107
  37.59315,  -0.58928,   0.00069
  36.52256,  -0.73160,   0.00023
  35.79804,  -0.80177,  -0.00009
  35.66854,  -0.74869,  -0.00005
  35.27574,  -0.66399,  -0.00009
  35.24150,  -0.61643,  -0.00000
  34.46458,  -0.63487,   0.00014
  34.84315,  -0.69349,   0.00011
  35.01586,  -0.68928,   0.00005
  35.21715,  -0.67985,   0.00000
  34.01081,  -0.57272,  -0.00002
  32.47814,  -0.54758,  -0.00002
  31.73277,  -0.68644,  -0.00027
  31.66925,  -0.71506,  -0.00022
  32.74483,  -0.70477,   0.00019
  33.99526,  -0.54630,   0.00074
  33.78236,  -0.30467,   0.00148
  33.37117,  -0.15318,   0.00174
  32.39465,  -0.18766,   0.00160
  31.35724,  -0.35975,   0.00121
  31.59307,  -0.54208,   0.00068
  32.81089,  -0.60863,   0.00032
  34.60521,  -0.61989,  -0.00001
  36.48968,  -0.44554,   0.00004
  37.94706,  -0.33634,   0.00013
  38.67890,  -0.33926,   0.00003
  39.04446,  -0.39054,  -0.00005
  38.88955,  -0.41695,  -0.00015
  38.86981,  -0.30426,   0.00017
  37.62542,  -0.30480,   0.00002
  36.66098,  -0.39011,  -0.00014
  35.58946,  -0.45022,  -0.00006
  36.71679,  -0.58832,   0.00001
  38.50960,  -0.60262,   0.00016
  39.37134,  -0.50480,   0.00045
  39.73348,  -0.32406,   0.00062
  38.44975,  -0.24432,   0.00055
  36.63635,  -0.39852,  -0.00003
  47.78822,  -0.52698,  -0.00034
  47.58216,  -0.67035,  -0.00055
  48.14923,  -0.66920,  -0.00043
  48.55401,  -0.45678,  -0.00009
  35.93827,  -0.25537,  -0.00004
  35.34850,  -0.18120,   0.00018
  34.48535,  -0.23689,   0.00019
  34.29992,  -0.33892,   0.00002
  55.17425,   0.04220,   0.00055
  56.06996,   0.07686,   0.00039
  56.14754,   0.10847,  -0.00158
  56.49633,   0.12234,  -0.00161
  57.77215,   0.22430,  -0.00199
  58.63830,   0.21149,  -0.00187
  59.39389,   0.25889,  -0.00166
  59.47670,   0.34235,  -0.00147
  43.00326,   0.07391,   0.00025
  41.21651,   0.08493,   0.00005
  39.60718,  -0.07353,  -0.00040
  40.57738,  -0.25884,  -0.00086
  41.52535,  -0.40659,  -0.00120
  42.98274,  -0.37412,  -0.00127
  43.50932,  -0.31203,  -0.00128
  43.66106,  -0.15105,  -0.00121
  42.57676,  -0.13798,  -0.00122
  50.95310,  -0.19753,  -0.00180
  49.41856,  -0.37389,  -0.00211
  49.03534,  -0.42446,  -0.00227
  48.35737,  -0.41222,  -0.00217
  52.34578,  -0.27408,  -0.00186
  51.52570,  -0.22214,  -0.00147
  50.87613,  -0.20264,  -0.00105
  51.52693,  -0.25169,  -0.00089
  52.25793,  -0.25448,  -0.00088
  52.62349,  -0.20710,  -0.00074
  51.94226,  -0.10850,  -0.00098
  51.05831,  -0.10239,  -0.00140
  50.91079,  -0.26882,  -0.00211
  51.57451,  -0.38975,  -0.00246
  52.86675,  -0.41994,  -0.00253
  54.11068,  -0.26971,  -0.00222
  54.23432,  -0.05230,  -0.00189
  53.12307,   0.07434,  -0.00174
  52.39465,   0.07450,  -0.00169
  51.23751,  -0.13103,  -0.00216
  50.84721,  -0.35934,  -0.00265
  51.91904,  -0.42443,  -0.00265
  52.99892,  -0.34185,  -0.00250
  53.84982,  -0.18309,  -0.00210
  52.77173,  -0.14506,  -0.00186
  52.67456,  -0.15147,  -0.00160
  52.62150,  -0.18742,  -0.00146
  52.53682,  -0.14786,  -0.00133
  51.62528,  -0.08155,  -0.00119
  50.29767,  -0.01687,  -0.00109
  34.89710,  -0.08093,  -0.00080
  34.57517,  -0.21914,  -0.00080
  35.58700,  -0.34846,  -0.00071
  35.98241,  -0.29450,  -0.00040
  37.72443,  -0.16868,  -0.00013
  38.57959,  -0.00726,   0.00009
  52.49065,   0.20097,  -0.00098
  52.26273,   0.13508,  -0.00116
  52.47179,  -0.00209,  -0.00142
  53.53688,   0.01168,  -0.00202
  54.76852,   0.01361,  -0.00189
  55.61144,  -0.00833,  -0.00119
  56.11868,   0.10374,  -0.00081
  52.96882,  -0.11887,   0.00101
  52.35774,  -0.19620,   0.00101
  51.94392,  -0.32438,   0.00075
  52.37942,  -0.38824,   0.00069
  51.83266,  -0.38480,   0.00037
  51.48838,  -0.35182,   0.00013
  51.18306,  -0.46522,  -0.00024
  51.60244,  -0.52178,  -0.00030
  51.82245,  -0.56039,  -0.00047
  52.53333,  -0.49638,  -0.00030
  52.97645,  -0.36863,  -0.00009
  51.57309,  -0.23172,   0.00013
  49.25240,  -0.21694,   0.00013
  47.24679,  -0.31624,  -0.00003
  46.11568,  -0.54114,  -0.00019
  46.43610,  -0.65252,  -0.00013
  35.88995,  -0.37169,   0.00018
  37.00567,  -0.21255,   0.00066
  37.65514,  -0.10751,   0.00094
  37.83657,  -0.07357,   0.00102
  37.81164,  -0.15915,   0.00081
  38.79330,  -0.27943,   0.00039
  39.13132,  -0.27076,   0.00014
  39.34833,  -0.16986,   0.00008
  39.50244,  -0.11134,   0.00009
  39.71237,  -0.08899,   0.00013
  40.17076,  -0.14402,   0.00011
  40.51780,  -0.13803,   0.00026
  41.01469,  -0.13485,   0.00010
  40.80522,  -0.08040,  -0.00011
  40.05308,  -0.10796,  -0.00025
  38.98490,  -0.20331,  -0.00066
  38.59270,  -0.39250,  -0.00106
  38.97093,  -0.55204,  -0.00140
  40.21074,  -0.58535,  -0.00131
  41.27250,  -0.45271,  -0.00090
  40.92232,  -0.26467,  -0.00035
  39.77647,  -0.16230,   0.00003
  37.90173,  -0.23364,   0.00013
  35.77407,  -0.33303,   0.00005
  34.81943,  -0.49711,  -0.00019
  34.71658,  -0.54126,  -0.00032
  34.59329,  -0.46181,  -0.00022
  35.26609,  -0.35722,  -0.00008
  35.54097,  -0.35272,  -0.00016
  36.39491,  -0.38929,  -0.00025
  37.31476,  -0.44334,  -0.00057
  37.54261,  -0.40645,  -0.00079
  37.17282,  -0.29251,  -0.00092
  37.18023,  -0.23631,  -0.00106
  36.30565,  -0.27075,  -0.00109
  36.40242,  -0.38426,  -0.00108
  37.68019,  -0.38617,  -0.00079
  39.18717,  -0.33958,  -0.00052
  40.22807,  -0.15569,  -0.00015
  40.68627,   0.01551,   0.00031
  39.80330,   0.07651,   0.00029
  38.73817,  -0.03112,  -0.00005
  39.07885,  -0.23833,  -0.00066
  39.51633,  -0.31718,  -0.00096
  40.25885,  -0.23638,  -0.00093
  40.74150,  -0.12914,  -0.00082
  40.46330,   0.02237,  -0.00040
  39.51665,   0.06360,  -0.00007
  38.10217,   0.02857,  -0.00004
  37.22055,  -0.02017,  -0.00009
  48.10712,  -0.10183,  -0.00012
  46.89861,  -0.10755,  -0.00017
  45.87815,  -0.15170,  -0.00020
  45.90296,  -0.21150,  -0.00017
  46.28844,  -0.31176,  -0.00020
  47.77842,  -0.33592,  -0.00008
  38.31408,  -0.18759,  -0.00000
  39.14490,  -0.00468,   0.00033
  38.62757,   0.15073,   0.00055
  38.02397,   0.13258,   0.00050
  36.85740,  -0.01394,   0.00025
  36.77077,  -0.11284,   0.00003
  37.52670,  -0.17333,  -0.00007
  38.64582,  -0.08177,   0.00003
  38.90140,   0.06722,   0.00036
  38.99273,   0.16492,   0.00040
  38.48726,   0.10889,   0.00017
  38.04035,  -0.03895,  -0.00030
  38.24781,  -0.16362,  -0.00086
  37.92045,  -0.19346,  -0.00121
  52.60283,  -0.32543,  -0.00139
  52.27878,  -0.24290,  -0.00116
  51.16142,  -0.22081,  -0.00097
  51.08187,  -0.27300,  -0.00060
  50.48556,  -0.22837,  -0.00018
  50.20919,  -0.14674,   0.00032
  49.41243,  -0.04052,   0.00073
  47.97803,  -0.00196,   0.00089
  38.22986,  -0.10941,   0.00092
  38.04096,  -0.27355,   0.00066
  39.23956,  -0.40320,   0.00050
  40.95363,  -0.40809,   0.00037
  43.01507,  -0.22751,   0.00073
  44.18225,   0.00548,   0.00113
  44.09664,   0.07055,   0.00112
  43.26006,   0.01875,   0.00100
  42.49598,  -0.16454,   0.00068
  42.91433,  -0.25167,   0.00053
  43.08565,  -0.30704,   0.00042
  43.51038,  -0.26486,   0.00053
  39.98532,  -0.09819,   0.00022
  40.87551,  -0.12516,   0.00037
  41.48438,  -0.19881,   0.00042
  42.28616,  -0.26541,   0.00038
  49.47648,  -0.27950,   0.00008
  48.73714,  -0.20616,   0.00001
  47.84428,  -0.24028,  -0.00026
  46.37568,  -0.30735,  -0.00038
  48.21358,  -0.51610,  -0.00002
  48.19836,  -0.61392,   0.00013
  48.50061,  -0.57897,   0.00045
  47.32136,  -0.39342,   0.00102
  46.03123,  -0.24556,   0.00124
  43.99902,  -0.24086,   0.00110
  41.55000,  -0.43773,   0.00063
  40.41696,  -0.69545,   0.00004
  40.67871,  -0.85810,  -0.00029
  41.69191,  -0.88443,  -0.00048
  43.28819,  -0.65753,  -0.00010
  44.45279,  -0.42896,   0.00038
  44.21109,  -0.35575,   0.00062
  43.98968,  -0.38813,   0.00076
  43.52502,  -0.44172,   0.00075
  43.95450,  -0.36440,   0.00109
  43.08903,  -0.27614,   0.00096
  42.55598,  -0.22266,   0.00078
  42.32887,  -0.28329,   0.00075
  43.63951,  -0.37698,   0.00062
  45.57286,  -0.40125,   0.00050
  47.29460,  -0.33747,   0.00051
  48.02370,  -0.15518,   0.00052
  47.41522,  -0.02235,   0.00042
  46.48406,  -0.11463,  -0.00001
  45.14649,  -0.30024,  -0.00045
  44.75142,  -0.45840,  -0.00080
  44.97186,  -0.55012,  -0.00076
  45.02019,  -0.41879,  -0.00018
  44.74618,  -0.23139,   0.00055
  43.43801,  -0.10004,   0.00116
  42.70583,  -0.16644,   0.00134
  41.89317,  -0.27161,   0.00137
  41.78784,  -0.41252,   0.00114
  42.63680,  -0.48444,   0.00106
  43.46925,  -0.41095,   0.00114
  44.03506,  -0.39744,   0.00099
  45.38589,  -0.34948,   0.00122
  33.53428,  -0.29880,   0.00076
  34.60155,  -0.24184,   0.00094
  35.44124,  -0.10577,   0.00131
  35.21565,   0.03308,   0.00137
  34.07058,   0.08318,   0.00117
  33.14206,  -0.01895,   0.00082
  32.98929,  -0.27117,   0.00026
  34.22639,  -0.46549,  -0.00017
  36.58832,  -0.48515,  -0.00026
  38.59160,  -0.29276,  -0.00001
  39.50488,  -0.05329,   0.00035
  39.62906,  -0.01532,   0.00047
  39.30515,  -0.05567,   0.00032
  38.12966,  -0.21238,   0.00015
  37.23863,  -0.29649,   0.00008
  37.55902,  -0.20025,   0.00030
  37.23468,  -0.09440,   0.00069
  36.79568,  -0.01586,   0.00109
  36.16226,   0.01032,   0.00137
  36.43216,  -0.03881,   0.00144
  36.84886,  -0.05250,   0.00135
  37.15949,  -0.01960,   0.00121
  36.50049,   0.06825,   0.00101
  35.92622,  -0.00618,   0.00047
  35.08075,  -0.09735,   0.00020
  35.19745,  -0.22838,   0.00001
  36.49486,  -0.26127,  -0.00017
  37.87002,  -0.18117,   0.00010
  38.79659,   0.01813,   0.00075
  38.43393,   0.17245,   0.00106
  37.29196,   0.17870,   0.00109
  36.53779,   0.06745,   0.00103
  36.34487,  -0.13752,   0.00057
  37.49848,  -0.26145,   0.00033
  38.78707,  -0.22793,   0.00022
  40.28200,  -0.10059,   0.00032
  40.81754,  -0.08035,   0.00028
  40.89506,  -0.08601,   0.00029
  51.91584,  -0.24329,   0.00032
  51.59629,  -0.27563,   0.00015
  60.39351,  -0.00588,   0.00030
  59.41633,   0.00777,   0.00019
  58.60979,  -0.00520,   0.00015
  58.16220,  -0.09440,   0.00003
  58.19453,  -0.17962,  -0.00002
  58.86732,  -0.23994,   0.00006
  42.53724,  -0.41473,  -0.00036
  43.08240,  -0.24441,  -0.00008
  42.51311,  -0.11230,   0.00011
  41.58327,  -0.20787,  -0.00008
  49.28797,   0.16621,  -0.00079
  49.65769,   0.07375,  -0.00085
  50.66902,   0.07888,  -0.00072
  51.57238,   0.20526,  -0.00039
  45.27066,  -0.03375,   0.00071
  45.28445,   0.10821,   0.00114
  44.78912,   0.09904,   0.00124
  44.77284,   0.00397,   0.00103
  48.08325,  -0.19583,   0.00103
  48.32848,  -0.21031,   0.00067
  48.90229,  -0.15659,   0.00042
  50.08127,  -0.23241,   0.00006
  51.28513,  -0.27185,  -0.00002
  52.14775,  -0.33048,  -0.00014
  53.10734,  -0.31705,   0.00007
  53.51714,  -0.21424,   0.00038
  53.84607,  -0.06628,   0.00084
  51.99121,  -0.02877,   0.00100
  50.02136,  -0.14670,   0.00098
  48.56624,  -0.32131,   0.00090
  48.09691,  -0.44103,   0.00096
  49.27267,  -0.44880,   0.00118
  50.70506,  -0.28528,   0.00158
  50.45087,  -0.17358,   0.00182
  50.11984,  -0.07848,   0.00191
  49.66168,  -0.17600,   0.00149
  49.04122,  -0.30914,   0.00118
  48.74293,  -0.40328,   0.00095
  49.60461,  -0.37840,   0.00080
  49.81952,  -0.27469,   0.00096
  49.14776,  -0.17471,   0.00113
  49.33415,  -0.18233,   0.00126
  49.72651,  -0.23736,   0.00128
  50.13164,  -0.19675,   0.00138
  51.21978,  -0.19141,   0.00151
  50.99625,  -0.11288,   0.00129
  50.66315,  -0.09680,   0.00097
  51.21971,  -0.26133,   0.00058
  40.87030,  -0.33791,   0.00005
  42.40665,  -0.35859,   0.00012
  44.02947,  -0.19797,   0.00040
  45.07136,   0.05887,   0.00084
  44.29859,   0.24829,   0.00117
  42.49890,   0.22353,   0.00106
  40.45246,   0.03434,   0.00070
  39.03769,  -0.10162,   0.00040
  51.20594,  -0.24786,   0.00015
  51.41810,  -0.23662,   0.00012
  52.44249,   0.36534,  -0.00115
  52.62289,   0.29033,  -0.00091
  53.08448,   0.28093,  -0.00087
  40.08448,  -0.10995,   0.00005
  40.08172,  -0.13629,   0.00006
  39.53854,  -0.09539,   0.00016
  39.04351,  -0.02767,   0.00029
  38.24686,  -0.05258,   0.00039
  38.23139,  -0.17496,   0.00051
  38.05714,  -0.15595,   0.00081
  40.04531,  -0.16737,   0.00100
  42.17793,  -0.03034,   0.00118
  43.35865,   0.11572,   0.00150
  43.44044,   0.18933,   0.00120
  42.87414,   0.08861,   0.00062
  43.01870,  -0.17401,  -0.00018
  62.61469,  -0.11990,  -0.00032
  63.42983,  -0.14833,  -0.00052
  55.64679,  -0.26222,  -0.00140
  55.82643,  -0.05534,  -0.00114
  54.68887,   0.02058,  -0.00092
  52.82118,   0.05908,  -0.00070
  50.99121,  -0.11722,  -0.00089
  49.40341,  -0.24855,  -0.00117
  48.65341,  -0.22569,  -0.00112
  47.80583,  -0.17906,  -0.00120
  47.74859,  -0.16474,  -0.00115
  47.25611,  -0.27081,  -0.00136
  48.36689,  -0.29902,  -0.00115
  49.52604,  -0.19760,  -0.00088
  49.84616,  -0.02368,  -0.00063
  48.66985,   0.20547,  -0.00036
  46.57998,   0.29474,  -0.00037
  45.37207,   0.23452,  -0.00073
  44.43964,   0.04645,  -0.00108
  44.95703,  -0.06699,  -0.00128
  46.09249,   0.01211,  -0.00098
  47.63095,   0.22768,  -0.00076
  48.71592,   0.42404,  -0.00060
  48.81194,   0.37183,  -0.00072
  48.30527,   0.25169,  -0.00114
  48.38756,   0.09978,  -0.00165
  50.43015,   0.00246,  -0.00198
  50.57902,   0.05446,  -0.00205
  50.74910,   0.17645,  -0.00183
  50.26266,   0.23444,  -0.00143
  49.92482,   0.19537,  -0.00103
  49.64800,   0.12552,  -0.00074
  49.10491,   0.24148,  -0.00017
  48.03071,   0.28058,  -0.00017
  46.37623,   0.30473,  -0.00035
  44.59624,   0.20442,  -0.00073
  43.87622,   0.01371,  -0.00114
  44.24913,  -0.20798,  -0.00142
  44.65933,  -0.30126,  -0.00180
  46.15148,  -0.18149,  -0.00152
  46.71675,   0.05988,  -0.00103
  45.70414,   0.23066,  -0.00083
  44.13983,   0.20467,  -0.00072
  42.52290,   0.01651,  -0.00088
  52.13115,   0.30513,   0.00013
  52.80581,   0.22400,   0.00015
  53.88020,   0.29129,   0.00032
  54.06163,   0.38377,   0.00068
  54.90887,   0.46279,   0.00091
  55.77458,   0.46034,   0.00102
  56.55416,   0.40845,   0.00091
  56.97927,   0.43749,   0.00085
  56.70911,   0.52460,   0.00078
  56.99611,   0.53962,   0.00053
  56.30759,   0.54495,   0.00037
  56.09615,   0.45554,   0.00026
  38.82536,  -0.06470,  -0.00049
  39.45654,  -0.06820,  -0.00024
  39.73156,   0.09302,   0.00029
  39.26837,   0.25225,   0.00054
  39.24627,   0.31897,   0.00045
  58.25327,   0.35569,   0.00039
  56.38454,   0.31505,  -0.00009
  36.04153,  -0.32055,  -0.00055
  36.77960,  -0.31517,  -0.00035
  38.18829,  -0.12048,   0.00014
  38.73961,   0.01151,   0.00049
  38.68257,   0.11325,   0.00101
  37.68305,   0.13788,   0.00131
  36.55288,   0.05037,   0.00140
  35.51245,   0.00308,   0.00129
  34.77724,   0.02903,   0.00129
  34.31227,   0.03957,   0.00101
  47.90738,  -0.02139,   0.00038
  50.62061,  -0.23863,   0.00051
  51.76756,  -0.31315,   0.00031
  51.18545,  -0.18355,  -0.00022
  52.57025,  -0.09094,  -0.00021
  52.04049,   0.05360,  -0.00033
  51.15990,   0.02214,  -0.00071
  49.50564,  -0.13394,  -0.00110
  49.14448,  -0.25905,  -0.00135
  49.22858,  -0.37467,  -0.00140
  49.75911,  -0.31534,  -0.00112
  49.58364,  -0.09695,  -0.00040
  48.28601,   0.04285,   0.00010
  47.27634,   0.04812,   0.00019
  46.19179,  -0.07206,  -0.00005
  45.42523,  -0.20376,  -0.00040
  49.45982,   0.04377,  -0.00126
  42.53008,  -0.37641,  -0.00032
  42.47136,  -0.29638,  -0.00037
  38.33335,  -0.14560,  -0.00091
  38.54238,  -0.15542,  -0.00067
  38.04527,  -0.07531,  -0.00046
  38.00453,  -0.00758,  -0.00027
  37.31328,   0.16362,   0.00003
  36.29398,   0.23997,   0.00006
  35.02451,   0.18720,  -0.00018
  34.84387,  -0.01153,  -0.00049
  36.30324,  -0.20518,  -0.00068
  38.87442,  -0.24344,  -0.00061
  42.17201,  -0.04241,  -0.00026
  44.28196,   0.25884,   0.00025
  41.60300,   0.18464,   0.00119
  41.18360,   0.17240,   0.00108
  54.16481,   0.45588,   0.00302
  50.09205,   0.03545,   0.00020
  50.10666,  -0.02396,   0.00005
  50.30010,   0.03011,   0.00008
  49.05503,   0.11786,   0.00031
  49.24454,   0.12184,   0.00040
  49.47474,   0.03543,   0.00036
  49.29054,  -0.01747,   0.00018
  49.90006,  -0.02757,   0.00001
  55.48574,   0.46618,   0.00171
  45.52677,   0.09625,  -0.00113
  44.17315,   0.05305,  -0.00118
  44.31346,   0.03663,  -0.00129
  44.72654,  -0.06889,  -0.00099
  44.47230,   0.05658,  -0.00047
  45.25990,   0.28856,   0.00020
  44.87225,   0.52816,   0.00073
  43.23018,   0.60432,   0.00106
  42.16378,   0.51619,   0.00073
  41.70468,   0.32182,   0.00021
  42.47477,   0.19700,  -0.00020
  44.83054,   0.23345,  -0.00034
  51.15945,   0.11675,   0.00036
  52.07183,   0.25628,   0.00041
  47.30945,   0.48224,   0.00036
  49.77995,   0.33937,   0.00052
  45.06024,   0.52153,  -0.00051
  44.90396,   0.54396,  -0.00060
  51.72854,   0.13965,  -0.00004
  50.13255,   0.47992,  -0.00061
  50.08631,   0.08289,  -0.00021
  50.22382,   0.13504,  -0.00037
  49.20889,   0.22402,  -0.00056
  48.07262,   0.46268,  -0.00068
  48.10908,   0.47404,  -0.00039
  47.46434,   0.59965,  -0.00025
  45.92586,   0.58662,  -0.00036
  34.39237,   0.40549,  -0.00047
  33.42184,   0.20485,  -0.00065
  33.33456,   0.11587,  -0.00062
  32.93165,   0.25853,  -0.00035
  33.34173,   0.42214,   0.00002
  33.23475,   0.52962,   0.00029
  45.08034,   0.45540,   0.00052
  44.53211,   0.28821,   0.00018
  44.81963,   0.16942,  -0.00019
  45.17605,   0.07760,  -0.00062
  42.16065,   0.06398,  -0.00055
  39.64757,   0.13935,  -0.00138
  45.11037,   0.13937,  -0.00171
  46.14373,   0.08447,  -0.00152
  47.02153,   0.12989,  -0.00124
  47.56328,   0.22019,  -0.00096
  49.13727,   0.45892,  -0.00039
  47.48422,   0.51919,  -0.00040
  45.39921,   0.42009,  -0.00070
  50.27924,   0.46086,  -0.00116
  50.56607,   0.37244,  -0.00133
  51.43000,   0.35558,  -0.00136
  45.43982,   0.07794,  -0.00100
  46.16797,   0.31982,  -0.00071
  45.55854,   0.45842,  -0.00063
  44.23052,   0.33281,  -0.00113
  42.68911,   0.16812,  -0.00144
  42.08720,   0.05594,  -0.00189
  41.39440,   0.05122,  -0.00192
  41.28316,   0.16162,  -0.00164
  40.33500,   0.28140,  -0.00114
  40.31979,   0.30488,  -0.00060
  39.86424,   0.22503,   0.00052
  40.86351,   0.29136,   0.00019
  41.42734,   0.33552,   0.00030
  41.56246,   0.43829,   0.00028
  41.72790,   0.39233,   0.00015
  41.78576,   0.25484,  -0.00038
  42.39523,   0.12943,  -0.00053
  43.72749,   0.05773,  -0.00055
  45.09337,   0.13666,  -0.00047
  48.49433,   0.19604,   0.00048
  48.09925,   0.36359,   0.00063
  46.84512,   0.37394,   0.00061
  45.26074,   0.19527,   0.00016
  44.48371,  -0.00945,  -0.00031
  44.54541,  -0.16864,  -0.00067
  44.79627,  -0.25465,  -0.00077
  45.83121,  -0.14284,  -0.00059
  46.69946,  -0.02735,  -0.00025
  45.88330,  -0.06756,  -0.00024
  45.78770,  -0.11025,  -0.00012
  46.09793,  -0.07636,  -0.00001
  45.21954,  -0.05971,   0.00014
  43.94258,   0.00198,   0.00031
  42.26765,   0.04808,   0.00047
  41.58290,  -0.00927,   0.00055
  40.59766,  -0.06543,   0.00061
  41.81236,  -0.10755,   0.00076
  42.73309,   0.00111,   0.00108
  43.75514,   0.17984,   0.00125
  43.95619,   0.24880,   0.00117
  43.75011,   0.18935,   0.00075
  43.99828,  -0.00248,   0.00013
  41.94676,  -0.09384,  -0.00097
  55.21624,   0.21082,   0.00188
  54.99717,   0.46258,   0.00200
  34.75272,   0.24067,   0.00023
  35.49765,   0.38739,   0.00066
  35.65739,   0.34655,   0.00083
  35.86568,   0.29514,   0.00115
  35.75032,   0.14457,   0.00096
  35.72267,   0.10583,   0.00079
  43.81205,   0.07119,   0.00052
  44.27624,   0.10461,   0.00053
  45.13664,   0.07457,   0.00060
  45.34377,  -0.04904,   0.00027
  46.23148,  -0.04920,   0.00040
  46.67193,   0.03946,   0.00051
  45.68027,   0.17552,   0.00071
  43.60339,   0.22484,   0.00074
  41.33683,   0.11529,   0.00041
  39.70385,  -0.13648,   0.00008
  38.72272,  -0.24135,  -0.00009
  39.76906,  -0.29532,   0.00001
  47.39785,  -0.36103,   0.00129
  48.25290,  -0.17069,   0.00160
  50.40533,   0.07958,   0.00070
  52.63387,  -0.07143,   0.00095
  53.89213,  -0.27705,   0.00085
  51.51295,  -0.21896,  -0.00005
  52.24458,  -0.20299,  -0.00009
  52.22061,  -0.05419,   0.00003
  51.91301,   0.06854,   0.00021
  51.40201,   0.06327,   0.00033
  51.44326,   0.06394,   0.00055
  51.39979,   0.03573,   0.00045
  50.88524,   0.08566,   0.00022
  50.25467,   0.14888,   0.00012
  47.30718,  -0.00725,   0.00015
  43.68087,  -0.06620,  -0.00079
  53.42218,   0.13066,   0.00212
  53.89166,   0.08432,   0.00210
  54.09383,   0.22055,   0.00224
  45.94395,  -0.14928,  -0.00021
  45.21596,   0.04494,   0.00031
  40.29742,   0.19969,   0.00020
  38.15994,   0.04910,   0.00018
  36.64470,  -0.15307,   0.00004
  36.13389,  -0.17553,   0.00030
  36.71823,  -0.14441,   0.00046
  37.86603,  -0.00467,   0.00077
  37.89914,   0.02007,   0.00089
  39.00977,   0.03891,   0.00100
  39.91838,   0.00446,   0.00092
  41.10516,  -0.05205,   0.00066
  41.19874,  -0.02093,   0.00050
  40.80703,   0.03934,   0.00032
  40.62321,   0.01807,   0.00003
  40.40974,  -0.09402,  -0.00010
  40.98145,  -0.25190,  -0.00013
  41.75313,  -0.19154,   0.00020
  43.14483,  -0.12027,   0.00046
  43.90826,   0.00598,   0.00104
  43.56715,   0.08331,   0.00106
  42.47987,  -0.00064,   0.00081
  42.16979,  -0.24362,   0.00039
  42.17493,  -0.47104,   0.00016
  43.26927,  -0.53528,   0.00008
  44.48558,  -0.37020,   0.00053
  45.04600,  -0.12243,   0.00114
  43.83710,  -0.02650,   0.00140
  42.43410,   0.04447,   0.00161
  40.94520,  -0.08109,   0.00162
  39.46234,  -0.19691,   0.00151
  38.78105,  -0.16271,   0.00155
  41.47656,  -0.20809,   0.00190
  37.42368,  -0.22910,   0.00125
  38.34757,  -0.27376,   0.00130
  42.90201,  -0.36788,   0.00167
  44.84690,  -0.30073,   0.00190
  46.80606,  -0.15606,   0.00213
  44.45654,   0.04864,   0.00181
  44.15207,   0.12073,   0.00186
  43.33516,   0.04468,   0.00173
  42.92345,  -0.09995,   0.00157
  46.85907,  -0.25676,   0.00212
  56.60756,   0.26585,   0.00213
  57.29029,   0.39158,   0.00233
  57.07579,   0.52154,   0.00243
  55.88218,   0.52011,   0.00238
  55.24023,   0.45124,   0.00208
  54.96557,   0.32984,   0.00169
  55.54186,   0.22408,   0.00130
  55.45478,   0.22124,   0.00111
  54.98376,   0.26639,   0.00108
  54.19130,   0.25020,   0.00104
  53.86231,   0.21090,   0.00119
  53.71793,   0.20555,   0.00144
  54.04262,   0.16965,   0.00165
  53.80012,   0.19111,   0.00179
  52.70356,   0.24277,   0.00202
  51.55455,   0.20935,   0.00188
  51.07745,   0.09352,   0.00165
  51.31296,  -0.05026,   0.00142
  53.00424,  -0.10108,   0.00147
  54.76312,   0.00613,   0.00170
  55.09485,   0.16974,   0.00189
  54.93320,   0.33535,   0.00201
  55.56470,   0.12109,   0.00223
  55.44035,   0.03576,   0.00198
  53.52042,  -0.10399,   0.00203
  53.78498,  -0.19314,   0.00174
  54.19903,  -0.15699,   0.00162
  53.96189,  -0.06579,   0.00180
  54.57458,  -0.00079,   0.00185
  55.19034,  -0.02272,   0.00181
  55.77685,  -0.07486,   0.00167
  55.99471,  -0.10706,   0.00150
  55.67639,  -0.06422,   0.00140
  55.39772,  -0.01636,   0.00141
  54.92175,  -0.01339,   0.00138
  54.98552,  -0.07350,   0.00152
  55.60902,  -0.16757,   0.00174
  55.84432,  -0.12790,   0.00205
  55.53233,   0.00518,   0.00259
  54.90310,   0.16717,   0.00286
  53.60545,   0.25801,   0.00291
  52.36907,   0.20256,   0.00273
  51.95518,   0.02376,   0.00235
  52.47733,  -0.14926,   0.00197
  53.70352,  -0.23292,   0.00163
  55.04508,  -0.09691,   0.00173
  56.02149,   0.10425,   0.00201
  56.60420,   0.19280,   0.00211
  56.89434,   0.18662,   0.00227
  57.25304,   0.10104,   0.00229
  32.14080,  -0.12496,   0.00120
  31.39787,  -0.11638,   0.00103
  30.71847,  -0.08598,   0.00086
  30.87656,  -0.10224,   0.00096
  31.91567,  -0.18717,   0.00096
  33.75456,  -0.24872,   0.00103
  35.39458,  -0.14401,   0.00125
  37.04622,  -0.05171,   0.00144
  36.53607,   0.15598,   0.00141
  34.83164,   0.21863,   0.00113
  33.50906,   0.07978,   0.00038
  31.96676,  -0.14507,  -0.00002
  31.31794,  -0.29044,  -0.00018
  31.56833,  -0.15511,  -0.00003
  39.73654,   0.08305,   0.00035
  39.40331,   0.25443,   0.00070
  37.70775,   0.28141,   0.00086
  36.80195,   0.13841,   0.00072
  29.36553,  -0.00445,   0.00060
  29.01384,  -0.09653,   0.00046
  30.06740,  -0.10378,   0.00049
  30.61408,   0.01555,   0.00073
  54.93328,   0.52144,   0.00087
  55.67671,   0.53157,   0.00111
  56.66290,   0.52746,   0.00135
  57.41137,   0.59075,   0.00154
  57.65108,   0.67627,   0.00179
  56.82215,   0.73661,   0.00171
  55.87381,   0.71183,   0.00142
  55.66289,   0.59024,   0.00110
  34.78172,   0.04448,   0.00086
  36.70941,  -0.05655,   0.00066
  39.05577,   0.02447,   0.00071
  40.29932,   0.12565,   0.00077
  40.40175,   0.27864,   0.00089
  39.36895,   0.24450,   0.00083
  38.62700,   0.10821,   0.00051
  36.99566,  -0.11858,   0.00032
  35.83664,  -0.24354,   0.00036
  35.15150,  -0.13672,   0.00075
  35.06108,  -0.03386,   0.00116
  33.95936,   0.04996,   0.00159
  34.03120,   0.00002,   0.00190
  34.15574,  -0.08744,   0.00204
  34.21685,  -0.09668,   0.00209
  33.79626,  -0.04634,   0.00201
  33.37748,  -0.08141,   0.00170
  32.49228,  -0.15619,   0.00125
  55.18372,  -0.16630,   0.00018
  56.03263,  -0.24179,   0.00015
  57.29140,  -0.22411,   0.00033
  58.09643,  -0.07083,   0.00069
  57.75016,   0.10387,   0.00091
  56.52731,   0.18571,   0.00090
  55.70692,   0.12447,   0.00077
  55.22385,  -0.05207,   0.00039
  55.71927,  -0.20207,   0.00006
  56.83518,  -0.23491,   0.00001
  57.70681,  -0.10047,   0.00015
  58.02237,   0.06896,   0.00039
  57.41398,   0.08871,   0.00046
  57.02849,   0.07871,   0.00055
  57.12036,   0.04286,   0.00055
  56.52112,   0.01901,   0.00051
  55.37722,   0.04288,   0.00047
  54.00666,   0.06824,   0.00049
  52.83512,   0.03845,   0.00043
  52.45245,  -0.04957,   0.00037
  52.23928,  -0.10443,   0.00041
  53.17902,  -0.10211,   0.00048
  53.72768,  -0.01258,   0.00057
  53.29303,   0.04013,   0.00055
  52.28191,   0.05651,   0.00042
  51.43042,  -0.04477,   0.00019
  51.83292,  -0.20094,  -0.00015
  52.97634,  -0.29252,  -0.00013
  46.18807,  -0.30971,   0.00087
  45.28086,   0.09006,   0.00145
  45.60085,   0.25949,   0.00201
  51.17210,   0.54360,  -0.00042
  31.28475,   0.11523,   0.00227
  31.49698,  -0.01471,   0.00188
  31.92819,  -0.07753,   0.00147
  32.63699,  -0.11721,   0.00121
  33.06536,  -0.05329,   0.00102
  33.76464,  -0.03811,   0.00090
  44.36621,  -0.07971,   0.00021
  45.33647,  -0.09820,   0.00025
  46.07678,   0.00086,   0.00041
  45.44610,   0.13976,   0.00052
  44.21852,   0.23424,   0.00062
  41.73189,   0.15824,   0.00052
  39.70198,   0.03631,   0.00046
  39.32052,  -0.15021,   0.00047
  42.89961,   0.12494,  -0.00098
  44.58032,   0.23927,  -0.00062
  45.62168,   0.44377,  -0.00020
  45.08421,   0.54247,  -0.00003
  44.38502,   0.55259,  -0.00001
  43.83858,   0.46641,  -0.00017
  44.32623,   0.37957,  -0.00048
  44.61619,   0.38256,  -0.00052
  45.04759,   0.47243,  -0.00040
  45.29283,   0.54447,  -0.00029
  45.70938,   0.57861,  -0.00016
  46.19728,   0.57585,  -0.00008
  46.98017,   0.53164,  -0.00019
  47.53102,   0.53647,  -0.00040
  47.61411,   0.56988,  -0.00054
  47.01730,   0.58812,  -0.00085
  58.95696,   0.34395,   0.00135
  59.57742,   0.23258,   0.00110
  60.78564,   0.14064,   0.00093
  61.58218,   0.15245,   0.00112
  61.96298,   0.42875,   0.00145
  58.84265,   0.72187,   0.00179
  44.15201,   0.43719,   0.00149
  44.79500,   0.20289,   0.00157
  47.08243,   0.03303,   0.00099
  42.80454,   0.02485,   0.00031
  42.38411,  -0.03658,   0.00020
  43.14667,   0.05332,   0.00024
  42.86485,   0.08302,   0.00010
  42.95971,   0.12261,   0.00014
  55.90258,   0.09612,  -0.00037
  55.93012,   0.04249,  -0.00054
  56.28010,   0.05534,  -0.00072
  55.59191,   0.11067,  -0.00078
  31.25116,   0.11818,  -0.00040
  30.53596,   0.06603,  -0.00042
  30.90352,  -0.03877,  -0.00036
  31.83147,   0.01579,   0.00005
  33.59410,   0.09944,   0.00026
  35.03057,   0.28023,   0.00048
  35.86084,   0.37835,   0.00079
  35.12994,   0.38722,   0.00052
  34.34450,   0.25359,   0.00005
  35.26536,   0.05830,  -0.00056
  36.21591,  -0.00259,  -0.00079
  37.37192,   0.09826,  -0.00069
  46.21165,   0.29256,  -0.00071
  48.33512,   0.29226,   0.00001
  55.95828,   0.51054,   0.00087
  55.17077,   0.38281,   0.00078
  54.40634,   0.22418,   0.00056
  54.04735,   0.20131,   0.00052
  53.38520,   0.16317,   0.00044
  53.38147,   0.17631,   0.00050
  53.78509,   0.15265,   0.00063
  53.96593,   0.06141,   0.00067
  39.55169,  -0.06690,  -0.00028
  43.59033,  -0.08215,   0.00058
  41.42138,   0.12303,   0.00026
  39.93779,   0.22945,   0.00049
  41.60829,   0.11427,   0.00108
  40.52013,  -0.06149,   0.00092
  36.95842,  -0.10857,   0.00014
  41.71690,  -0.17420,   0.00098
  43.08633,  -0.03831,   0.00128
  44.00309,   0.12672,   0.00145
  54.39222,   0.51428,   0.00181
  53.81787,   0.47526,   0.00147
  51.41268,   0.46610,   0.00082
  51.60347,   0.36788,   0.00041
  51.09382,   0.19283,  -0.00129
  51.08912,   0.27305,  -0.00120
  51.20630,   0.33730,  -0.00102
  51.26847,   0.37289,  -0.00077
  51.33312,   0.34581,  -0.00053
  51.26770,   0.35485,  -0.00028
  50.86292,   0.38976,  -0.00004
  49.87834,   0.44279,   0.00003
  48.65825,   0.46983,  -0.00003
  51.80481,   0.10925,   0.00042
  51.52182,  -0.02678,   0.00018
  40.87566,  -0.28446,   0.00065
  38.76017,  -0.14816,   0.00029
  39.89078,   0.04244,   0.00062
  39.83175,   0.22264,   0.00087
  38.40747,   0.26710,   0.00087
  36.61848,   0.14771,   0.00061
  47.20805,   0.48696,   0.00000
  47.48750,   0.39571,  -0.00014
  48.09936,   0.38750,  -0.00016
  35.88279,  -0.11166,   0.00071
  37.72573,   0.01778,   0.00099
  39.24388,   0.03411,   0.00115
  39.72932,  -0.07150,   0.00109
  40.84512,  -0.14421,   0.00097
  51.97492,   0.35163,   0.00178
  52.46478,   0.43305,   0.00178
  51.61809,   0.36406,   0.00148
  51.12971,   0.29141,   0.00138
  50.72965,   0.19836,   0.00135
  51.29502,   0.11758,   0.00149
  51.19640,   0.20618,   0.00192
  51.01923,   0.32448,   0.00203
  49.75638,   0.40450,   0.00193
  47.64141,   0.32013,   0.00162
  46.18677,   0.12013,   0.00118
  45.95457,  -0.09718,   0.00081
  46.59084,  -0.20470,   0.00044
  47.74378,  -0.09423,   0.00066
  48.42719,   0.11334,   0.00112
  47.86328,   0.23585,   0.00133
  47.20816,   0.25074,   0.00167
  46.58261,   0.15903,   0.00187
  52.19401,   0.13290,  -0.00015
  52.06208,   0.13645,  -0.00012
  55.62523,   0.03537,   0.00186
  55.17224,   0.19453,   0.00175
  49.15000,   0.14570,   0.00001
  50.01906,   0.10894,  -0.00011
  51.04267,   0.11936,  -0.00020
  51.73488,   0.19538,  -0.00021
  51.90359,   0.27939,  -0.00027
  51.05579,   0.34790,  -0.00038
  50.00177,   0.31182,  -0.00062
  49.89648,   0.17737,  -0.00098
  50.03806,   0.04968,  -0.00117
  50.68456,   0.05184,  -0.00101
  51.26052,   0.13370,  -0.00075
  51.40992,   0.25309,  -0.00046
  50.71299,   0.29817,  -0.00022
  50.11950,   0.22964,  -0.00030
  36.60897,  -0.24885,   0.00046
  36.05762,  -0.36713,   0.00020
  35.78973,  -0.36081,   0.00011
  35.84126,  -0.34306,  -0.00005
  36.04476,  -0.26055,   0.00020
  36.15758,  -0.25659,   0.00047
  43.12560,  -0.35639,   0.00070
  43.09868,  -0.34634,   0.00083
  38.87575,  -0.17039,   0.00054
  37.81165,  -0.08301,   0.00038
  27.18082,  -0.06053,   0.00051
  26.10150,  -0.18598,   0.00006
  26.21269,  -0.37963,  -0.00036
  27.39158,  -0.47166,  -0.00068
  29.96258,  -0.43324,  -0.00058
  31.88835,  -0.19700,  -0.00027
  32.51897,   0.03050,   0.00006
  32.71377,   0.04463,   0.00017
  31.76024,   0.01624,   0.00007
  31.04429,  -0.14645,  -0.00016
  30.88575,  -0.22928,  -0.00026
  31.73711,  -0.12827,   0.00005
  31.80687,  -0.01703,   0.00042
  32.24779,   0.05909,   0.00072
  32.64077,   0.04086,   0.00086
  32.53564,  -0.01360,   0.00080
  49.95782,   0.27108,  -0.00057
  49.65618,   0.28412,  -0.00068
  49.15246,   0.29411,  -0.00086
  48.52703,   0.30739,  -0.00092
  48.35778,   0.25816,  -0.00097
  48.88518,   0.18262,  -0.00106
  49.89488,   0.14633,  -0.00083
  50.80980,   0.23467,  -0.00041
  51.25721,   0.34001,  -0.00002
  50.79577,   0.28412,   0.00034
  50.31951,   0.24576,   0.00032
  30.67115,  -0.10409,   0.00115
  31.00552,  -0.30354,   0.00084
  32.41799,  -0.37792,   0.00069
  34.62628,  -0.35112,   0.00062
  36.39066,  -0.16461,   0.00086
  37.29582,  -0.04628,   0.00103
  40.86091,   0.05452,   0.00127
  40.04440,  -0.04737,   0.00107
  38.97234,  -0.13604,   0.00077
  38.59179,  -0.12562,   0.00068
  37.13263,  -0.13106,   0.00042
  35.94590,  -0.17770,   0.00015
  34.00544,  -0.32868,  -0.00024
  34.23064,  -0.43492,  -0.00027
  34.93986,  -0.45000,  -0.00024
  35.46566,  -0.38040,  -0.00004
  34.95776,  -0.24402,   0.00010
  33.61702,  -0.17776,   0.00014
  30.54271,  -0.27331,  -0.00015
  29.33442,  -0.43193,  -0.00027
  28.91498,  -0.54706,  -0.00024
  29.07907,  -0.46586,   0.00004
  29.71677,  -0.30169,   0.00047
  30.14215,  -0.11149,   0.00087
  29.26793,  -0.03355,   0.00113
  28.68926,  -0.10910,   0.00093
  28.23051,  -0.25591,   0.00048
  28.24089,  -0.33683,   0.00006
  28.69297,  -0.42250,  -0.00043
  29.21837,  -0.35870,  -0.00068
  30.23496,  -0.31265,  -0.00077
  31.15439,  -0.37581,  -0.00093
  51.58437,   0.22906,  -0.00176
  30.04453,   0.55233,   0.00201
  30.31042,   0.57189,   0.00207
  29.99665,   0.59397,   0.00208
  29.26293,   0.58767,   0.00209
  28.50361,   0.51507,   0.00198
  28.25870,   0.41437,   0.00189
  28.55206,   0.35699,   0.00192
  29.52784,   0.37556,   0.00203
  30.34535,   0.46080,   0.00217
  30.31051,   0.52276,   0.00223
  29.79195,   0.52885,   0.00219
  29.00663,   0.45979,   0.00204
  28.38879,   0.37683,   0.00184
  28.09663,   0.32647,   0.00177
  28.06855,   0.34483,   0.00183
  27.88736,   0.40798,   0.00198
  27.96219,   0.44553,   0.00212
  28.14219,   0.43528,   0.00220
  28.43179,   0.41761,   0.00224
  28.94198,   0.39901,   0.00220
  29.33429,   0.42139,   0.00213
  29.59987,   0.44870,   0.00206
  29.48797,   0.46601,   0.00200
  29.58188,   0.44032,   0.00197
  30.22325,   0.39934,   0.00197
  31.25417,   0.41342,   0.00214
  32.24329,   0.49709,   0.00236
  32.73135,   0.61278,   0.00258
  32.23470,   0.68110,   0.00261
  31.21887,   0.66346,   0.00247
  30.39326,   0.58539,   0.00226
  29.99632,   0.49679,   0.00201
  30.21617,   0.47616,   0.00188
  30.64233,   0.52386,   0.00189
  31.01777,   0.61086,   0.00198
  31.07829,   0.65619,   0.00205
  30.97032,   0.63469,   0.00202
  30.77408,   0.58484,   0.00201
  30.52838,   0.55001,   0.00201
  30.34877,   0.55797,   0.00205
  29.80123,   0.57226,   0.00212
  29.28260,   0.56719,   0.00221
  31.28827,  -0.20148,   0.00003
  32.41602,  -0.28782,   0.00022
  33.89948,  -0.27709,   0.00041
  34.56048,  -0.15000,   0.00070
  34.79031,  -0.02132,   0.00067
  34.47709,  -0.06526,   0.00024
  33.63168,  -0.17668,  -0.00028
  33.45091,  -0.37470,  -0.00087
  34.55090,  -0.50152,  -0.00150
  35.72277,  -0.45868,  -0.00159
  36.77931,  -0.28626,  -0.00126
  37.03836,  -0.10962,  -0.00096
  36.40142,  -0.09284,  -0.00086
  35.67578,  -0.12990,  -0.00077
  34.76756,  -0.31826,  -0.00114
  34.01579,  -0.43963,  -0.00149
  33.93502,  -0.46090,  -0.00154
  33.84035,  -0.41642,  -0.00152
  34.32704,  -0.39562,  -0.00134
  34.79367,  -0.44275,  -0.00132
  35.50254,  -0.46022,  -0.00110
  35.78810,  -0.40401,  -0.00085
  35.62060,  -0.26707,  -0.00064
  34.20126,  -0.16587,  -0.00052
  32.11192,  -0.17357,  -0.00054
  30.33823,  -0.30729,  -0.00068
  29.12639,  -0.42525,  -0.00083
  29.83602,  -0.51647,  -0.00089
  31.24899,  -0.44061,  -0.00074
  32.27001,  -0.28713,  -0.00040
  32.81948,  -0.13387,  -0.00021
  32.64148,  -0.12930,  -0.00028
  32.88053,  -0.30304,  -0.00076
  32.69320,  -0.46524,  -0.00112
  32.96923,  -0.51672,  -0.00128
  34.40180,  -0.43741,  -0.00114
  36.68730,  -0.25881,  -0.00052
  37.01700,  -0.20355,  -0.00011
  37.34112,  -0.24649,   0.00019
  37.83123,  -0.23504,   0.00055
  37.82203,  -0.25071,   0.00049
  37.65587,  -0.24547,   0.00045
  36.46170,  -0.20554,   0.00010
  35.21625,  -0.26295,  -0.00030
  34.10916,  -0.50392,  -0.00094
  34.24389,  -0.66326,  -0.00112
  34.93367,  -0.68982,  -0.00121
  35.25552,  -0.53486,  -0.00087
  34.66027,  -0.31928,  -0.00044
  32.83789,  -0.22000,  -0.00023
  30.50548,  -0.30971,  -0.00023
  28.49237,  -0.51649,  -0.00040
  27.00736,  -0.61144,  -0.00044
  26.81679,  -0.64368,  -0.00038
  27.68327,  -0.52223,  -0.00003
  28.47015,  -0.41247,   0.00042
  29.68941,  -0.31478,   0.00072
  30.47199,  -0.32053,   0.00079
  30.52164,  -0.32799,   0.00061
  30.60491,  -0.29881,   0.00050
  31.07452,  -0.24296,   0.00035
  30.38841,  -0.14729,   0.00026
  29.70080,  -0.15684,   0.00015
  29.86645,  -0.23318,   0.00012
  30.85941,  -0.29423,   0.00014
  31.86509,  -0.20930,   0.00036
  32.69146,  -0.10784,   0.00064
  32.48038,   0.00890,   0.00063
  31.50816,   0.00719,   0.00043
  30.67024,  -0.17848,   0.00005
  30.43177,  -0.38562,  -0.00037
  31.15371,  -0.50669,  -0.00043
  32.38474,  -0.45560,  -0.00014
  32.96615,  -0.29344,   0.00034
  33.22094,  -0.14105,   0.00092
  32.57001,  -0.12181,   0.00130
  30.88376,  -0.14418,   0.00149
  29.96970,  -0.29181,   0.00144
  29.08850,  -0.38004,   0.00133
  27.83739,  -0.36619,   0.00128
  27.80234,  -0.34154,   0.00122
  28.46371,  -0.36419,   0.00118
  28.90188,  -0.44806,   0.00084
  30.53974,  -0.49011,   0.00079
  31.82509,  -0.43665,   0.00079
  32.77768,  -0.33626,   0.00078
  32.05295,  -0.20936,   0.00077
  30.80077,  -0.21594,   0.00059
  30.16992,  -0.32429,   0.00034
  30.20983,  -0.49441,   0.00024
  31.32178,  -0.55257,   0.00034
  32.62564,  -0.40217,   0.00096
  33.84106,  -0.19154,   0.00134
  34.03628,  -0.05957,   0.00151
  35.20687,  -0.10022,   0.00131
  34.39257,  -0.22106,   0.00089
  34.05071,  -0.32156,   0.00046
  34.76593,  -0.35044,   0.00007
  34.43043,  -0.22825,   0.00005
  33.66622,  -0.16246,  -0.00007
  33.20180,  -0.12158,   0.00015
  32.70555,  -0.16126,   0.00029
  31.86852,  -0.12478,   0.00040
  31.04172,  -0.10311,   0.00039
  29.90523,  -0.00496,   0.00052
  28.52301,   0.02415,   0.00034
  27.38405,  -0.08320,   0.00004
  27.33321,  -0.23316,  -0.00016
  50.39178,   0.35047,  -0.00197
  51.74512,   0.36538,  -0.00186
  52.62400,   0.47733,  -0.00157
  52.62975,   0.60859,  -0.00129
  32.52676,   0.16971,   0.00072
  31.26227,   0.08960,   0.00054
  30.27773,  -0.08309,   0.00019
  30.31972,  -0.11562,   0.00004
  30.72729,  -0.12119,  -0.00018
  30.66839,  -0.04385,  -0.00007
  31.29677,   0.05163,  -0.00007
  30.91626,   0.02832,  -0.00016
  31.46057,  -0.06810,  -0.00047
  32.11642,  -0.13496,  -0.00086
  31.87187,  -0.14281,  -0.00123
  30.89953,  -0.08463,  -0.00146
  30.09616,  -0.08688,  -0.00172
  29.00741,  -0.15769,  -0.00171
  28.45215,  -0.28924,  -0.00151
  27.97384,  -0.24209,  -0.00113
  28.41151,  -0.18929,  -0.00062
  28.63534,  -0.03238,  -0.00008
  27.89470,   0.14121,   0.00048
  26.49339,   0.15800,   0.00042
  25.16745,   0.00037,   0.00010
  24.96224,  -0.18657,  -0.00025
  25.79476,  -0.24787,  -0.00056
  27.65800,  -0.21539,  -0.00062
  29.02122,   0.02582,  -0.00025
  29.80123,   0.22836,   0.00010
  30.12221,   0.22850,  -0.00002
  30.48378,   0.23111,  -0.00008
  30.37678,   0.15100,  -0.00030
  30.06304,   0.13388,  -0.00048
  30.65535,   0.23123,  -0.00026
  30.80869,   0.22976,  -0.00019
  31.45465,   0.15878,  -0.00016
  33.16152,   0.08551,   0.00000
  35.41585,   0.05759,   0.00021
  37.05598,   0.16098,   0.00047
  38.27089,   0.25550,   0.00069
  37.11661,   0.36812,   0.00076
  35.27216,   0.32634,   0.00065
  34.27740,   0.14567,   0.00022
  33.67085,  -0.03892,   0.00016
  33.80108,  -0.03216,   0.00033
  34.21857,   0.08582,   0.00072
  33.45192,   0.24186,   0.00118
  32.04605,   0.28929,   0.00133
  30.49881,   0.21012,   0.00111
  29.58952,   0.01992,   0.00070
  28.88309,  -0.13673,   0.00027
  29.07378,  -0.21051,  -0.00006
  29.37662,  -0.12804,  -0.00002
  29.78759,  -0.12605,  -0.00008
  30.32140,  -0.10437,   0.00024
  30.90929,  -0.13716,   0.00056
  31.65273,  -0.06736,   0.00092
  31.84416,   0.01657,   0.00112
  32.14155,   0.14294,   0.00148
  31.13536,   0.16893,   0.00128
  30.28923,   0.06338,   0.00102
  30.27372,  -0.11739,   0.00063
  31.34320,  -0.23941,   0.00043
  33.37270,  -0.19176,   0.00041
  35.01936,   0.00434,   0.00054
  35.18030,   0.11259,   0.00059
  34.34318,   0.13728,   0.00032
  32.77962,   0.01770,   0.00000
  31.19917,  -0.18037,  -0.00037
  30.35053,  -0.27303,  -0.00061
  29.28637,  -0.25537,  -0.00040
  29.14856,  -0.16443,  -0.00004
  29.34668,  -0.09555,   0.00040
  28.25351,  -0.06755,   0.00088
  28.81168,  -0.13937,   0.00105
  29.34401,  -0.19456,   0.00111
  29.68559,  -0.18506,   0.00123
  29.73409,  -0.11951,   0.00118
  29.48675,  -0.18368,   0.00084
  29.56174,  -0.23642,   0.00079
  30.21232,  -0.34586,   0.00081
  31.21883,  -0.36095,   0.00082
  32.84805,  -0.25839,   0.00110
  33.75864,  -0.06009,   0.00137
  33.36895,   0.08076,   0.00160
  32.25021,   0.03956,   0.00128
  34.98566,  -0.11040,   0.00074
  34.96070,  -0.36552,   0.00016
  35.99038,  -0.50401,  -0.00020
  37.65958,  -0.47448,  -0.00019
  39.17785,  -0.28926,   0.00008
  39.81920,  -0.21497,   0.00018
  39.49822,  -0.19939,   0.00038
  38.83414,  -0.27203,   0.00046
  39.00610,  -0.26887,   0.00055
  37.64135,  -0.23571,   0.00064
  32.88733,  -0.17458,   0.00089
  31.70720,  -0.15147,   0.00098
  30.38425,  -0.19194,   0.00103
  30.82453,  -0.27513,   0.00110
  31.48653,  -0.27037,   0.00119
  32.52648,  -0.13838,   0.00128
  32.61480,   0.05471,   0.00131
  32.18243,   0.06770,   0.00090
  30.82188,   0.03775,   0.00057
  29.99486,  -0.12560,   0.00025
  30.43153,  -0.28830,  -0.00016
  31.82376,  -0.25058,  -0.00001
  50.28239,   0.42943,  -0.00069
  50.88125,   0.59902,  -0.00027
  51.05021,   0.69549,   0.00009
  50.95204,   0.64186,   0.00006
  50.92680,   0.50998,  -0.00018
  53.45625,   0.01079,   0.00077
  53.82643,   0.00580,   0.00051
  54.12294,   0.08295,   0.00040
  54.14360,   0.06077,   0.00023
  54.65468,   0.06027,   0.00023
  55.28690,   0.02319,   0.00025
  51.05438,  -0.03627,   0.00072
  50.77322,   0.02236,   0.00075
  49.51372,   0.08983,   0.00073
  48.08818,   0.08473,   0.00066
  45.82393,  -0.00124,   0.00040
  44.94839,  -0.26545,   0.00013
  45.18864,  -0.46275,   0.00010
  45.66947,  -0.37855,   0.00044
  46.39451,  -0.26055,   0.00081
  47.09002,  -0.05543,   0.00115
  46.86679,   0.01158,   0.00123
  46.42385,  -0.13779,   0.00093
  46.92726,  -0.26551,   0.00068
  47.02871,  -0.34262,   0.00068
  47.43704,  -0.27275,   0.00092
  48.15541,  -0.09911,   0.00117
  47.84403,   0.08308,   0.00081
  48.06367,   0.08938,   0.00094
  48.38616,   0.08167,   0.00097
  48.84013,   0.04510,   0.00071
  49.58919,   0.06674,   0.00050
  49.14636,   0.14088,   0.00006
  49.05154,   0.06105,  -0.00053
  49.08083,  -0.03752,  -0.00091
  50.05644,  -0.20985,  -0.00135
  51.35555,  -0.24585,  -0.00131
  52.73968,  -0.11500,  -0.00082
  52.62559,   0.09120,  -0.00031
  51.05633,   0.22957,   0.00003
  48.99418,   0.19587,   0.00016
  47.23631,   0.07085,   0.00011
  46.30251,  -0.15171,  -0.00008
  46.64516,  -0.25666,  -0.00010
  47.05364,  -0.15694,   0.00024
  35.80664,  -0.11932,   0.00063
  35.71056,  -0.06555,   0.00071
  35.33393,  -0.09624,   0.00054
  34.96083,  -0.16461,   0.00038
  34.49593,  -0.21411,   0.00013
  34.32994,  -0.22381,  -0.00018
  33.09398,  -0.18601,  -0.00030
  32.02118,  -0.20085,  -0.00034
  30.98721,  -0.24551,  -0.00029
  31.62566,  -0.33385,  -0.00025
  32.97808,  -0.34533,  -0.00018
  34.16339,  -0.22671,   0.00023
  34.66080,  -0.09577,   0.00026
  34.13094,  -0.04400,   0.00011
  33.59208,  -0.20890,  -0.00029
  33.08443,  -0.40283,  -0.00072
  33.60573,  -0.53627,  -0.00098
  34.88643,  -0.52337,  -0.00098
  35.85689,  -0.32259,  -0.00061
  35.87307,  -0.11097,  -0.00016
  34.21197,   0.00244,   0.00017
  32.68392,  -0.08130,   0.00011
  31.30063,  -0.22730,  -0.00016
  30.20406,  -0.26362,  -0.00027
  29.27856,  -0.28445,  -0.00054
  28.62197,  -0.24851,  -0.00068
  27.82208,  -0.28202,  -0.00077
  28.72608,  -0.31092,  -0.00060
  29.38219,  -0.32233,  -0.00056
  30.47331,  -0.28547,  -0.00033
  30.83208,  -0.17087,  -0.00004
  30.74140,  -0.05980,   0.00025
  29.51161,  -0.03016,   0.00043
  28.69235,  -0.13887,   0.00046
  28.27980,  -0.24723,   0.00056
  29.97977,  -0.34830,   0.00068
  32.40286,  -0.26207,   0.00098
  33.82694,  -0.07966,   0.00152
  35.16995,   0.11266,   0.00167
  35.38922,   0.13416,   0.00147
  35.46030,  -0.09731,   0.00079
  35.62343,  -0.28146,   0.00019
  35.99458,  -0.36078,  -0.00026
  36.96302,  -0.37781,  -0.00074
  37.22836,  -0.24836,  -0.00061
  36.99348,  -0.18626,  -0.00029
  36.03421,  -0.14735,   0.00003
  35.82088,  -0.24009,   0.00021
  35.34790,  -0.30720,   0.00026
  34.34689,  -0.23818,   0.00058
  32.59242,  -0.21736,   0.00055
  31.30703,  -0.27914,   0.00046
  30.72643,  -0.46107,   0.00012
  31.67648,  -0.59294,   0.00015
  33.34562,  -0.53350,   0.00038
  34.77600,  -0.31264,   0.00088
  35.11615,  -0.09110,   0.00117
  33.98228,   0.08606,   0.00131
  54.96102,   0.40407,   0.00199
  51.24193,   0.40756,   0.00140
  55.44058,   0.14693,   0.00142
  56.16711,   0.13400,   0.00128
  49.15553,  -0.27000,   0.00063
  50.54293,  -0.06168,   0.00075
  51.31892,   0.05245,   0.00073
  54.03555,   0.23664,  -0.00005
  54.57830,   0.17077,  -0.00029
  54.97371,   0.13804,  -0.00054
  52.61522,   0.01575,  -0.00108
  54.79472,  -0.02836,  -0.00051
  44.14679,   0.32784,  -0.00238
  41.71365,   0.35321,  -0.00264
  51.61409,   0.22806,  -0.00129
  52.02204,   0.21917,  -0.00113
  53.69331,   0.16366,   0.00050
  52.28090,   0.27886,   0.00049
  50.44130,   0.28330,   0.00022
  48.87783,   0.13005,  -0.00026
  48.54708,  -0.10093,  -0.00080
  49.46612,  -0.26997,  -0.00114
  50.23783,  -0.27416,  -0.00134
  51.08458,  -0.09741,  -0.00100
  51.03902,   0.08468,  -0.00061
  49.74846,   0.18020,  -0.00044
  48.90143,   0.09174,  -0.00040
  48.43620,  -0.08252,  -0.00056
  45.91181,  -0.22438,  -0.00021
  45.77825,  -0.23808,  -0.00035
  45.50737,  -0.20052,  -0.00039
  46.30029,  -0.17549,  -0.00036
  52.83647,  -0.19847,  -0.00060
  54.31933,  -0.23126,  -0.00056
  55.48912,  -0.17695,  -0.00051
  56.27236,  -0.08548,  -0.00052
  55.27535,   0.05691,  -0.00060
  53.93262,   0.09671,  -0.00086
  53.89340,  -0.00005,  -0.00135
  53.99861,  -0.16487,  -0.00165
  54.94517,  -0.25595,  -0.00170
  55.68583,  -0.12519,  -0.00127
  55.74543,   0.06186,  -0.00092
  54.90511,   0.20252,  -0.00068
  53.81214,   0.17359,  -0.00069
  53.03278,   0.02145,  -0.00092
  53.00790,  -0.14133,  -0.00118
  53.62092,  -0.20754,  -0.00141
  53.85164,  -0.09660,  -0.00117
  54.00226,   0.07116,  -0.00072
  53.09849,   0.12644,  -0.00052
  52.98708,   0.14319,  -0.00008
  53.17116,   0.13130,   0.00025
  53.56086,   0.20799,   0.00061
  52.81102,   0.27624,   0.00066
  51.53768,   0.31946,   0.00052
  50.62129,   0.23890,   0.00023
  50.62067,   0.10853,  -0.00016
  51.89733,  -0.02369,  -0.00046
  53.71325,  -0.07869,  -0.00064
  55.26655,   0.05459,  -0.00050
  55.66459,   0.24332,  -0.00032
  55.67133,   0.28926,  -0.00037
  54.64115,   0.21521,  -0.00058
  54.06908,   0.02383,  -0.00090
  55.16724,  -0.06844,  -0.00098
  55.61597,  -0.12999,  -0.00093
  55.94969,  -0.05764,  -0.00067
  55.26465,   0.07098,  -0.00016
  54.33941,   0.09362,   0.00010
  52.76944,   0.03149,   0.00031
  52.69219,  -0.05950,   0.00018
  52.49516,  -0.08715,   0.00001
  52.20757,  -0.09643,  -0.00026
  51.24690,  -0.03471,  -0.00040
  50.50085,  -0.03988,  -0.00052
  50.08644,  -0.15104,  -0.00084
  50.40780,  -0.15026,  -0.00074
  51.40275,  -0.10977,  -0.00040
  51.97086,   0.03959,  -0.00002
  51.42428,   0.22895,   0.00042
  50.22290,   0.23605,   0.00030
  49.40850,   0.07436,  -0.00008
  49.91614,  -0.13788,  -0.00043
  51.51806,  -0.26223,  -0.00063
  53.75757,  -0.18687,  -0.00052
  54.75325,  -0.03006,  -0.00025
  55.35680,   0.16781,   0.00008
  55.24470,   0.20446,   0.00011
  54.99720,   0.14315,   0.00006
  54.83683,   0.04670,  -0.00011
  55.11376,   0.05292,  -0.00019
  54.40273,   0.08006,  -0.00020
  53.70306,   0.10398,  -0.00033
  53.42564,   0.05894,  -0.00045
  53.23069,  -0.05088,  -0.00057
  36.89395,  -0.09393,  -0.00039
  38.00300,  -0.06082,  -0.00040
  38.08322,   0.07044,  -0.00036
  36.91753,   0.10267,  -0.00048
  35.25202,   0.02223,  -0.00077
  33.85445,  -0.15929,  -0.00110
  33.18090,  -0.29811,  -0.00128
  33.58650,  -0.36121,  -0.00102
  33.82565,  -0.19576,  -0.00041
  34.18589,   0.01230,   0.00015
  33.41552,   0.14799,   0.00060
  32.56275,   0.12652,   0.00061
  32.09919,   0.00242,   0.00030
  32.00018,  -0.11176,  -0.00017
  32.40010,  -0.11316,  -0.00060
  33.27206,  -0.12159,  -0.00100
  33.84379,  -0.00784,  -0.00113
  34.52771,   0.04086,  -0.00121
  56.23636,   0.30337,   0.00143
  56.57320,   0.30561,   0.00143
  56.60961,   0.33421,   0.00143
  36.43830,   0.29238,  -0.00138
  34.76209,   0.32788,  -0.00141
  32.80639,   0.23833,  -0.00161
  31.93527,   0.02893,  -0.00189
  32.16685,  -0.05633,  -0.00187
  33.80135,  -0.05153,  -0.00167
  44.14776,   0.47736,  -0.00328
  44.13191,   0.65739,  -0.00285
  43.02588,   0.73523,  -0.00260
  41.50638,   0.67507,  -0.00273
  40.64236,   0.55091,  -0.00292
  40.50203,   0.45994,  -0.00311
  40.73395,   0.49507,  -0.00315
  40.96085,   0.59341,  -0.00293
  41.01401,   0.67703,  -0.00262
  40.41342,   0.71353,  -0.00237
  40.82171,   0.65524,  -0.00236
  41.51955,   0.58971,  -0.00254
  42.17258,   0.59227,  -0.00266
  42.23261,   0.62567,  -0.00284
  42.04284,   0.64093,  -0.00300
  42.27065,   0.55453,  -0.00327
  43.19620,   0.45791,  -0.00330
  44.95181,   0.39845,  -0.00319
  47.09190,   0.47288,  -0.00289
  47.89493,   0.61036,  -0.00250
  47.34254,   0.72371,  -0.00222
  46.29958,   0.74727,  -0.00211
  45.19716,   0.60339,  -0.00244
  44.98889,   0.40720,  -0.00291
  45.97336,   0.29849,  -0.00324
  46.80653,   0.33611,  -0.00330
  47.15273,   0.47378,  -0.00305
  46.12124,   0.52649,  -0.00293
  45.23599,   0.53923,  -0.00276
  44.48555,   0.48085,  -0.00276
  46.09580,   0.43605,  -0.00291
  45.45162,   0.42244,  -0.00294
  44.53751,   0.45961,  -0.00286
  43.73680,   0.49438,  -0.00274
  43.38251,   0.47108,  -0.00256
  43.98391,   0.41508,  -0.00238
  45.35478,   0.41709,  -0.00213
  46.71015,   0.48157,  -0.00192
  47.12037,   0.60522,  -0.00175
  46.33933,   0.66021,  -0.00166
  45.47001,   0.60439,  -0.00197
  44.93643,   0.49996,  -0.00228
  45.41471,   0.39477,  -0.00254
  46.80376,   0.35588,  -0.00268
  47.62846,   0.46041,  -0.00249
  47.52737,   0.60469,  -0.00219
  46.44692,   0.67945,  -0.00191
  45.24180,   0.61842,  -0.00198
  44.31111,   0.47098,  -0.00230
  44.25352,   0.35826,  -0.00264
  44.13043,   0.28264,  -0.00288
  43.94701,   0.29540,  -0.00299
  43.71003,   0.31548,  -0.00290
  43.18055,   0.25898,  -0.00279
  43.40807,   0.20351,  -0.00264
  43.98265,   0.16842,  -0.00243
  44.13261,   0.20206,  -0.00222
  43.41201,   0.28673,  -0.00199
  40.70741,  -0.19232,   0.00029
  38.70251,  -0.29379,   0.00019
  37.70822,  -0.48725,   0.00004
  36.77163,  -0.57326,   0.00008
  37.93278,  -0.57591,   0.00026
  39.35376,  -0.39978,   0.00056
  39.34369,  -0.27658,   0.00068
  39.38524,  -0.19534,   0.00053
  39.06549,  -0.29691,   0.00010
  39.85740,  -0.53178,  -0.00058
  40.31535,  -0.67428,  -0.00089
  40.87161,  -0.64542,  -0.00084
  41.79235,  -0.49243,  -0.00047
  42.54271,  -0.31991,  -0.00002
  42.87466,  -0.28222,   0.00032
  43.08516,  -0.26602,   0.00086
  43.34294,  -0.32232,   0.00091
  43.12586,  -0.32191,   0.00095
  42.99760,  -0.30942,   0.00115
  42.37304,  -0.27509,   0.00096
  42.23233,  -0.34032,   0.00075
  42.33242,  -0.54777,   0.00022
  43.77885,  -0.59330,   0.00034
  45.20794,  -0.46984,   0.00073
  45.38586,  -0.28938,   0.00097
  44.31445,  -0.10649,   0.00129
  42.28856,  -0.10816,   0.00130
  40.10613,  -0.24902,   0.00108
  38.91045,  -0.55757,   0.00093
  38.90341,  -0.75990,   0.00101
  39.22884,  -0.69847,   0.00140
  40.92949,  -0.48278,   0.00192
  42.24908,  -0.30142,   0.00230
  43.01603,  -0.34968,   0.00223
  44.08995,  -0.41457,   0.00211
  44.65114,  -0.47394,   0.00202
  45.80800,  -0.45611,   0.00203
  45.96818,  -0.41997,   0.00185
  45.59995,  -0.33977,   0.00179
  45.31704,  -0.38255,   0.00177
  45.45610,  -0.43060,   0.00185
  46.27504,  -0.45977,   0.00189
  46.89271,  -0.36227,   0.00187
  46.89506,  -0.25663,   0.00201
  45.77149,  -0.19370,   0.00160
  44.29261,  -0.30034,   0.00099
  43.91690,  -0.60941,   0.00010
  43.76613,  -0.84715,  -0.00027
  44.45157,  -0.89113,  -0.00019
  45.29625,  -0.69928,   0.00010
  45.84233,  -0.38839,   0.00079
  45.30833,  -0.21010,   0.00125
  43.66521,  -0.13905,   0.00158
  42.00998,  -0.32030,   0.00154
  40.52718,  -0.47999,   0.00150
  39.79478,  -0.43443,   0.00174
  39.81304,  -0.35243,   0.00183
  40.74551,  -0.24922,   0.00195
  41.08110,  -0.29250,   0.00173
  43.18681,  -0.32071,   0.00162
  45.22099,  -0.29656,   0.00148
  46.78283,  -0.21790,   0.00134
  46.45123,  -0.08672,   0.00126
  45.51138,  -0.04936,   0.00105
  45.20087,  -0.15517,   0.00068
  45.40492,  -0.39322,   0.00031
  46.45124,  -0.61107,   0.00016
  47.40124,  -0.49212,   0.00074
  48.60508,  -0.31419,   0.00109
  48.97793,  -0.12216,   0.00130
  48.34978,  -0.11196,   0.00135
  47.58509,  -0.27856,   0.00097
  47.13485,  -0.52876,   0.00055
  47.87808,  -0.68050,   0.00029
  34.63106,  -0.57837,  -0.00041
  34.75544,  -0.46600,  -0.00018
  34.76371,  -0.37218,   0.00016
  33.61937,  -0.31431,   0.00035
  33.13048,  -0.35397,   0.00052
  32.53999,  -0.38130,   0.00054
  31.49860,  -0.29627,   0.00068
  29.90954,  -0.26084,   0.00053
  28.51101,  -0.28171,   0.00028
  27.71980,  -0.41703,  -0.00015
  28.44531,  -0.54726,  -0.00036
  30.18761,  -0.57503,  -0.00036
  32.35808,  -0.47912,  -0.00021
  33.30035,  -0.24865,   0.00018
  32.92095,  -0.05811,   0.00049
  32.46116,  -0.06869,   0.00051
  31.86254,  -0.14386,   0.00041
  31.39513,  -0.29342,   0.00022
  31.76421,  -0.33407,   0.00018
  32.63791,  -0.21366,   0.00062
  33.38775,  -0.04549,   0.00087
  33.95631,   0.05559,   0.00100
  34.01238,   0.00434,   0.00093
  34.21136,  -0.07373,   0.00061
  34.06852,  -0.12182,   0.00022
  34.04478,  -0.16317,  -0.00019
  32.71722,  -0.12283,  -0.00036
  31.52232,  -0.13746,  -0.00040
  30.60903,  -0.19213,  -0.00049
  30.93673,  -0.28024,  -0.00027
  31.71846,  -0.29034,   0.00007
  31.69133,  -0.12950,   0.00064
  30.92374,  -0.01391,   0.00118
  29.79233,   0.01316,   0.00129
  28.85943,  -0.09825,   0.00115
  28.04943,  -0.29000,   0.00084
  28.79826,  -0.45621,   0.00064
  30.35694,  -0.46421,   0.00072
  31.76830,  -0.36488,   0.00085
  33.11330,  -0.15367,   0.00122
  33.65830,  -0.04158,   0.00141
  33.39025,  -0.06521,   0.00124
  32.98544,  -0.18664,   0.00095
  32.62293,  -0.29396,   0.00064
  32.41747,  -0.26275,   0.00063
  32.01570,  -0.24698,   0.00046
  32.17864,  -0.25753,   0.00038
  37.97705,  -0.14472,   0.00045
  39.35389,  -0.23311,   0.00045
  40.82872,  -0.24256,   0.00048
  42.16716,  -0.16126,   0.00061
  41.58877,  -0.02172,   0.00072
  40.07429,   0.02448,   0.00071
  38.90157,  -0.08559,   0.00046
  38.21883,  -0.25700,   0.00050
  38.72207,  -0.35240,   0.00073
  39.02357,  -0.20863,   0.00128
  39.64367,   0.00390,   0.00186
  39.25226,   0.18728,   0.00223
  37.75861,   0.17692,   0.00222
  36.97903,   0.04141,   0.00189
  36.77720,  -0.13568,   0.00147
  32.06622,  -0.43962,   0.00084
  32.57648,  -0.39646,   0.00069
  33.34934,  -0.27170,   0.00073
  34.28833,  -0.24691,   0.00059
  35.21366,  -0.23002,   0.00080
  36.01476,  -0.26006,   0.00093
  36.54124,  -0.23309,   0.00108
  36.83543,  -0.17077,   0.00144
  35.80922,  -0.12107,   0.00141
  34.74605,  -0.16473,   0.00120
  34.41353,  -0.29692,   0.00106
  35.43002,  -0.45419,   0.00081
  37.37082,  -0.50800,   0.00068
  38.86228,  -0.39989,   0.00078
  51.60192,  -0.35019,   0.00133
  50.75543,  -0.19356,   0.00121
  48.94521,  -0.22770,   0.00086
  47.87729,  -0.39878,   0.00026
  46.57097,  -0.63358,  -0.00018
  45.64311,  -0.74593,  -0.00042
  44.16162,  -0.60709,  -0.00021
  44.22185,  -0.43408,   0.00005
  44.06712,  -0.32974,   0.00029
  42.31132,  -0.30752,   0.00050
  41.96800,  -0.42950,   0.00037
  41.51450,  -0.52019,   0.00023
  41.74445,  -0.55095,   0.00020
  41.59684,  -0.44475,   0.00018
  41.88150,  -0.37303,   0.00020
  42.52877,  -0.42676,   0.00003
  44.07911,  -0.44960,   0.00023
  45.56882,  -0.35265,   0.00063
  35.50189,  -0.10046,   0.00089
  35.41022,   0.10832,   0.00112
  34.35911,   0.17645,   0.00101
  33.51240,   0.07946,   0.00075
  33.03638,  -0.14294,   0.00017
  33.73387,  -0.31286,  -0.00034
  35.35249,  -0.34036,  -0.00056
  37.04999,  -0.18102,  -0.00050
  38.19397,   0.00181,  -0.00026
  38.68917,   0.02916,  -0.00024
  38.17592,  -0.04138,  -0.00021
  37.42795,  -0.16513,  -0.00029
  37.46199,  -0.18181,  -0.00024
  36.38471,  -0.17064,  -0.00006
  35.43088,  -0.12232,   0.00027
  34.41380,  -0.07076,   0.00064
  34.91071,  -0.13855,   0.00092
  36.06562,  -0.21090,   0.00113
  36.64644,  -0.18634,   0.00132
  37.15740,  -0.06763,   0.00144
  36.53396,   0.06735,   0.00144
  35.67586,  -0.01299,   0.00087
  34.71774,  -0.12970,   0.00053
  34.63368,  -0.29522,   0.00023
  35.76618,  -0.33719,  -0.00008
  37.10553,  -0.22511,   0.00016
  37.95766,  -0.00176,   0.00060
  38.09705,   0.18319,   0.00110
  37.22480,   0.17084,   0.00113
  36.34062,   0.01936,   0.00086
  36.89020,  -0.11056,   0.00063
  36.87401,  -0.17407,   0.00032
  37.25602,  -0.10715,   0.00024
  38.49023,  -0.08726,   0.00025
  39.34181,  -0.00452,   0.00045
  40.02291,   0.01129,   0.00064
  40.79450,   0.01300,   0.00070
  40.41073,   0.06482,   0.00082
  39.04310,   0.15964,   0.00088
  37.37569,   0.21785,   0.00090
  35.03000,   0.15726,   0.00073
  33.64767,  -0.00366,   0.00051
  32.72840,  -0.11125,   0.00038
  33.68718,  -0.14928,   0.00039
  34.83027,  -0.04140,   0.00055
  34.84719,   0.06279,   0.00072
  34.54410,   0.16141,   0.00082
  33.71805,   0.10691,   0.00071
  33.30382,  -0.06172,   0.00028
  33.07640,  -0.20960,   0.00012
  33.42969,  -0.23764,   0.00020
  33.90436,  -0.12656,   0.00059
  34.49013,   0.00204,   0.00103
  35.04891,   0.05274,   0.00136
  34.80999,   0.05355,   0.00164
  35.22388,  -0.04148,   0.00149
  35.30980,  -0.09541,   0.00119
  35.21067,  -0.13943,   0.00094
  34.56620,  -0.13545,   0.00051
  34.37118,  -0.20000,   0.00011
  34.38930,  -0.37200,  -0.00049
  35.36470,  -0.45501,  -0.00062
  36.14066,  -0.40359,  -0.00053
  36.27542,  -0.25668,  -0.00025
  35.12277,  -0.11022,   0.00003
  33.05951,  -0.04108,   0.00023
  30.80438,  -0.19829,   0.00012
  29.28364,  -0.43506,  -0.00007
  28.08756,  -0.54098,  -0.00004
  28.54901,  -0.53747,   0.00011
  29.48297,  -0.38017,   0.00054
  29.93070,  -0.25107,   0.00081
  30.42198,  -0.15164,   0.00111
  30.28143,  -0.18525,   0.00117
  30.33386,  -0.26836,   0.00086
  29.76959,  -0.25229,   0.00075
  28.95546,  -0.15802,   0.00074
  28.41202,  -0.09637,   0.00070
  28.29478,  -0.07570,   0.00080
  29.04846,  -0.11703,   0.00088
  29.82867,  -0.10252,   0.00109
  31.14968,  -0.06305,   0.00108
  31.60131,   0.06092,   0.00102
  31.74458,   0.08918,   0.00093
  30.83818,   0.07713,   0.00062
  30.35622,  -0.06839,   0.00025
  31.30738,  -0.26411,  -0.00022
  32.59203,  -0.31032,  -0.00021
  33.97286,  -0.18058,   0.00015
  34.35031,   0.02832,   0.00073
  33.57048,   0.18430,   0.00117
  32.04660,   0.15841,   0.00128
  30.22588,   0.09093,   0.00129
  29.05014,  -0.08310,   0.00095
  28.00612,  -0.15955,   0.00066
  26.78862,  -0.16204,   0.00047
  26.89712,  -0.10670,   0.00042
  27.59418,  -0.09093,   0.00043
  27.79500,  -0.12690,   0.00016
  28.67915,  -0.12860,   0.00019
  28.90202,  -0.06704,   0.00022
  28.64852,   0.03976,   0.00023
  27.23650,   0.10603,   0.00023
  26.00193,   0.05575,   0.00018
  25.29932,  -0.00253,   0.00015
  26.04275,  -0.13444,   0.00019
  27.69505,  -0.13046,   0.00040
  28.77305,   0.03717,   0.00104
  29.93992,   0.25162,   0.00132
  30.19336,   0.37617,   0.00129
  30.22619,   0.24743,   0.00090
  30.02833,   0.07981,   0.00037
  30.29543,  -0.02681,  -0.00007
  31.56927,  -0.03912,  -0.00044
  31.97393,   0.11828,  -0.00033
  32.32666,   0.26607,  -0.00004
  31.77371,   0.35289,   0.00017
  31.55621,   0.27735,   0.00027
  31.01866,   0.16650,   0.00021
  30.18335,   0.19798,   0.00034
  28.74870,   0.19251,   0.00015
  27.23015,   0.16571,   0.00001
  26.60995,   0.04766,  -0.00017
  27.39735,  -0.07629,  -0.00015
  41.82087,  -0.17664,   0.00027
  43.76726,  -0.05066,   0.00071
  44.38694,   0.19472,   0.00135
  43.59961,   0.36096,   0.00174
  42.72181,   0.43701,   0.00184
  40.97445,   0.29526,   0.00170
  40.18293,   0.04494,   0.00141
  40.64637,  -0.02953,   0.00129
  53.41439,  -0.02121,   0.00109
  54.26173,   0.14251,   0.00116
  54.65466,   0.28280,   0.00112
  54.46748,   0.20511,   0.00084
  54.60749,   0.08509,   0.00043
  56.36558,  -0.05968,  -0.00008
  56.48079,  -0.09818,  -0.00042
  56.07496,  -0.04310,  -0.00064
  56.15781,  -0.04523,  -0.00087
  55.70312,  -0.07607,  -0.00079
  59.52612,   0.14467,   0.00080
  59.73724,   0.08629,   0.00109
  59.30618,   0.12637,   0.00139
  57.51914,   0.26045,   0.00186
  55.49120,   0.33625,   0.00180
  53.62417,   0.30529,   0.00155
  52.91138,   0.13080,   0.00111
  52.88964,  -0.01697,   0.00083
  53.54164,  -0.03626,   0.00079
  53.57573,   0.04447,   0.00083
  53.65954,   0.27378,   0.00121
  53.17017,   0.43065,   0.00151
  48.32769,   0.65470,   0.00081
  47.57818,   0.53666,   0.00070
  47.33644,   0.41752,   0.00055
  48.07367,   0.43427,   0.00075
  48.45543,   0.47902,   0.00076
  49.06347,   0.53102,   0.00080
  49.25968,   0.50164,   0.00090
  50.65308,   0.45092,   0.00097
  52.13271,   0.42900,   0.00108
  53.31778,   0.47315,   0.00124
  53.22359,   0.57220,   0.00131
  52.26908,   0.62171,   0.00124
  51.52682,   0.52991,   0.00101
  51.45427,   0.41905,   0.00083
  52.27089,   0.28175,   0.00083
  53.41092,   0.26313,   0.00106
  53.32070,   0.41288,   0.00156
  52.91013,   0.54067,   0.00175
  51.68504,   0.55786,   0.00169
  50.58722,   0.43386,   0.00138
  50.32585,   0.23110,   0.00102
  50.78052,   0.08282,   0.00082
  51.52843,   0.06043,   0.00069
  52.13559,   0.17976,   0.00100
  52.32854,   0.29975,   0.00144
  51.84085,   0.31825,   0.00168
  52.25652,   0.32257,   0.00205
  53.17476,   0.34278,   0.00244
  37.88478,  -0.11350,   0.00311
  37.68768,  -0.05484,   0.00330
  50.03385,   0.66380,   0.00052
  49.82867,   0.60361,   0.00028
  50.42871,   0.49869,   0.00001
  51.63729,   0.45456,  -0.00014
  53.05440,   0.59212,  -0.00030
  57.83333,   0.53751,   0.00200
  34.80373,   0.17374,   0.00176
  33.61986,   0.20157,   0.00151
  32.16050,   0.04121,   0.00110
  31.92305,  -0.10503,   0.00076
  31.63895,  -0.21335,   0.00067
  31.94167,  -0.16947,   0.00085
  31.78654,  -0.02953,   0.00136
  32.25020,   0.07707,   0.00165
  31.81939,   0.06326,   0.00188
  31.95026,  -0.02680,   0.00184
  43.06474,   0.25967,  -0.00025
  42.61989,   0.24655,  -0.00037
  41.92699,   0.28872,  -0.00045
  40.97498,   0.25937,  -0.00067
  40.74144,   0.22781,  -0.00067
  41.15817,   0.16366,  -0.00058
  41.56033,   0.17947,  -0.00045
  42.23227,   0.24880,  -0.00028
  42.06471,   0.36115,  -0.00018
  40.66391,   0.42858,  -0.00018
  39.52049,   0.34609,  -0.00059
  39.04332,   0.15557,  -0.00115
  39.76734,  -0.04746,  -0.00166
  41.34086,  -0.10176,  -0.00189
  43.13259,   0.02227,  -0.00179
  44.11345,   0.17841,  -0.00153
  44.55071,   0.29760,  -0.00131
  44.23465,   0.27576,  -0.00127
  43.86722,   0.16413,  -0.00142
  44.16196,   0.11425,  -0.00157
  43.70638,  -0.29661,   0.00082
  39.78064,  -0.11093,   0.00016
  30.79466,  -0.13257,   0.00035
  30.52798,  -0.17474,   0.00030
  42.01181,  -0.28461,   0.00097
  42.89263,  -0.29446,   0.00089
  43.26967,  -0.21179,   0.00081
  43.26719,  -0.15026,   0.00054
  41.95031,  -0.08817,   0.00027
  29.17220,  -0.09595,  -0.00067
  28.55968,  -0.27578,  -0.00084
  28.82545,  -0.40112,  -0.00074
  29.56040,  -0.27035,  -0.00031
  30.62652,  -0.06595,   0.00028
  31.02862,   0.14487,   0.00083
  49.86394,   0.28839,   0.00160
  49.05212,   0.16508,   0.00146
  49.91311,  -0.00321,   0.00125
  50.88080,  -0.11913,   0.00096
  52.29129,  -0.09751,   0.00086
  53.18442,   0.00826,   0.00081
  35.25319,   0.05275,   0.00071
  36.44910,   0.07911,   0.00077
  37.56659,   0.06088,   0.00065
  37.75874,   0.05590,   0.00059
  38.06517,   0.15675,   0.00068
  36.47846,   0.20635,   0.00043
  34.33637,   0.13930,   0.00006
  32.74686,  -0.01228,  -0.00033
  32.71286,  -0.24243,  -0.00062
  33.80508,  -0.36032,  -0.00065
  34.54353,  -0.28431,  -0.00034
  35.26081,  -0.05991,   0.00010
  34.70274,   0.11906,   0.00043
  33.60913,   0.07515,   0.00024
  31.83286,  -0.09513,   0.00010
  30.56122,  -0.28721,  -0.00002
  30.42314,  -0.28892,   0.00004
  30.42951,  -0.18114,   0.00039
  30.66972,  -0.00952,   0.00082
  30.26940,   0.08989,   0.00112
  30.11937,   0.11404,   0.00122
  30.45571,   0.02168,   0.00103
  30.59888,  -0.04585,   0.00075
  30.96055,  -0.03736,   0.00059
  45.98268,  -0.08723,   0.00064
  46.42965,  -0.06049,   0.00039
  47.68327,  -0.12886,   0.00021
  49.48485,  -0.22484,   0.00004
  51.09631,  -0.21060,   0.00026
  51.91293,  -0.05415,   0.00067
  51.99003,   0.17781,   0.00138
  50.37596,   0.23160,   0.00147
  48.83483,   0.14071,   0.00147
  47.73591,  -0.12904,   0.00111
  47.72343,  -0.30666,   0.00098
  48.46319,  -0.34461,   0.00109
  46.34857,  -0.17716,   0.00072
  46.99805,   0.01986,   0.00104
  45.99014,   0.02023,   0.00090
  45.23176,  -0.05663,   0.00084
  44.37237,  -0.19546,   0.00045
  43.51630,  -0.32783,   0.00027
  42.73708,  -0.34248,   0.00017
  42.00011,  -0.29373,   0.00025
  29.88861,  -0.33787,   0.00047
  29.47281,  -0.40087,   0.00055
  29.65127,  -0.46330,   0.00077
  30.19421,  -0.47359,   0.00107
  29.96023,  -0.38797,   0.00140
  42.88520,  -0.41785,   0.00218
  42.29560,  -0.37025,   0.00195
  41.91065,  -0.47571,   0.00160
  43.27190,  -0.72228,   0.00111
  44.92035,  -0.79722,   0.00104
  46.52335,  -0.66858,   0.00137
  47.35086,  -0.36835,   0.00178
  46.77165,  -0.17826,   0.00204
  45.23055,  -0.12358,   0.00210
  43.32443,  -0.28624,   0.00165
  41.94450,  -0.52094,   0.00109
  41.58410,  -0.64236,   0.00089
  40.99249,  -0.76901,   0.00049
  41.47640,  -0.65710,   0.00045
  42.35633,  -0.54956,   0.00057
  41.94453,  -0.64354,   0.00039
  42.01347,  -0.65537,   0.00048
  41.35745,  -0.62444,   0.00070
  40.69198,  -0.49703,   0.00114
  38.46320,  -0.39227,   0.00137
  25.61598,  -0.21222,   0.00120
  24.88228,  -0.31047,   0.00124
  25.27703,  -0.44435,   0.00130
  25.61832,  -0.45073,   0.00162
  27.38858,  -0.33864,   0.00190
  28.67016,  -0.12175,   0.00216
  36.34263,  -0.04093,   0.00192
  35.86209,  -0.05656,   0.00152
  35.57390,  -0.23305,   0.00092
  36.21626,  -0.46660,   0.00024
  36.98580,  -0.54847,  -0.00007
  37.96776,  -0.42640,  -0.00006
  38.74158,  -0.24118,   0.00016
  38.66866,  -0.15113,   0.00041
  30.71168,  -0.16168,   0.00081
  30.80903,  -0.28366,   0.00072
  30.43916,  -0.28769,   0.00089
  29.67286,  -0.30076,   0.00075
  29.18723,  -0.29863,   0.00080
  28.68293,  -0.36843,   0.00063
  28.57421,  -0.49199,   0.00049
  29.28380,  -0.56312,   0.00056
  30.67985,  -0.49708,   0.00087
  31.36430,  -0.28050,   0.00135
  30.91446,  -0.03399,   0.00174
  29.41397,   0.03792,   0.00169
  27.16377,  -0.08714,   0.00148
  25.48425,  -0.18709,   0.00166
  24.95196,  -0.38864,   0.00147
  25.86623,  -0.40137,   0.00158
  27.24963,  -0.23361,   0.00187
  28.94854,  -0.00047,   0.00213
  56.13599,   0.54232,   0.00164
  56.46166,   0.51269,   0.00160
  57.06285,   0.44119,   0.00146
  58.50590,   0.42120,   0.00131
  58.42550,   0.47285,   0.00136
  58.09020,   0.54662,   0.00146
  33.43336,   0.02792,   0.00163
  34.09828,   0.00885,   0.00182
  35.52015,   0.04407,   0.00229
  36.93425,   0.09775,   0.00245
  37.44822,   0.22748,   0.00245
  37.16007,   0.26477,   0.00237
  35.57309,   0.24793,   0.00192
  34.10022,   0.07454,   0.00138
  33.72827,  -0.19212,   0.00067
  34.45866,  -0.29372,   0.00038
  53.59892,   0.30198,   0.00109
  53.15492,   0.44810,   0.00139
  34.60092,   0.13496,   0.00103
  33.02393,   0.12592,   0.00114
  30.95315,   0.03766,   0.00111
  29.20397,  -0.16015,   0.00096
  33.79526,  -0.20409,   0.00089
  33.52157,  -0.17550,   0.00094
  33.81711,  -0.08879,   0.00109
  34.10630,  -0.07280,   0.00115
  35.37366,  -0.08692,   0.00119
  36.67670,  -0.11660,   0.00107
  37.46049,  -0.05333,   0.00104
  37.29700,   0.08161,   0.00096
  37.05690,   0.13936,   0.00074
  35.54047,   0.13008,   0.00043
  44.23615,  -0.07991,   0.00041
  44.05363,  -0.21769,   0.00020
  59.12744,   0.11550,   0.00062
  59.46243,   0.21079,   0.00081
  31.56696,   0.19728,   0.00069
  48.04178,   0.38358,   0.00054
  46.95362,   0.31415,   0.00029
  46.29809,   0.13895,  -0.00007
  46.69173,  -0.00313,  -0.00033
  40.79105,  -0.39943,  -0.00002
  41.69365,  -0.24637,   0.00036
  42.54622,  -0.02913,   0.00090
  41.55150,   0.05635,   0.00123
  40.31408,   0.44801,  -0.00059
  40.24031,   0.38914,  -0.00043
  39.98653,   0.36461,  -0.00042
  39.16102,   0.41458,  -0.00034
  38.29865,   0.43874,  -0.00049
  37.79674,   0.39956,  -0.00072
  37.71678,   0.25733,  -0.00111
  39.26395,   0.17662,  -0.00121
  41.16211,   0.21541,  -0.00110
  42.51974,   0.34802,  -0.00094
  42.71936,   0.51830,  -0.00071
  41.84926,   0.58057,  -0.00063
  41.31078,   0.51702,  -0.00081
  40.80193,   0.33364,  -0.00104
  41.35096,   0.18012,  -0.00118
  43.15609,   0.20996,  -0.00096
  44.22397,   0.32463,  -0.00051
  44.94280,   0.47720,  -0.00020
  45.06109,   0.51879,  -0.00011
  44.76542,   0.44274,  -0.00026
  44.94804,   0.34178,  -0.00064
  44.37342,   0.31099,  -0.00095
  43.35777,   0.36614,  -0.00112
  42.26591,   0.38684,  -0.00142
  41.41401,   0.41883,  -0.00139
  41.11476,   0.38536,  -0.00124
  41.00840,   0.40649,  -0.00104
  41.33563,   0.46516,  -0.00076
  41.05978,   0.58888,  -0.00050
  39.79273,   0.69317,  -0.00025
  38.24385,   0.67605,  -0.00035
  37.27465,   0.54940,  -0.00060
  37.65079,   0.38758,  -0.00086
  39.35457,   0.31980,  -0.00092
  41.52679,   0.45533,  -0.00065
  43.07791,   0.68796,  -0.00027
  43.41742,   0.82571,  -0.00003
  43.17506,   0.85819,   0.00006
  42.89823,   0.77108,  -0.00008
  43.22460,   0.70016,  -0.00033
  43.46077,   0.66291,  -0.00047
  43.50154,   0.69428,  -0.00068
  43.62209,   0.72568,  -0.00084
  43.57242,   0.68453,  -0.00096
  44.51520,   0.60811,  -0.00113
  45.38789,   0.56160,  -0.00124
  45.84053,   0.57150,  -0.00134
  45.27130,   0.62914,  -0.00142
  43.97251,   0.64268,  -0.00154
  42.43926,   0.57506,  -0.00164
  41.63187,   0.41478,  -0.00183
  41.88798,   0.27766,  -0.00183
  42.51648,   0.28362,  -0.00148
  43.28942,   0.38124,  -0.00104
  43.32013,   0.53203,  -0.00058
  41.83776,   0.62431,  -0.00028
  40.91971,   0.55295,  -0.00044
  40.38667,   0.38011,  -0.00081
  40.60413,   0.22459,  -0.00130
  41.16114,   0.20971,  -0.00158
  41.89365,   0.33414,  -0.00161
  42.42676,   0.41774,  -0.00179
  43.04298,   0.51020,  -0.00167
  43.61929,   0.51532,  -0.00164
  44.67857,   0.55194,  -0.00160
  44.68752,   0.57269,  -0.00168
  43.90627,   0.62521,  -0.00177
  43.40472,   0.64895,  -0.00171
  43.00496,   0.58212,  -0.00194
  43.78658,   0.44675,  -0.00215
  46.19319,   0.35152,  -0.00217
  48.11219,   0.41992,  -0.00198
  48.82592,   0.61563,  -0.00159
  47.98405,   0.73050,  -0.00134
  46.10452,   0.77682,  -0.00129
  44.31711,   0.67828,  -0.00149
  44.09057,   0.52645,  -0.00189
  43.86096,   0.42510,  -0.00204
  43.81383,   0.45361,  -0.00193
  43.04011,   0.58433,  -0.00159
  42.64157,   0.69010,  -0.00127
  42.11858,   0.68010,  -0.00112
  41.27145,   0.60862,  -0.00120
  40.94346,   0.51053,  -0.00143
  40.47721,   0.47206,  -0.00162
  40.15829,   0.46158,  -0.00177
  39.72177,   0.49765,  -0.00175
  39.89020,   0.48210,  -0.00167
  41.01298,   0.41526,  -0.00172
  42.40524,   0.39930,  -0.00145
  43.59777,   0.47910,  -0.00108
  44.21642,   0.65801,  -0.00052
  43.34245,   0.74543,  -0.00043
  41.91280,   0.70303,  -0.00066
  41.48029,   0.54203,  -0.00105
  41.53117,   0.34117,  -0.00157
  42.52511,   0.26434,  -0.00186
  43.64505,   0.31407,  -0.00186
  44.26942,   0.50695,  -0.00164
  43.97456,   0.63492,  -0.00146
  43.04823,   0.61834,  -0.00160
  42.02910,   0.51502,  -0.00172
  41.07475,   0.41003,  -0.00185
  40.66015,   0.41598,  -0.00179
  39.88481,   0.44630,  -0.00160
  39.44168,   0.48263,  -0.00129
  38.96080,   0.49443,  -0.00095
  39.65267,   0.44028,  -0.00066
  40.71746,   0.42430,  -0.00041
  41.36686,   0.49175,  -0.00015
  41.44271,   0.59463,   0.00000
  40.93097,   0.66339,   0.00002
  40.50367,   0.58156,  -0.00032
  40.60385,   0.47655,  -0.00047
  41.69413,   0.38705,  -0.00052
  43.43931,   0.40954,  -0.00045
  44.72604,   0.56227,  -0.00012
  45.09394,   0.72600,   0.00019
  44.40588,   0.78224,   0.00034
  43.71233,   0.67575,   0.00011
  43.33017,   0.48042,  -0.00032
  44.22793,   0.32152,  -0.00064
  44.87306,   0.27436,  -0.00083
  45.61490,   0.33992,  -0.00077
  46.03519,   0.35133,  -0.00074
  46.46522,   0.36659,  -0.00055
  46.80626,   0.32789,  -0.00038
  47.25439,   0.32346,  -0.00024
  46.64816,   0.34195,  -0.00011
  45.18607,   0.38325,  -0.00004
  43.24987,   0.37928,  -0.00007
  41.71127,   0.27884,  -0.00022
  41.09640,   0.12672,  -0.00036
  41.00725,   0.02707,  -0.00041
  42.07612,   0.07965,  -0.00033
  42.70329,   0.25832,  -0.00020
  41.71573,   0.37898,  -0.00027
  40.52411,   0.41755,  -0.00044
  39.24580,   0.32300,  -0.00076
  39.02496,   0.15992,  -0.00127
  39.13625,   0.08920,  -0.00142
  39.73505,   0.16237,  -0.00128
  40.27155,   0.31097,  -0.00090
  40.69056,   0.43307,  -0.00055
  40.97720,   0.44640,  -0.00036
  41.47424,   0.42250,  -0.00016
  41.75583,   0.36464,  -0.00039
  41.71761,   0.36352,  -0.00068
  41.80527,   0.37316,  -0.00087
  41.65475,   0.41802,  -0.00113
  41.84964,   0.39304,  -0.00138
  42.53235,   0.28490,  -0.00168
  43.47827,   0.27546,  -0.00166
  43.96242,   0.36780,  -0.00147
  32.76349,   0.16121,   0.00059
  31.09013,   0.23839,   0.00063
  28.72332,   0.19166,   0.00055
  27.08070,  -0.03257,   0.00025
  25.70858,  -0.19047,   0.00008
  26.14945,  -0.28277,   0.00002
  27.19024,  -0.21324,   0.00024
  27.34862,  -0.08418,   0.00057
  28.14181,   0.02723,   0.00091
  28.51089,   0.00346,   0.00101
  28.17358,  -0.11295,   0.00076
  28.08859,  -0.20840,   0.00058
  27.55680,  -0.19339,   0.00060
  27.30659,  -0.09616,   0.00075
  27.14347,  -0.00640,   0.00088
  27.85283,  -0.02459,   0.00102
  29.19920,  -0.07293,   0.00107
  29.94754,  -0.00476,   0.00114
  31.27774,   0.06279,   0.00112
  31.08661,   0.19169,   0.00086
  30.05291,   0.23429,   0.00045
  29.70414,   0.06251,  -0.00015
  29.92639,  -0.13497,  -0.00085
  30.85701,  -0.24065,  -0.00103
  32.30859,  -0.16809,  -0.00083
  33.65827,   0.05366,  -0.00036
  33.67449,   0.29053,   0.00029
  32.56757,   0.37407,   0.00070
  43.71705,   0.25408,   0.00111
  41.84398,   0.08035,   0.00112
  37.46987,   0.10052,   0.00031
  37.26464,   0.11259,   0.00046
  52.40595,   0.77945,  -0.00114
  52.15187,   0.83648,  -0.00101
  52.12402,   0.84278,  -0.00092
  52.13318,   0.80399,  -0.00104
  52.44502,   0.81083,  -0.00103
  52.23333,   0.85835,  -0.00101
  51.69479,   0.91432,  -0.00106
  50.56046,   0.92001,  -0.00116
  49.91232,   0.84715,  -0.00132
  50.59928,   0.77051,  -0.00148
  51.95175,   0.69444,  -0.00151
  53.41430,   0.72245,  -0.00139
  46.31347,   0.27819,   0.00124
  46.60545,   0.39477,   0.00132
  42.38500,   0.43357,   0.00018
  41.96244,   0.22537,  -0.00034
  42.56002,   0.00405,  -0.00086
  43.03036,  -0.09722,  -0.00108
  44.66857,   0.04828,  -0.00103
  45.22670,   0.23152,  -0.00072
  43.24868,   0.30438,  -0.00054
  42.01464,   0.24643,  -0.00041
  40.54501,   0.09298,  -0.00051
  39.02914,   0.10882,  -0.00043
  37.45772,   0.05289,  -0.00072
  35.88974,   0.04722,  -0.00099
  34.20342,  -0.04520,  -0.00139
  34.14029,  -0.17045,  -0.00157
  34.18830,  -0.30650,  -0.00185
  35.53703,  -0.32054,  -0.00162
  36.82111,  -0.15837,  -0.00119
  37.44901,   0.05643,  -0.00077
  36.39817,   0.21290,  -0.00046
  34.83851,   0.16911,  -0.00042
  33.87322,   0.04742,  -0.00051
  33.78547,  -0.14914,  -0.00062
  38.30576,  -0.10903,  -0.00025
  40.38147,   0.07272,   0.00007
  42.41737,   0.31716,   0.00036
  42.75446,   0.33678,   0.00037
  43.41362,   0.23825,  -0.00003
  43.57600,   0.08862,  -0.00049
  43.40299,  -0.01704,  -0.00096
  44.18642,  -0.04125,  -0.00135
  40.66446,  -0.05272,  -0.00172
  40.27720,  -0.02908,  -0.00170
  40.14294,  -0.09920,  -0.00151
  39.34901,  -0.06548,  -0.00106
  39.50699,  -0.08411,  -0.00073
  39.22289,  -0.00441,  -0.00041
  37.95602,   0.13111,   0.00005
  36.12908,   0.08696,  -0.00008
  34.72151,  -0.06260,  -0.00028
  34.36290,  -0.27891,  -0.00051
  34.58195,  -0.45411,  -0.00091
  36.34711,  -0.38241,  -0.00067
  37.83149,  -0.11342,  -0.00017
  37.60889,   0.07371,   0.00008
  43.31730,   0.05453,   0.00066
  41.77121,  -0.04535,   0.00044
  41.04765,  -0.13274,   0.00021
  40.37781,  -0.27295,  -0.00010
  33.60091,  -0.13526,  -0.00077
  34.01930,  -0.07635,  -0.00084
  34.52354,  -0.04852,  -0.00087
  35.91307,  -0.06253,  -0.00081
  37.39940,  -0.11325,  -0.00084
  38.73068,  -0.08886,  -0.00093
  40.41279,  -0.02525,  -0.00085
  39.63730,   0.11483,  -0.00086
  39.45132,   0.10608,  -0.00101
  38.64827,   0.00320,  -0.00109
  38.63932,  -0.05544,  -0.00100
  39.42377,  -0.10282,  -0.00075
  39.79969,   0.08188,  -0.00009
  40.25011,   0.28962,   0.00028
  42.33607,   0.39906,   0.00046
  41.15936,   0.33433,   0.00025
  40.01779,   0.12080,  -0.00030
  39.68073,  -0.10780,  -0.00078
  40.51293,  -0.34852,  -0.00067
  41.69981,  -0.24799,  -0.00057
  42.54431,  -0.11080,  -0.00052
  43.66800,   0.03248,  -0.00010
  39.55873,   0.23500,  -0.00036
  39.55487,   0.16161,  -0.00018
  39.33779,   0.10708,  -0.00010
  39.36313,   0.21373,   0.00029
  39.00005,   0.23697,   0.00023
  39.10294,   0.18707,   0.00010
  40.39485,   0.07785,  -0.00003
  42.76692,  -0.02806,  -0.00007
  45.14505,  -0.01710,  -0.00006
  47.37523,   0.15132,   0.00008
  48.57147,   0.26267,   0.00003
  47.39236,   0.36500,  -0.00016
  46.42430,   0.26262,  -0.00076
  44.86953,   0.04232,  -0.00125
  51.81393,  -0.13522,  -0.00104
  51.96369,  -0.19158,  -0.00113
  52.27468,  -0.07230,  -0.00091
  51.41266,   0.11922,  -0.00050
  50.93059,   0.16778,  -0.00035
  50.14598,   0.07456,  -0.00043
  55.43045,   0.48117,   0.00216
  55.66407,   0.46339,   0.00209
  55.44895,   0.50274,   0.00207
  55.16981,   0.53860,   0.00207
  54.77776,   0.57183,   0.00220
  54.84892,   0.56570,   0.00238
  55.23578,   0.55353,   0.00251
  42.11529,   0.23535,  -0.00059
  41.94143,   0.40441,  -0.00030
  41.42505,   0.54131,  -0.00005
  39.94337,   0.54013,  -0.00038
  42.32941,   0.34898,  -0.00041
  42.35412,   0.11528,  -0.00101
  43.60486,  -0.02076,  -0.00142
  46.07007,  -0.02438,  -0.00163
  48.18634,   0.22966,  -0.00148
  48.95570,   0.43991,  -0.00125
  49.13232,   0.40868,  -0.00128
  47.91198,   0.26998,  -0.00150
  46.63420,   0.09294,  -0.00176
  46.82689,   0.13026,  -0.00154
  45.83297,   0.13819,  -0.00152
  45.25708,   0.18529,  -0.00136
  43.56524,   0.21347,  -0.00100
  43.67243,   0.12449,  -0.00083
  44.03612,   0.04161,  -0.00077
  43.99624,   0.04513,  -0.00075
  43.63525,   0.12225,  -0.00082
  42.71484,   0.18898,  -0.00102
  41.31964,   0.10950,  -0.00167
  40.46708,  -0.04017,  -0.00197
  40.38423,  -0.21867,  -0.00213
  40.16458,  -0.13504,  -0.00204
  40.89843,   0.00993,  -0.00161
  41.24838,   0.23162,  -0.00107
  40.50066,   0.42486,  -0.00056
  39.69447,   0.35018,  -0.00067
  39.20103,   0.12892,  -0.00103
  40.22317,  -0.03456,  -0.00123
  41.32527,  -0.07975,  -0.00134
  43.44282,   0.08442,  -0.00107
  45.33275,   0.15041,  -0.00097
  46.59430,   0.27590,  -0.00061
  47.20993,   0.28084,  -0.00042
  47.93252,   0.26920,  -0.00039
  47.59988,   0.29847,  -0.00038
  47.60893,   0.40238,  -0.00021
  46.08604,   0.43888,  -0.00036
  44.86982,   0.35699,  -0.00060
  43.89128,   0.19524,  -0.00084
  44.55491,   0.03097,  -0.00090
  45.93185,   0.02304,  -0.00078
  46.82354,   0.11283,  -0.00064
  47.16487,   0.32010,  -0.00036
  46.14815,   0.39689,  -0.00030
  45.15096,   0.24196,  -0.00081
  44.00560,   0.02740,  -0.00093
  43.69172,  -0.10752,  -0.00083
  43.65476,   0.01076,  -0.00043
  44.10441,   0.20142,   0.00023
  44.24023,   0.38336,   0.00083
  42.51038,   0.42159,   0.00126
  42.32585,   0.31785,   0.00121
  42.41454,   0.18468,   0.00091
  43.42757,   0.09467,   0.00068
  43.50811,   0.11395,   0.00026
  43.68380,   0.15679,  -0.00013
  44.21685,   0.00442,  -0.00087
  45.39715,  -0.08037,  -0.00107
  46.55971,  -0.13942,  -0.00111
  47.54538,  -0.04370,  -0.00083
  47.25898,   0.10871,  -0.00066
  45.76506,   0.22717,  -0.00067
  43.82955,   0.24789,  -0.00060
  41.71338,   0.01660,  -0.00103
  40.78241,  -0.25273,  -0.00139
  40.47858,  -0.35397,  -0.00130
  41.65689,  -0.28010,  -0.00107
  42.78254,  -0.05238,  -0.00061
  41.99036,   0.02481,  -0.00039
  41.28222,   0.05618,  -0.00035
  39.68799,   0.08899,  -0.00121
  38.97160,   0.01218,  -0.00148
  47.60485,   0.26905,  -0.00161
  47.04055,   0.31182,  -0.00157
  36.90668,   0.36733,  -0.00264
  33.97316,   0.47239,  -0.00279
  34.24355,   0.43718,  -0.00272
  35.15905,   0.42786,  -0.00269
  34.24120,   0.13354,  -0.00099
  34.85435,   0.24708,  -0.00110
  34.77398,   0.33708,  -0.00129
  35.10098,   0.20136,  -0.00169
  35.59364,   0.01850,  -0.00216
  37.15892,  -0.14457,  -0.00226
  39.18595,  -0.13112,  -0.00206
  40.87879,   0.10329,  -0.00141
  44.45482,   0.24287,   0.00010
  43.43932,   0.35799,   0.00035
  42.01069,   0.25814,   0.00017
  41.30391,   0.13514,   0.00000
  40.67520,  -0.09022,  -0.00052
  40.39463,  -0.17628,  -0.00082
  29.09669,  -0.06389,  -0.00137
  29.64078,   0.04471,  -0.00129
  30.18584,   0.07012,  -0.00116
  30.23171,  -0.00565,  -0.00140
  30.04663,  -0.04085,  -0.00139
  29.12481,   0.00006,  -0.00132
  38.81521,   0.31401,  -0.00278
  37.10381,   0.35366,  -0.00263
  35.78950,   0.31296,  -0.00267
  35.73299,   0.18341,  -0.00266
  37.04294,   0.09385,  -0.00252
  38.90498,   0.19423,  -0.00211
  40.07209,   0.36651,  -0.00153
  40.33022,   0.58468,  -0.00121
  39.64281,   0.66401,  -0.00127
  39.29947,   0.54561,  -0.00172
  27.73423,   0.12473,  -0.00049
  40.95089,   0.36322,  -0.00273
  42.02024,   0.43440,  -0.00277
  39.93995,   0.44402,  -0.00106
  39.82366,   0.58341,  -0.00074
  42.87784,   0.53158,  -0.00007
  42.45041,   0.43553,  -0.00008
  49.46188,   0.44093,  -0.00069
  49.30293,   0.38949,  -0.00097
  48.69762,   0.40894,  -0.00118
  47.93195,   0.34290,  -0.00134
  47.66360,   0.26603,  -0.00132
  48.30733,   0.15548,  -0.00115
  48.82868,   0.09960,  -0.00105
  49.87234,   0.18131,  -0.00055
  49.60985,   0.35370,  -0.00002
  48.18118,   0.49259,   0.00034
  46.18885,   0.44682,   0.00033
  44.78938,   0.26090,   0.00011
  44.71024,   0.11872,  -0.00011
  45.15516,   0.03144,  -0.00009
  46.64918,   0.09550,  -0.00000
  47.73783,   0.28270,   0.00019
  47.18795,   0.31817,   0.00012
  47.22526,   0.27920,  -0.00004
  47.32814,   0.14110,  -0.00038
  48.63922,   0.01908,  -0.00088
  50.16386,  -0.01214,  -0.00107
  50.47953,   0.06926,  -0.00104
  50.46733,   0.14421,  -0.00086
  50.04929,   0.16993,  -0.00056
  50.48727,   0.09162,  -0.00030
  51.42388,   0.04587,  -0.00004
  52.03375,   0.17563,   0.00045
  51.69515,   0.27706,   0.00066
  50.34619,   0.27012,   0.00043
  48.94268,   0.19261,   0.00009
  48.37938,   0.02692,  -0.00028
  48.86932,  -0.14936,  -0.00070
  49.51917,  -0.16437,  -0.00077
  50.30487,   0.02859,  -0.00040
  49.74986,   0.25242,   0.00006
  47.72346,   0.31249,   0.00024
  45.91024,   0.26476,   0.00021
  44.44478,   0.07894,   0.00003
  44.74347,  -0.02660,  -0.00006
  44.99554,  -0.07791,  -0.00010
  54.06791,   0.07540,   0.00147
  54.40820,   0.16435,   0.00165
  54.95937,   0.19275,   0.00178
  55.42451,   0.14038,   0.00172
  56.25165,   0.12704,   0.00174
  56.54541,   0.17338,   0.00176
  56.42248,   0.23877,   0.00177
  55.85166,   0.26107,   0.00162
  55.40910,   0.21660,   0.00144
  55.65354,   0.09809,   0.00127
  56.18097,   0.04045,   0.00127
  57.09225,   0.06173,   0.00130
  57.37228,   0.17931,   0.00138
  56.34979,   0.27582,   0.00150
  50.63788,   0.67276,  -0.00098
  49.73704,   0.54551,  -0.00144
  49.48023,   0.37173,  -0.00191
  50.03636,   0.26908,  -0.00224
  50.53912,   0.31271,  -0.00214
  50.76001,   0.44391,  -0.00179
  50.20266,   0.54585,  -0.00144
  50.05735,   0.56190,  -0.00110
  50.25565,   0.51314,  -0.00091
  50.69514,   0.55072,  -0.00066
  50.53611,   0.56797,  -0.00061
  49.86952,   0.62653,  -0.00065
  48.80905,   0.63482,  -0.00073
  48.83170,   0.58968,  -0.00088
  49.74982,   0.52423,  -0.00100
  50.62799,   0.51010,  -0.00111
  51.80515,   0.61966,  -0.00097
  52.01877,   0.78100,  -0.00080
  51.56648,   0.87532,  -0.00082
  50.62352,   0.86274,  -0.00100
  50.24168,   0.73775,  -0.00128
  51.46418,   0.65724,  -0.00144
  52.73760,   0.60508,  -0.00148
  53.95982,   0.67072,  -0.00128
  54.39874,   0.79595,  -0.00084
  54.67547,   0.85456,  -0.00064
  54.84410,   0.81224,  -0.00065
  55.09810,   0.71250,  -0.00083
  55.39071,   0.64013,  -0.00103
  55.31423,   0.64173,  -0.00111
  54.70202,   0.66373,  -0.00117
  54.13764,   0.69687,  -0.00105
  53.92358,   0.66976,  -0.00091
  53.94427,   0.65665,  -0.00085
  54.56089,   0.64084,  -0.00070
  54.79782,   0.68514,  -0.00056
  54.26404,   0.78311,  -0.00042
  53.16122,   0.79745,  -0.00056
  52.37243,   0.70892,  -0.00090
  52.78003,   0.54571,  -0.00142
  54.08957,   0.42523,  -0.00168
  55.68957,   0.44566,  -0.00162
  56.81063,   0.56047,  -0.00138
  56.98630,   0.73168,  -0.00103
  56.58628,   0.81260,  -0.00084
  56.88282,   0.78825,  -0.00090
  56.90452,   0.68393,  -0.00110
  56.96776,   0.61287,  -0.00131
  47.87826,   0.21156,   0.00019
  47.81153,   0.29741,   0.00017
  47.72466,   0.35288,   0.00014
  47.32275,   0.31410,   0.00008
  47.72062,   0.25679,  -0.00012
  48.27447,   0.24961,  -0.00038
  48.11275,   0.31477,  -0.00060
  47.29465,   0.35086,  -0.00083
  45.42800,   0.33250,  -0.00115
  43.60334,   0.22656,  -0.00131
  42.79050,   0.11494,  -0.00143
  43.11091,   0.03215,  -0.00131
  43.79832,   0.14032,  -0.00078
  44.07741,   0.28954,  -0.00029
  43.39345,   0.40090,   0.00010
  41.84450,   0.38426,   0.00031
  41.08427,   0.23040,   0.00008
  41.28732,   0.05266,  -0.00026
  42.57298,  -0.02457,  -0.00052
  43.98144,   0.01711,  -0.00056
  40.55931,   0.07956,  -0.00037
  41.28476,   0.18683,  -0.00016
  41.17028,   0.19950,  -0.00016
  41.16933,   0.13085,  -0.00022
  44.85133,   0.23586,  -0.00024
  44.93011,   0.26512,  -0.00030
  44.51908,   0.20334,  -0.00064
  43.61241,   0.15042,  -0.00089
  43.45085,   0.01540,  -0.00112
  44.16346,  -0.11473,  -0.00125
  45.97223,  -0.17713,  -0.00120
  47.92952,  -0.09725,  -0.00105
  48.51795,   0.07185,  -0.00077
  47.60799,   0.14028,  -0.00058
  46.13694,   0.11415,  -0.00068
  44.78584,  -0.03000,  -0.00076
  44.38748,  -0.18270,  -0.00079
  44.90195,  -0.15582,  -0.00059
  45.47816,  -0.02709,  -0.00015
  45.23925,   0.14319,   0.00036
  43.45601,   0.22151,   0.00072
  42.71575,   0.18351,   0.00075
  42.39850,   0.08709,   0.00053
  43.06860,   0.00289,   0.00016
  43.15647,   0.03069,  -0.00003
  42.85944,   0.11141,  -0.00007
  49.24821,   0.12990,  -0.00064
  50.01143,   0.13637,  -0.00047
  51.23369,   0.12677,  -0.00017
  53.47742,   0.21617,   0.00032
  54.20735,   0.35711,   0.00075
  53.38817,   0.50197,   0.00103
  52.72433,   0.52688,   0.00134
  51.40794,   0.39595,   0.00107
  51.44738,   0.18816,   0.00075
  52.87840,   0.02453,   0.00065
  55.15112,   0.05393,   0.00069
  56.57396,   0.24206,   0.00090
  55.64957,   0.30513,   0.00085
  54.38570,   0.35040,   0.00081
  53.01109,   0.24220,   0.00058
  52.94757,   0.11535,   0.00017
  52.27303,   0.00027,  -0.00008
  51.51912,  -0.01104,  -0.00013
  53.84004,   0.25057,  -0.00067
  53.72521,   0.25694,  -0.00054
  54.08781,   0.20967,  -0.00045
  54.53381,   0.17447,  -0.00035
  55.25232,   0.15802,  -0.00031
  55.46202,   0.20782,  -0.00027
  55.07320,   0.26113,  -0.00026
  54.54971,   0.25586,  -0.00038
  49.68525,  -0.03053,   0.00048
  50.91784,  -0.13101,   0.00030
  46.44350,  -0.14163,   0.00063
  48.22909,   0.01966,   0.00101
  48.72982,   0.25366,   0.00155
  48.06237,   0.41345,   0.00163
  50.34576,   0.28382,   0.00201
  49.51273,   0.08215,   0.00142
  50.18497,  -0.10585,   0.00093
  51.09947,  -0.22056,   0.00048
  52.83602,  -0.22328,   0.00029
  54.64473,  -0.05388,   0.00037
  55.17823,  -0.02337,   0.00025
  55.70380,  -0.00400,   0.00038
  43.31989,   0.07191,   0.00034
  42.51948,   0.05703,   0.00043
  40.93442,   0.10753,   0.00060
  39.51085,   0.17180,   0.00097
  49.07766,   0.56244,  -0.00001
  48.73446,   0.49824,  -0.00000
  49.26266,   0.43000,   0.00003
  50.10723,   0.42849,   0.00013
  46.46189,   0.05557,   0.00134
  46.69655,   0.28008,   0.00144
  45.38496,   0.27320,   0.00104
  43.96427,   0.20569,   0.00065
  51.87473,   0.42634,  -0.00075
  52.31796,   0.36200,  -0.00095
  53.05257,   0.37276,  -0.00099
  52.07265,   0.08315,  -0.00057
  52.09541,   0.27519,  -0.00017
  51.19295,   0.33183,   0.00004
  50.63524,   0.34388,   0.00032
  50.41808,   0.21349,   0.00001
  50.65793,   0.13676,  -0.00041
  52.43008,   0.11570,  -0.00046
  52.07914,   0.18439,  -0.00063
  52.12407,   0.21219,  -0.00074
  54.22113,   0.03052,  -0.00035
  55.31373,   0.01692,  -0.00029
  55.43320,   0.10811,  -0.00010
  54.53334,   0.29949,   0.00016
  52.80145,   0.46648,   0.00037
  49.94483,   0.48474,   0.00020
  47.57684,   0.42236,  -0.00025
  46.38557,   0.15218,  -0.00064
  46.54108,  -0.04847,  -0.00080
  46.53767,   0.00952,  -0.00057
  48.22310,   0.25637,  -0.00016
  49.03342,   0.50110,   0.00019
  47.48174,   0.48387,   0.00006
  47.55300,   0.40724,  -0.00009
  47.22306,   0.28068,  -0.00019
  47.09811,   0.25552,  -0.00010
  47.96788,   0.37758,   0.00021
  48.39770,   0.51927,   0.00062
  49.18259,   0.60053,   0.00099
  49.16328,   0.60024,   0.00124
  49.96586,   0.57113,   0.00133
  51.16314,   0.58387,   0.00135
  38.78734,   0.61396,   0.00087
  38.49392,   0.65086,   0.00063
  37.83178,   0.56292,   0.00012
  37.65276,   0.36778,  -0.00054
  49.88983,   0.28763,  -0.00141
  51.64834,   0.21134,  -0.00148
  52.76982,   0.33111,  -0.00120
  52.24796,   0.57869,  -0.00065
  50.39597,   0.68407,  -0.00025
  47.88505,   0.58846,  -0.00018
  35.55690,   0.39444,   0.00007
  34.41758,   0.17886,  -0.00012
  33.99993,   0.09994,  -0.00013
  34.17545,   0.19447,   0.00019
  34.10891,   0.21813,   0.00030
  34.93964,   0.27248,   0.00063
  35.73939,   0.26853,   0.00083
  36.07669,   0.24205,   0.00064
  37.70576,   0.29887,   0.00056
  36.68773,   0.41078,   0.00056
  35.69861,   0.44662,   0.00036
  34.55305,   0.39514,   0.00004
  34.20915,   0.31626,  -0.00018
  35.31678,   0.20991,  -0.00024
  37.05718,   0.29652,   0.00005
  39.10909,   0.47645,   0.00021
  39.47108,   0.61249,   0.00040
  38.83333,   0.61347,   0.00019
  38.02035,   0.44908,  -0.00028
  38.35508,   0.25218,  -0.00075
  34.49508,   0.17908,  -0.00082
  35.37583,   0.23424,  -0.00071
  35.96352,   0.35472,  -0.00042
  36.00940,   0.51756,   0.00001
  34.42000,   0.59088,   0.00044
  33.39902,   0.50295,   0.00053
  32.48694,   0.40815,   0.00039
  31.03735,   0.42125,   0.00040
  29.79878,   0.42170,   0.00010
  28.50109,   0.41077,  -0.00018
  26.93161,   0.25943,  -0.00071
  27.57139,   0.14315,  -0.00084
  28.97371,   0.07733,  -0.00083
  29.64145,   0.12474,  -0.00080
  30.03202,   0.29718,  -0.00055
  29.14688,   0.43066,  -0.00037
  27.47596,   0.43151,  -0.00036
  26.07976,   0.25628,  -0.00053
  25.65407,   0.04767,  -0.00070
  25.89817,   0.05579,  -0.00045
  27.50829,   0.11834,  -0.00030
  29.42723,   0.29286,  -0.00000
  29.59522,   0.38126,   0.00036
  29.91577,   0.38813,   0.00030
  30.04149,   0.27905,  -0.00009
  31.10738,   0.14962,  -0.00060
  31.07678,   0.14307,  -0.00099
  30.67619,   0.23488,  -0.00120
  30.18055,   0.28532,  -0.00148
  29.78699,   0.30300,  -0.00135
  29.97333,   0.24888,  -0.00115
  29.75988,   0.32114,  -0.00072
  30.19791,   0.35732,  -0.00053
  29.70160,   0.44887,  -0.00041
  27.97541,   0.48283,  -0.00024
  26.55992,   0.37906,  -0.00049
  25.81651,   0.20551,  -0.00065
  26.75167,   0.06770,  -0.00063
  29.01036,   0.06566,  -0.00055
  31.07356,   0.27815,   0.00006
  32.15842,   0.56653,   0.00073
  32.12821,   0.70530,   0.00103
  31.27657,   0.68659,   0.00111
  30.47138,   0.53506,   0.00090
  31.18066,   0.49756,   0.00074
  31.85500,   0.48289,   0.00054
  32.58740,   0.57507,   0.00048
  33.04379,   0.61185,   0.00041
  34.28256,   0.63274,   0.00035
  36.10175,   0.57795,   0.00017
  38.21896,   0.51884,  -0.00011
  38.93872,   0.56292,  -0.00032
  38.20280,   0.64526,  -0.00042
  38.12388,   0.62201,  -0.00062
  36.46929,   0.52313,  -0.00072
  35.78915,   0.34990,  -0.00074
  36.45269,   0.33628,  -0.00047
  37.40138,   0.36233,  -0.00009
  37.95392,   0.51378,   0.00034
  36.76747,   0.66161,   0.00079
  35.22523,   0.67529,   0.00072
  33.61752,   0.52817,   0.00037
  32.84442,   0.31845,  -0.00024
  32.58415,   0.20325,  -0.00054
  32.91634,   0.25274,  -0.00056
  33.54853,   0.36414,  -0.00060
  37.94303,   0.46145,  -0.00074
  37.46000,   0.49316,  -0.00066
  51.96772,   0.74891,  -0.00156
  49.60408,   0.43967,  -0.00020
  48.96689,   0.39784,  -0.00030
  47.98930,   0.42797,  -0.00042
  47.70730,   0.43905,  -0.00028
  48.33978,   0.37648,  -0.00039
  50.20534,   0.25073,  -0.00047
  51.82165,   0.17435,  -0.00044
  53.86307,   0.27819,  -0.00025
  55.15362,   0.40550,   0.00001
  54.70340,   0.55072,   0.00004
  54.42779,   0.54511,  -0.00031
  53.26724,   0.37780,  -0.00069
  52.75504,   0.16152,  -0.00101
  52.80108,   0.12108,  -0.00090
  53.28008,   0.17210,  -0.00071
  53.45917,   0.32179,  -0.00036
  51.83154,   0.40013,  -0.00002
  50.95239,   0.33440,  -0.00009
  50.37113,   0.17384,  -0.00040
  49.95479,  -0.01086,  -0.00077
  50.62228,  -0.08390,  -0.00102
  50.76607,  -0.06751,  -0.00107
  35.77060,   0.03782,  -0.00118
  52.34535,   0.39306,  -0.00202
  53.04248,   0.35516,  -0.00172
  53.97668,   0.34520,  -0.00139
  54.92157,   0.31861,  -0.00071
  54.60299,   0.40354,  -0.00051
  53.79913,   0.44849,  -0.00044
  52.85963,   0.40206,  -0.00067
  34.27827,   0.08675,   0.00003
  35.20226,  -0.06672,  -0.00040
  59.55119,   0.15463,   0.00008
  60.81456,   0.32530,   0.00018
  39.62433,   0.22780,  -0.00051
  39.11826,   0.34885,  -0.00042
  38.27397,   0.29185,  -0.00061
  36.94924,   0.14710,  -0.00086
  47.50202,   0.07537,  -0.00166
  46.71437,   0.05524,  -0.00166
  46.06568,   0.14115,  -0.00138
  45.31616,   0.21951,  -0.00085
  45.34640,   0.19953,  -0.00046
  44.75841,   0.13384,  -0.00019
  45.34627,   0.10304,  -0.00013
  45.75087,   0.18204,  -0.00006
  45.81320,   0.22945,  -0.00007
  44.72270,   0.30583,  -0.00011
  35.73868,   0.15598,  -0.00017
  35.57379,   0.02971,  -0.00044
  35.90154,   0.02385,  -0.00039
  37.18419,   0.11506,  -0.00006
  38.03961,   0.30978,   0.00037
  37.23962,   0.46498,   0.00080
  35.97609,   0.46324,   0.00078
  35.14725,   0.25943,   0.00034
  35.15885,   0.01215,  -0.00022
  36.22019,  -0.10098,  -0.00052
  37.90700,  -0.12426,  -0.00056
  39.87320,   0.03739,  -0.00035
  41.16658,   0.09986,  -0.00016
  42.10472,   0.10359,   0.00008
  40.16569,   0.13732,   0.00039
  40.33382,   0.08412,   0.00036
  39.95315,   0.09715,   0.00029
  39.19313,   0.17588,   0.00047
  37.74222,   0.13824,   0.00036
  37.12473,   0.01082,   0.00020
  37.74540,  -0.11375,  -0.00011
  39.26337,  -0.18554,  -0.00014
  40.76006,  -0.08623,  -0.00002
  40.44605,   0.05598,   0.00006
  39.25662,   0.12313,  -0.00017
  37.37091,   0.08396,  -0.00036
  35.72975,  -0.10365,  -0.00063
  35.40218,  -0.26749,  -0.00101
  35.81663,  -0.28172,  -0.00086
  36.38066,  -0.14167,  -0.00034
  36.17468,   0.06413,   0.00036
  36.38038,   0.19806,   0.00084
  36.47312,   0.15132,   0.00101
  36.50144,   0.05631,   0.00105
  38.27532,  -0.05947,   0.00093
  38.95744,  -0.00693,   0.00067
  39.34621,   0.12103,   0.00048
  40.68435,   0.06979,   0.00013
  42.16583,   0.02569,  -0.00032
  44.17196,  -0.00902,  -0.00048
  45.88888,   0.02783,  -0.00052
  46.64882,   0.19925,  -0.00037
  45.61891,   0.36260,  -0.00011
  42.88953,   0.37908,  -0.00032
  40.29051,   0.20396,  -0.00078
  38.94087,  -0.03478,  -0.00123
  38.77737,  -0.21904,  -0.00151
  39.78072,  -0.24568,  -0.00153
  41.00830,  -0.06244,  -0.00123
  40.37963,   0.05236,  -0.00088
  39.63973,   0.12287,  -0.00060
  38.36445,   0.02732,  -0.00057
  37.46958,  -0.09069,  -0.00083
  36.27753,  -0.18798,  -0.00097
  35.21918,  -0.16106,  -0.00094
  33.78195,  -0.04343,  -0.00081
  33.44207,   0.02831,  -0.00062
  33.65428,  -0.00657,  -0.00050
  33.31397,  -0.01730,  -0.00037
  34.30886,  -0.04041,  -0.00059
  34.72852,   0.04347,  -0.00087
  34.92814,   0.07083,  -0.00108
  33.99126,   0.09208,  -0.00153
  33.60361,  -0.03243,  -0.00203
  47.94590,  -0.16487,  -0.00285
  49.82637,  -0.25172,  -0.00295
  51.54043,  -0.11902,  -0.00257
  52.31341,   0.19338,  -0.00163
  51.61430,   0.45446,  -0.00075
  49.57840,   0.43177,  -0.00058
  47.97938,   0.22601,  -0.00081
  47.92747,   0.06755,  -0.00099
  55.44808,  -0.00535,  -0.00136
  56.41060,   0.04288,  -0.00133
  56.81129,   0.20179,  -0.00106
  54.89312,   0.21782,  -0.00109
  54.48250,   0.22417,  -0.00092
  54.33310,   0.16455,  -0.00086
  54.45933,   0.14775,  -0.00098
  53.99555,   0.17383,  -0.00092
  52.91268,   0.22176,  -0.00085
  52.13543,   0.25253,  -0.00085
  51.86224,   0.13948,  -0.00080
  53.04449,  -0.02339,  -0.00068
  54.89567,  -0.03471,  -0.00028
  57.10494,   0.04833,   0.00011
  57.62041,   0.23578,   0.00049
  57.29652,   0.28653,   0.00057
  56.36821,   0.24670,   0.00037
  56.45027,   0.08532,   0.00001
  40.77477,  -0.24549,   0.00007
  42.17639,  -0.23600,   0.00011
  43.58317,  -0.00850,   0.00046
  44.48090,   0.21835,   0.00085
  43.98779,   0.32343,   0.00110
  42.91695,   0.22442,   0.00106
  41.81314,   0.11559,   0.00088
  41.13407,   0.02253,   0.00057
  53.84984,  -0.20153,   0.00079
  52.88719,  -0.19266,   0.00057
  52.26311,  -0.29012,   0.00024
  52.79177,  -0.32859,   0.00030
  47.09320,  -0.26751,  -0.00060
  47.81160,  -0.21916,  -0.00025
  48.08031,  -0.04248,   0.00027
  46.47996,   0.13464,   0.00070
  44.76965,   0.20511,   0.00104
  34.12594,   0.06385,   0.00110
  32.84744,  -0.09823,   0.00102
  32.90532,  -0.18273,   0.00113
  34.47235,  -0.13334,   0.00128
  48.69709,  -0.05605,   0.00219
  49.48236,   0.11149,   0.00225
  49.59715,   0.14036,   0.00198
  36.27534,   0.14042,   0.00115
  36.51129,   0.01136,   0.00054
  39.87250,  -0.16623,   0.00010
  40.00357,  -0.10826,  -0.00014
  39.91718,  -0.00711,  -0.00013
  39.12260,   0.03897,   0.00004
  39.52638,  -0.03149,   0.00018
  40.21303,  -0.13038,   0.00029
  40.33006,  -0.02822,   0.00097
  40.46006,   0.02844,   0.00094
  39.65018,   0.07473,   0.00082
  38.21138,  -0.04043,   0.00067
  37.42685,  -0.21698,   0.00039
  37.14764,  -0.42105,  -0.00012
  38.50570,  -0.49985,  -0.00011
  40.07706,  -0.36833,   0.00020
  40.29113,  -0.15608,   0.00047
  39.30381,   0.02534,   0.00082
  36.42895,   0.05484,   0.00086
  34.12365,  -0.13464,   0.00060
  32.20131,  -0.26064,   0.00034
  31.52901,  -0.38245,   0.00006
  31.53920,  -0.34056,   0.00005
  32.77954,  -0.19124,   0.00020
  33.68108,  -0.15824,   0.00019
  35.14931,  -0.15800,   0.00023
  36.81592,  -0.19401,   0.00016
  37.64204,  -0.15168,   0.00013
  39.13488,  -0.03884,   0.00026
  38.23696,   0.12568,   0.00034
  37.54817,   0.17860,   0.00026
  37.44861,   0.11393,   0.00028
  38.40919,   0.03284,   0.00032
  39.85193,   0.10655,   0.00073
  41.10759,   0.25736,   0.00096
  41.31972,   0.45947,   0.00111
  40.55671,   0.51840,   0.00107
  39.27906,   0.42216,   0.00052
  38.43554,   0.21529,  -0.00017
  38.46695,   0.06184,  -0.00076
  55.93095,  -0.12060,  -0.00115
  57.13275,   0.07546,  -0.00079
  56.44272,   0.30451,  -0.00030
  55.22694,   0.42337,   0.00029
  52.90353,   0.43086,   0.00065
  51.90281,   0.37687,   0.00092
  51.40907,   0.36751,   0.00119
  50.67937,   0.39395,   0.00136
  45.43920,   0.45632,   0.00067
  45.67011,   0.44617,   0.00067
  46.29077,   0.33882,   0.00042
  48.75353,   0.28843,   0.00038
  40.56080,   0.25021,   0.00040
  41.87635,   0.44638,   0.00049
  41.77762,   0.63620,   0.00046
  41.31718,   0.68151,   0.00021
  39.71941,   0.55026,  -0.00024
  38.86079,   0.33600,  -0.00074
  55.84185,   0.28759,  -0.00053
  56.99145,   0.29345,  -0.00053
  57.70121,   0.46261,  -0.00024
  57.27356,   0.61637,   0.00022
  56.96324,   0.61343,   0.00014
  57.01061,   0.47001,  -0.00022
  56.75924,   0.28448,  -0.00066
  56.36441,   0.20017,  -0.00085
  56.90630,   0.23990,  -0.00084
  56.59115,   0.37198,  -0.00046
  55.78753,   0.41453,  -0.00026
  54.62729,   0.41904,   0.00009
  53.10064,   0.49379,  -0.00026
  52.99396,   0.58170,   0.00014
  52.68991,   0.70210,   0.00049
  51.37402,   0.78539,   0.00040
  50.07787,   0.71638,   0.00002
  49.67403,   0.55178,  -0.00045
  50.87674,   0.33516,  -0.00111
  53.45060,   0.25815,  -0.00142
  55.90037,   0.35231,  -0.00137
  57.05661,   0.60738,  -0.00099
  56.59286,   0.72804,  -0.00071
  54.96072,   0.69306,  -0.00059
  54.92010,   0.59126,  -0.00069
  54.84817,   0.40913,  -0.00093
  56.75820,   0.44416,  -0.00075
  57.46584,   0.51000,  -0.00063
  56.78884,   0.56403,  -0.00031
  56.67326,   0.56194,  -0.00015
  56.41806,   0.46594,  -0.00017
  55.82898,   0.35041,  -0.00038
  56.63027,   0.28888,  -0.00070
  55.74573,   0.37430,  -0.00099
  53.84466,   0.44980,  -0.00123
  52.14575,   0.34399,  -0.00169
  52.47412,   0.13332,  -0.00153
  52.04930,  -0.00766,  -0.00147
  51.54539,   0.08386,  -0.00101
  51.57996,   0.24179,  -0.00052
  45.73316,   0.56357,  -0.00051
  43.85573,   0.62558,  -0.00037
  41.71218,   0.49078,  -0.00060
  40.61225,   0.26114,  -0.00102
  40.96000,   0.09392,  -0.00132
  43.07013,   0.05923,  -0.00137
  45.56616,   0.31320,  -0.00091
  47.23106,   0.59310,  -0.00031
  46.32925,   0.58056,  -0.00018
  45.79784,   0.53860,  -0.00007
  45.44480,   0.53207,  -0.00002
  45.71567,   0.58277,   0.00001
  46.24687,   0.65279,  -0.00015
  45.35200,   0.69250,  -0.00042
  44.54608,   0.59595,  -0.00068
  45.24496,   0.42183,  -0.00091
  34.94067,   0.25226,  -0.00065
  36.71275,   0.28543,  -0.00066
  37.88182,   0.44358,  -0.00055
  37.83136,   0.52079,  -0.00048
  36.32211,   0.51423,  -0.00043
  34.62674,   0.33685,  -0.00051
  35.55696,   0.30102,  -0.00077
  35.15431,   0.16227,  -0.00047
  35.41143,   0.22057,   0.00016
  34.03205,   0.48326,   0.00105
  34.43728,   0.64411,   0.00166
  34.27110,   0.62209,   0.00189
  32.93684,   0.48982,   0.00174
  32.90575,   0.36089,   0.00148
  48.11276,   0.06745,   0.00137
  48.81007,   0.12576,   0.00119
  49.45435,   0.13157,   0.00072
  50.59789,   0.21389,   0.00072
  34.39995,   0.24157,   0.00028
  35.67414,   0.23741,   0.00040
  36.47723,   0.33455,   0.00059
  41.06030,   0.47722,   0.00205
  39.76907,   0.57378,   0.00202
  38.15949,   0.48250,   0.00179
  35.76910,   0.39826,   0.00069
  37.11559,   0.23115,   0.00056
  39.70272,   0.21986,   0.00069
  42.37901,   0.38649,   0.00104
  54.53641,   0.56819,   0.00103
  53.29774,   0.67889,   0.00107
  51.53189,   0.62854,   0.00078
  50.30597,   0.49301,   0.00035
  49.45152,   0.40375,   0.00011
  48.81527,   0.43518,   0.00009
  48.06315,   0.55229,   0.00031
  43.61572,   0.88051,  -0.00161
  42.73930,   0.87971,  -0.00143
  48.75548,   0.42128,   0.00119
  41.19653,   0.35895,   0.00133
  45.14659,   0.51887,   0.00064
  45.43153,   0.57825,   0.00052
  53.87214,   0.71871,  -0.00130
  40.79529,   0.31644,   0.00068
  41.27479,   0.17935,   0.00065
  42.72761,   0.10138,   0.00061
  44.53730,   0.19774,   0.00115
  45.95203,   0.41417,   0.00163
  46.06472,   0.62861,   0.00198
  44.81448,   0.70317,   0.00222
  43.22057,   0.52275,   0.00166
  42.43296,   0.24773,   0.00088
  43.13957,   0.05414,   0.00029
  44.05923,   0.01658,  -0.00016
  45.34039,   0.15210,  -0.00024
  48.43341,   0.37888,  -0.00103
  47.95791,   0.36862,  -0.00103
  46.80288,   0.28465,  -0.00122
  45.56654,   0.18177,  -0.00137
  35.83730,   0.29192,  -0.00092
  33.63274,   0.35002,  -0.00074
  30.60592,   0.38114,  -0.00059
  28.89221,   0.25438,  -0.00042
  28.61589,   0.08232,  -0.00022
  28.90793,   0.07205,   0.00009
  30.50112,   0.13148,   0.00058
  31.84779,   0.37250,   0.00096
  31.82139,   0.58038,   0.00116
  31.07594,   0.50757,   0.00082
  38.90862,   0.42686,   0.00012
  39.40717,   0.27710,  -0.00030
  41.85922,   0.21391,  -0.00080
  44.05991,   0.38234,  -0.00054
  44.99239,   0.66980,   0.00008
  44.89591,   0.83908,   0.00048
  44.07133,   0.79614,   0.00054
  44.34029,   0.71872,   0.00054
  44.45425,   0.55932,   0.00004
  45.14027,   0.50330,  -0.00042
  47.44228,   0.53438,  -0.00047
  47.79246,   0.47098,  -0.00073
  48.38244,   0.43378,  -0.00048
  48.59069,   0.36185,  -0.00017
  49.16594,   0.34383,   0.00000
  49.60272,   0.45375,   0.00041
  48.96034,   0.63448,   0.00081
  47.79278,   0.77134,   0.00121
  56.29464,   0.57005,   0.00100
  55.05732,   0.37125,   0.00075
  55.21266,   0.23199,   0.00059
  56.37186,   0.15804,   0.00060
  47.09596,   0.17665,   0.00157
  48.24081,   0.42843,   0.00189
  48.11712,   0.57617,   0.00194
  47.48889,   0.45314,   0.00143
  46.27225,   0.26557,   0.00106
  45.59293,   0.10779,   0.00087
  47.30487,   0.15723,   0.00091
  47.77792,   0.31881,   0.00136
  48.16505,   0.45839,   0.00191
  46.21464,   0.53185,   0.00235
  46.68413,   0.43777,   0.00241
  47.44470,   0.39122,   0.00225
  48.70568,   0.48316,   0.00242
  48.96806,   0.57315,   0.00208
  49.11126,   0.49759,   0.00167
  48.99519,   0.39708,   0.00115
  49.43225,   0.17181,   0.00040
  50.45200,   0.07255,   0.00020
  51.78721,   0.15969,   0.00038
  52.44036,   0.40061,   0.00070
  51.67680,   0.61294,   0.00108
  49.69623,   0.64483,   0.00117
  46.53792,   0.51770,   0.00125
  44.18983,   0.18676,   0.00081
  43.50066,   0.07496,   0.00080
  44.14997,   0.04216,   0.00097
  43.94690,   0.06876,   0.00138
  45.87775,   0.22257,   0.00186
  46.88963,   0.29470,   0.00217
  46.40393,   0.22323,   0.00205
  47.84353,   0.21330,   0.00209
  48.02008,   0.21798,   0.00220
  47.89766,   0.29795,   0.00225
  48.06956,   0.31910,   0.00222
  47.43368,   0.29083,   0.00205
  48.29221,   0.13017,   0.00190
  48.54807,   0.13463,   0.00188
  50.64033,   0.19620,   0.00185
  52.21569,   0.32811,   0.00204
  52.43903,   0.46772,   0.00167
  52.63210,   0.30942,   0.00097
  51.90637,   0.03351,   0.00016
  50.25390,   0.02786,  -0.00184
  51.46259,  -0.09491,  -0.00210
  53.17886,  -0.02190,  -0.00166
  53.30965,   0.26584,  -0.00094
  53.52091,   0.39225,   0.00091
  51.31479,   0.39073,   0.00122
  48.92590,   0.23510,   0.00113
  47.24385,   0.21835,   0.00133
  45.71617,   0.17035,   0.00115
  45.15187,   0.24916,   0.00098
  44.62473,   0.16490,   0.00051
  45.96874,   0.15668,   0.00040
  47.19548,   0.12889,   0.00028
  47.84741,   0.13932,  -0.00002
  48.64310,   0.34569,   0.00021
  48.39751,   0.60137,   0.00036
  50.13693,   0.86412,   0.00042
  48.42735,   0.80272,   0.00011
  47.96597,   0.55576,  -0.00024
  48.93761,   0.46566,  -0.00015
  50.98566,   0.38967,  -0.00002
  52.85804,   0.62013,   0.00049
  52.63312,   0.79252,   0.00126
  52.41639,   0.88696,   0.00128
  51.86731,   0.77272,   0.00087
  53.05940,   0.55962,   0.00036
  53.26864,   0.43009,  -0.00008
  53.51444,   0.44789,  -0.00023
  48.77050,   0.55373,  -0.00102
  48.82064,   0.64739,  -0.00084
  48.59096,   0.60562,  -0.00065
  46.67518,   0.65640,  -0.00036
  46.34647,   0.58143,  -0.00036
  45.82044,   0.59071,  -0.00041
  48.12180,   0.55690,   0.00051
  46.58586,   0.50844,   0.00024
  45.30221,   0.30150,  -0.00035
  45.72353,   0.04989,  -0.00055
  31.91471,   0.03613,  -0.00156
  34.15017,   0.15995,  -0.00123
  35.42051,   0.45481,  -0.00047
  35.21789,   0.71159,   0.00024
  34.13008,   0.80304,   0.00057
  32.79530,   0.62256,   0.00054
  33.28924,   0.53966,   0.00062
  33.57858,   0.40839,   0.00058
  34.36045,   0.40391,   0.00054
  35.65073,   0.56962,   0.00075
  36.57349,   0.58039,   0.00077
  38.03575,   0.56682,   0.00066
  39.80636,   0.44409,   0.00021
  40.72361,   0.42987,  -0.00018
  40.63222,   0.49236,  -0.00049
  41.28889,   0.48538,  -0.00092
  39.57810,   0.47504,  -0.00105
  38.39222,   0.35594,  -0.00108
  38.33757,   0.30601,  -0.00094
  39.10891,   0.24225,  -0.00059
  40.04182,   0.32929,  -0.00010
  39.91365,   0.54341,   0.00073
  38.65790,   0.58792,   0.00105
  37.05814,   0.50587,   0.00100
  35.82521,   0.28723,   0.00072
  35.83483,   0.03173,   0.00007
  36.66964,  -0.02981,  -0.00004
  37.86947,   0.10856,   0.00018
  37.76160,   0.22509,   0.00024
  37.39001,   0.35529,   0.00055
  36.44925,   0.33191,   0.00067
  35.27064,   0.26804,   0.00053
  35.17974,   0.23886,   0.00052
  34.41377,   0.21282,   0.00025
  33.45919,   0.22657,  -0.00002
  32.63658,   0.16316,  -0.00014
  33.11556,   0.05664,  -0.00036
  34.55528,  -0.04314,  -0.00049
  36.38208,  -0.07134,  -0.00045
  37.88666,   0.07062,  -0.00033
  37.99566,   0.25193,  -0.00017
  37.65537,   0.26144,  -0.00016
  35.79519,   0.15054,  -0.00034
  34.39548,  -0.05208,  -0.00057
  34.37455,  -0.11598,  -0.00063
  34.19450,  -0.05730,  -0.00024
  34.82548,   0.11390,   0.00012
  34.73393,   0.28094,   0.00042
  32.54672,   0.29156,   0.00059
  31.68074,   0.17969,   0.00033
  30.93427,   0.02081,  -0.00011
  30.59872,  -0.10874,  -0.00068
  30.23535,  -0.09265,  -0.00089
  30.18570,  -0.00441,  -0.00082
  29.74538,   0.03777,  -0.00082
  30.17018,   0.02662,  -0.00043
  30.99096,  -0.00669,  -0.00004
  31.54490,   0.09122,   0.00041
  33.30888,   0.30958,   0.00126
  32.71023,   0.42772,   0.00147
  31.68632,   0.40431,   0.00135
  31.38899,   0.21706,   0.00114
  32.96178,   0.00711,   0.00092
  36.22091,  -0.04261,   0.00091
  37.14398,  -0.06582,   0.00074
  39.28527,   0.22091,   0.00090
  39.59845,   0.35188,   0.00084
  38.32974,   0.39249,   0.00073
  37.26786,   0.27140,   0.00030
  36.08321,   0.06925,  -0.00013
  36.10139,   0.03500,  -0.00032
  36.06157,   0.06238,  -0.00030
  35.06344,   0.17665,   0.00002
  34.79745,   0.21583,   0.00035
  33.83904,   0.16722,   0.00055
  34.19196,   0.07327,   0.00060
  61.33252,   0.21043,   0.00073
  61.09775,   0.25728,   0.00074
  34.14963,   0.24480,   0.00080
  32.63207,   0.20900,   0.00063
  31.89972,   0.12343,   0.00047
  32.53083,   0.08970,   0.00052
  33.73232,   0.19790,   0.00098
  34.96653,   0.42827,   0.00146
  35.16341,   0.70258,   0.00175
  34.08548,   0.78166,   0.00187
  32.95913,   0.67161,   0.00134
  32.48638,   0.43072,   0.00066
  34.11428,   0.23332,   0.00006
  35.53763,   0.24774,  -0.00025
  37.39705,   0.45274,  -0.00029
  39.49403,   0.54222,  -0.00037
  40.39905,   0.67062,  -0.00028
  40.47770,   0.64044,  -0.00021
  41.54876,   0.66395,   0.00003
  40.59631,   0.60864,  -0.00003
  38.90413,   0.61857,  -0.00004
  37.73167,   0.69669,   0.00029
  35.61731,   0.65717,   0.00024
  35.74770,   0.50228,   0.00021
  37.09831,   0.37699,   0.00025
  37.59116,   0.40621,   0.00043
  38.54175,   0.56011,   0.00053
  37.95306,   0.71277,   0.00052
  35.71766,   0.62825,  -0.00011
  33.66273,   0.45240,  -0.00053
  32.29828,   0.20952,  -0.00089
  31.61643,   0.11380,  -0.00138
  46.06473,   0.07402,  -0.00055
  46.73137,   0.25930,   0.00000
  46.87379,   0.47241,   0.00050
  45.03741,   0.57376,   0.00097
  44.68966,   0.39537,   0.00073
  44.66477,   0.15640,   0.00028
  46.02727,   0.03727,   0.00008
  46.50730,   0.08772,  -0.00010
  47.49818,   0.24447,  -0.00013
  48.65337,   0.20535,  -0.00049
  49.92670,   0.19970,  -0.00045
  51.00993,   0.19685,  -0.00036
  51.82065,   0.30510,  -0.00012
  50.91023,   0.46351,   0.00000
  48.79678,   0.58533,  -0.00010
  47.41757,   0.61664,  -0.00027
  45.95034,   0.38084,  -0.00090
  45.44467,   0.07207,  -0.00137
  45.57880,  -0.03379,  -0.00150
  47.12052,   0.09471,  -0.00124
  48.04486,   0.37721,  -0.00072
  46.65762,   0.49528,  -0.00051
  45.62711,   0.51426,  -0.00067
  43.87212,   0.35372,  -0.00070
  42.33357,   0.15037,  -0.00071
  42.34018,   0.16448,  -0.00054
  41.98003,   0.29977,   0.00012
  42.08421,   0.50592,   0.00086
  40.63480,   0.61979,   0.00143
  40.94451,   0.58430,   0.00168
  41.62539,   0.51225,   0.00161
  43.04970,   0.46378,   0.00167
  43.11497,   0.52550,   0.00132
  42.46592,   0.57227,   0.00087
  43.11442,   0.38277,   0.00001
  43.69697,   0.22892,  -0.00048
  45.29444,   0.06642,  -0.00081
  46.77531,   0.10427,  -0.00070
  47.73349,   0.30850,  -0.00020
  47.26162,   0.54501,   0.00028
  45.75365,   0.67686,   0.00083
  43.20590,   0.47685,   0.00056
  41.31461,   0.12641,   0.00011
  40.72494,  -0.02871,   0.00013
  40.47175,  -0.13031,   0.00030
  41.45158,   0.00710,   0.00066
  41.11572,   0.09222,   0.00081
  41.54450,   0.19469,   0.00110
  36.77420,   0.31092,   0.00047
  36.18213,   0.25913,   0.00049
  35.05398,   0.27350,   0.00055
  33.35432,   0.37712,   0.00052
  31.40090,   0.43761,   0.00054
  30.40493,   0.37711,   0.00053
  29.66718,   0.25889,   0.00044
  30.93943,   0.20363,   0.00064
  24.49829,   0.19669,   0.00129
  25.84543,   0.35583,   0.00154
  25.95137,   0.51317,   0.00169
  26.07629,   0.43532,   0.00149
  25.86100,   0.28706,   0.00116
  27.42238,   0.07808,   0.00067
  29.16275,  -0.00102,   0.00065
  31.09346,   0.12337,   0.00104
  32.67664,   0.35047,   0.00163
  33.15659,   0.53855,   0.00214
  47.46886,   0.53429,   0.00254
  46.51335,   0.40966,   0.00241
  46.63078,   0.45486,   0.00167
  46.55566,   0.35790,   0.00141
  53.30320,   0.53854,  -0.00099
  31.03912,   0.25089,   0.00097
  31.10746,   0.22725,   0.00080
  32.03354,   0.14440,   0.00073
  32.72061,   0.09945,   0.00043
  33.14898,   0.17473,   0.00068
  45.09314,   0.10930,   0.00140
  42.98332,   0.21867,   0.00180
  39.78757,   0.21899,   0.00195
  37.08590,  -0.02774,   0.00198
  36.15464,  -0.17478,   0.00202
  37.23815,  -0.28331,   0.00218
  39.39100,  -0.08190,   0.00263
  41.44462,   0.15714,   0.00288
  42.17088,   0.28202,   0.00273
  42.25819,   0.23156,   0.00225
  30.67872,   0.21241,   0.00130
  30.52517,   0.11281,   0.00075
  30.34174,   0.13943,   0.00041
  31.29346,   0.23539,   0.00022
  31.06078,   0.35742,   0.00017
  31.06350,   0.38452,   0.00019
  31.45835,   0.31750,   0.00012
  31.76997,   0.34704,   0.00029
  43.77768,   0.27962,   0.00049
  43.22508,   0.32983,   0.00054
  41.94453,   0.27833,   0.00023
  40.82431,   0.17598,  -0.00010
  40.59875,  -0.01694,  -0.00033
  41.20377,  -0.15749,  -0.00053
  42.56037,  -0.10303,  -0.00019
  43.69290,   0.12709,   0.00048
  43.61224,   0.39170,   0.00110
  41.93880,   0.48991,   0.00145
  51.40389,   0.58193,  -0.00066
  51.01801,   0.48087,  -0.00083
  38.08306,   0.10927,   0.00102
  38.92182,   0.08016,   0.00091
  39.63904,   0.15977,   0.00093
  41.09568,   0.31740,   0.00104
  41.32390,   0.28707,   0.00085
  42.54832,   0.22503,   0.00069
  44.57378,   0.17786,   0.00044
  45.19825,   0.18233,   0.00033
  46.31420,   0.25031,   0.00038
  46.26151,   0.30110,   0.00039
  49.56410,   0.27591,   0.00026
  50.23144,   0.20351,   0.00040
  51.30559,   0.17104,   0.00073
  52.23560,   0.26060,   0.00122
  49.31173,   0.41231,   0.00180
  48.66163,   0.50847,   0.00192
  47.66450,   0.61618,   0.00102
  45.96180,   0.42989,   0.00056
  45.98989,   0.17673,  -0.00017
  46.57263,   0.08065,  -0.00035
  44.40985,   0.17036,  -0.00033
  44.77470,   0.39706,  -0.00006
  51.28267,   0.44901,   0.00062
  49.91429,   0.50806,   0.00090
  55.57657,   0.53773,   0.00194
  54.95088,   0.42535,   0.00192
  54.51604,   0.43272,   0.00205
  53.94973,   0.46760,   0.00210
  29.44844,   0.35833,   0.00137
  43.50214,   0.27369,   0.00170
  45.17215,   0.20467,   0.00166
  36.00905,   0.31844,   0.00161
  37.96802,   0.47714,   0.00185
  39.52336,   0.62177,   0.00210
  38.71808,   0.73844,   0.00208
  38.20584,   0.67811,   0.00177
  37.20601,   0.48313,   0.00139
  37.38997,   0.29329,   0.00106
  38.25270,   0.31171,   0.00115
  39.41109,   0.42606,   0.00123
  39.98166,   0.58840,   0.00134
  38.65316,   0.58043,   0.00135
  37.82383,   0.46835,   0.00103
  36.92328,   0.26381,   0.00057
  36.55569,   0.09469,   0.00013
  35.64563,   0.03099,  -0.00001
  34.97154,   0.07123,   0.00012
  33.84098,   0.10591,   0.00018
  33.75212,   0.08985,   0.00057
  33.80267,   0.02085,   0.00094
  32.81595,   0.10287,   0.00150
  32.22839,   0.13344,   0.00169
  31.09807,   0.19237,   0.00172
  29.22131,   0.16250,   0.00170
  28.20371,   0.03135,   0.00130
  27.48228,  -0.18830,   0.00069
  28.90051,  -0.31890,   0.00044
  30.35570,  -0.23342,   0.00033
  32.04140,  -0.04823,   0.00046
  33.66796,   0.17609,   0.00059
  33.25002,   0.23567,   0.00049
  32.34728,   0.13576,   0.00022
  31.30355,  -0.10232,  -0.00011
  31.38106,  -0.15826,  -0.00007
  31.51328,  -0.15211,  -0.00008
  32.03564,  -0.02923,   0.00035
  33.05242,   0.07504,   0.00072
  43.82005,   0.54566,  -0.00131
  44.40993,   0.49702,  -0.00127
  44.88030,   0.45746,  -0.00135
  44.87824,   0.45303,  -0.00144
  43.91932,   0.51402,  -0.00148
  42.40235,   0.54120,  -0.00151
  41.09127,   0.47077,  -0.00172
  40.93702,   0.38723,  -0.00166
  41.67799,   0.34577,  -0.00150
  42.04074,   0.44222,  -0.00115
  42.07256,   0.56477,  -0.00086
  41.02543,   0.64560,  -0.00073
  39.20936,   0.59919,  -0.00083
  38.30571,   0.45047,  -0.00117
  38.52311,   0.28673,  -0.00154
  39.98729,   0.18450,  -0.00184
  41.54960,   0.27145,  -0.00168
  42.68170,   0.44542,  -0.00129
  43.14120,   0.54622,  -0.00102
  43.17390,   0.56331,  -0.00080
  43.33168,   0.50589,  -0.00082
  44.59239,   0.49539,  -0.00081
  44.43361,   0.49546,  -0.00101
  43.79339,   0.52810,  -0.00121
  43.27347,   0.50828,  -0.00133
  43.30372,   0.46174,  -0.00153
  44.14466,   0.38473,  -0.00172
  45.01787,   0.36176,  -0.00181
  45.58263,   0.45160,  -0.00183
  44.64487,   0.57986,  -0.00178
  34.53070,   0.23822,   0.00006
  32.22593,   0.13638,  -0.00021
  30.51944,  -0.08507,  -0.00043
  29.80862,  -0.17560,  -0.00053
  30.02961,  -0.20001,  -0.00022
  30.62488,  -0.03408,   0.00033
  29.83849,   0.22337,   0.00118
  30.18305,   0.32918,   0.00157
  30.10681,   0.23829,   0.00163
  29.99718,   0.09380,   0.00158
  30.07653,  -0.02362,   0.00139
  30.48940,   0.00750,   0.00130
  31.79035,   0.02650,   0.00113
  32.96459,   0.14483,   0.00120
  34.17107,   0.15486,   0.00091
  35.88242,   0.12403,   0.00097
  37.20457,   0.12723,   0.00099
  38.21455,   0.29179,   0.00138
  37.32273,   0.35264,   0.00122
  35.84557,   0.29512,   0.00084
  34.90257,   0.13469,   0.00049
  34.86243,  -0.16188,   0.00015
  36.28012,  -0.37357,  -0.00000
  38.15674,  -0.35440,   0.00015
  39.66132,  -0.09921,   0.00056
  39.92555,   0.14395,   0.00095
  39.13739,   0.12770,   0.00094
  37.21639,  -0.02075,   0.00087
  45.89889,  -0.17584,   0.00038
  44.64355,  -0.34575,   0.00037
  43.83132,  -0.33227,   0.00057
  42.65982,  -0.18082,   0.00083
  42.57217,  -0.06770,   0.00111
  42.21474,  -0.09181,   0.00119
  30.90437,  -0.20682,   0.00126
  30.92448,  -0.24397,   0.00107
  31.23382,  -0.24265,   0.00085
  30.10646,  -0.15279,   0.00055
  29.43224,  -0.26700,  -0.00018
  28.75306,  -0.36232,  -0.00036
  29.22614,  -0.48927,  -0.00035
  31.52559,  -0.44620,  -0.00015
  33.22718,  -0.23514,   0.00034
  33.83628,   0.04559,   0.00090
  34.05062,   0.19598,   0.00154
  32.85564,   0.15117,   0.00133
  31.80981,  -0.06186,   0.00091
  32.78450,  -0.25739,   0.00072
  33.63335,  -0.31775,   0.00046
  34.95694,  -0.18203,   0.00045
  35.85660,  -0.12406,   0.00034
  36.36719,   0.02758,   0.00040
  35.83394,   0.01892,   0.00036
  35.17862,  -0.05447,   0.00012
  33.73726,  -0.14348,  -0.00006
  31.95754,  -0.17058,  -0.00020
  45.78329,  -0.26601,   0.00001
  44.13298,  -0.31743,   0.00007
  42.78363,  -0.41020,   0.00023
  42.30203,  -0.48527,   0.00052
  42.91270,  -0.49185,   0.00088
  43.94784,  -0.37965,   0.00129
  37.08728,  -0.16664,   0.00110
  36.74712,  -0.07536,   0.00112
  36.11553,  -0.20463,   0.00074
  35.75319,  -0.39566,   0.00054
  48.74392,  -0.05642,  -0.00064
  49.32429,   0.07325,  -0.00083
  50.27742,   0.21884,  -0.00051
  50.50376,   0.37631,  -0.00021
  49.92705,   0.46213,   0.00005
  49.54691,   0.39608,  -0.00015
  49.40104,   0.26529,  -0.00054
  49.84360,   0.09577,  -0.00063
  29.78923,  -0.36076,   0.00019
  29.71023,  -0.28867,   0.00007
  30.21918,  -0.23893,   0.00014
  31.12621,  -0.27530,   0.00007
  32.01723,  -0.29085,   0.00036
  33.04118,  -0.20909,   0.00071
  32.77429,  -0.08577,   0.00108
  31.42220,   0.03050,   0.00139
  29.37818,   0.04865,   0.00161
  27.81678,  -0.09054,   0.00158
  26.92985,  -0.22357,   0.00155
  28.00701,  -0.32234,   0.00165
  29.82797,  -0.23487,   0.00192
  30.69803,  -0.10330,   0.00204
  31.26251,   0.11161,   0.00221
  30.88625,   0.16753,   0.00206
  30.74156,   0.00836,   0.00137
  30.41118,  -0.14876,   0.00095
  30.56101,  -0.21676,   0.00068
  31.66367,  -0.15381,   0.00060
  31.88362,  -0.02129,   0.00087
  32.37229,   0.05561,   0.00117
  32.94213,   0.03848,   0.00136
  33.18818,   0.04993,   0.00157
  44.36886,   0.08266,   0.00146
  45.13763,   0.11903,   0.00133
  49.40726,  -0.03890,   0.00146
  48.97399,  -0.11890,   0.00099
  48.95317,  -0.28927,   0.00047
  49.65460,  -0.41148,   0.00028
  50.66319,  -0.38198,   0.00017
  51.34087,  -0.21393,   0.00041
  35.87021,   0.12063,   0.00048
  33.96378,   0.21082,   0.00046
  31.36393,   0.09922,   0.00019
  28.74675,  -0.01315,  -0.00013
  27.59019,  -0.22741,  -0.00060
  27.38169,  -0.30028,  -0.00087
  40.75344,  -0.41602,  -0.00060
  41.70687,  -0.26890,  -0.00049
  28.44946,  -0.01009,  -0.00057
  28.96656,  -0.03039,  -0.00054
  29.42496,  -0.06501,  -0.00063
  29.07604,  -0.07689,  -0.00072
  28.98905,  -0.00755,  -0.00067
  28.19604,   0.07811,  -0.00061
  27.95734,   0.08901,  -0.00054
  27.70489,   0.08574,  -0.00037
  29.11444,   0.00821,  -0.00033
  31.11333,   0.05306,  -0.00029
  32.29815,   0.24410,  -0.00003
  32.91642,   0.34031,  -0.00019
  32.18980,   0.38651,  -0.00065
  31.22551,   0.25343,  -0.00128
  31.43491,   0.00118,  -0.00216
  32.02114,  -0.15114,  -0.00260
  33.21441,  -0.11060,  -0.00262
  34.44797,   0.07685,  -0.00234
  49.60658,   0.31090,  -0.00140
  48.19293,   0.36898,  -0.00090
  46.55752,   0.22740,  -0.00076
  45.18256,   0.11987,  -0.00065
  43.74542,  -0.00760,  -0.00058
  42.86689,  -0.03592,  -0.00056
  43.14628,   0.04237,  -0.00038
  43.33096,   0.01272,  -0.00036
  44.25577,  -0.03468,  -0.00057
  45.58724,  -0.03251,  -0.00047
  46.37774,   0.06579,  -0.00028
  47.27909,   0.20013,  -0.00024
  45.82476,   0.36711,  -0.00024
  44.06214,   0.38991,  -0.00054
  44.10490,   0.29930,  -0.00111
  44.13345,   0.01660,  -0.00147
  45.62583,  -0.02367,  -0.00135
  47.85050,   0.05106,  -0.00116
  32.47019,   0.23777,  -0.00103
  33.08028,   0.39429,  -0.00086
  32.62777,   0.37806,  -0.00095
  33.28620,   0.18958,  -0.00134
  32.77315,   0.04397,  -0.00170
  32.80261,   0.03742,  -0.00185
  49.56711,   0.05841,  -0.00145
  49.67486,   0.22023,  -0.00106
  48.69790,   0.33644,  -0.00062
  47.88941,   0.30398,  -0.00032
  46.81020,   0.23928,  -0.00018
  45.89110,   0.29997,   0.00018
  44.51111,   0.32384,   0.00010
  43.06875,   0.34428,  -0.00011
  41.84263,   0.20197,  -0.00061
  41.75298,   0.00260,  -0.00096
  42.17952,  -0.17637,  -0.00139
  43.99413,  -0.16199,  -0.00127
  45.44169,   0.00537,  -0.00087
  46.09541,   0.24977,  -0.00028
  45.38349,   0.36173,   0.00007
  44.37254,   0.32774,   0.00019
  43.14118,   0.06473,  -0.00003
  42.80105,  -0.16839,  -0.00020
  46.85158,  -0.13331,  -0.00002
  47.72609,  -0.04122,   0.00031
  48.23770,   0.05020,   0.00056
  49.38593,   0.09458,   0.00061
  49.63334,  -0.01031,   0.00033
  50.09446,  -0.10880,  -0.00001
  51.02082,  -0.17281,  -0.00032
  50.57943,  -0.14274,  -0.00057
  50.31263,  -0.16093,  -0.00095
  49.50014,  -0.20845,  -0.00116
  31.12276,  -0.25699,  -0.00157
  31.26755,  -0.35053,  -0.00136
  31.81112,  -0.32721,  -0.00107
  30.96368,  -0.16880,  -0.00052
  30.06363,  -0.05394,  -0.00030
  28.36146,  -0.07267,  -0.00032
  26.62138,  -0.27112,  -0.00068
  25.92556,  -0.49109,  -0.00094
  26.21596,  -0.60006,  -0.00099
  27.86374,  -0.56099,  -0.00096
  29.22348,  -0.31746,  -0.00041
  29.92871,  -0.08617,   0.00020
  52.24695,   0.06521,   0.00030
  51.50726,   0.01231,   0.00035
  51.13212,  -0.08231,   0.00019
  51.57361,  -0.07330,   0.00012
  51.12661,  -0.07361,  -0.00002
  50.92974,  -0.01556,  -0.00023
  51.28313,  -0.02740,  -0.00042
  51.75112,  -0.15263,  -0.00066
  53.29359,  -0.22752,  -0.00077
  54.65341,  -0.17172,  -0.00079
  54.93858,  -0.03172,  -0.00073
  54.81788,   0.02816,  -0.00077
  53.20206,   0.01405,  -0.00088
  51.98024,  -0.14885,  -0.00106
  52.57079,  -0.29621,  -0.00117
  53.45480,  -0.38447,  -0.00102
  53.72299,  -0.25677,  -0.00036
  53.59103,  -0.07565,   0.00005
  52.60380,   0.04102,   0.00026
  50.89130,  -0.02036,   0.00019
  49.99707,  -0.18501,  -0.00020
  49.63304,  -0.35123,  -0.00067
  50.05413,  -0.42906,  -0.00111
  50.13458,  -0.32898,  -0.00116
  27.81371,  -0.23048,  -0.00117
  28.11180,  -0.19378,  -0.00100
  28.12224,  -0.18016,  -0.00095
  28.44286,  -0.20933,  -0.00079
  40.82063,  -0.18182,  -0.00008
  40.05220,  -0.10290,  -0.00002
  39.19062,  -0.04387,  -0.00014
  38.53449,  -0.13178,  -0.00029
  39.24352,  -0.34090,  -0.00058
  41.26814,  -0.49818,  -0.00073
  44.05301,  -0.43482,  -0.00057
  46.71719,  -0.20082,  -0.00017
  47.81755,   0.05958,   0.00017
  47.46685,   0.18444,   0.00019
  47.21374,   0.15309,  -0.00010
  46.17187,  -0.04715,  -0.00055
  45.47422,  -0.22556,  -0.00090
  45.50647,  -0.19276,  -0.00081
  45.84111,  -0.09169,  -0.00059
  46.27003,   0.03946,  -0.00024
  49.41639,   0.39268,  -0.00005
  49.65980,   0.30622,  -0.00004
  49.96646,   0.20318,  -0.00013
  50.14785,   0.18455,  -0.00021
  45.37422,  -0.15418,  -0.00051
  44.48026,  -0.10997,  -0.00029
  44.43313,  -0.13495,  -0.00006
  44.83795,  -0.24555,  -0.00009
  45.47285,  -0.20824,   0.00042
  46.45572,  -0.11853,   0.00097
  46.91012,   0.07698,   0.00149
  46.58451,   0.24090,   0.00198
  45.46885,   0.23658,   0.00171
  44.50367,   0.02423,   0.00112
  45.42480,  -0.28820,   0.00043
  46.57978,  -0.45360,  -0.00008
  48.50751,  -0.38564,  -0.00030
  50.27557,  -0.30388,  -0.00047
  50.86105,  -0.09610,  -0.00033
  50.50786,  -0.06092,  -0.00035
  50.82581,  -0.13321,  -0.00061
  49.36493,  -0.28144,  -0.00091
  47.40641,  -0.35243,  -0.00109
  46.51726,  -0.29463,  -0.00087
  45.09374,  -0.27989,  -0.00080
  44.33543,  -0.34918,  -0.00062
  29.13535,  -0.29447,  -0.00043
  29.66576,  -0.29790,  -0.00024
  30.48321,  -0.25866,  -0.00007
  30.44428,  -0.10606,   0.00004
  29.34856,  -0.00908,  -0.00001
  27.86387,  -0.11907,  -0.00048
  26.40540,  -0.26323,  -0.00074
  25.93348,  -0.39633,  -0.00090
  26.18528,  -0.35629,  -0.00091
  27.02600,  -0.21108,  -0.00061
  26.76022,  -0.01634,  -0.00009
  26.63740,   0.08063,   0.00012
  38.88836,  -0.03552,   0.00039
  38.51715,  -0.23254,  -0.00005
  34.80616,  -0.30003,  -0.00114
  35.88024,  -0.36385,  -0.00145
  32.56622,   0.18161,  -0.00271
  33.41728,   0.24202,  -0.00256
  34.28362,   0.24702,  -0.00233
  35.00540,   0.21966,  -0.00215
  35.81796,   0.19711,  -0.00199
  36.12444,   0.23705,  -0.00188
  32.36052,  -0.09928,   0.00009
  30.28437,  -0.09556,   0.00002
  26.49922,  -0.31198,  -0.00025
  43.32187,  -0.54018,  -0.00026
  43.48121,  -0.74544,  -0.00050
  26.11276,  -0.65234,  -0.00069
  27.12676,  -0.50176,  -0.00049
  36.78455,  -0.27175,  -0.00056
  35.49918,  -0.22849,  -0.00058
  33.81969,  -0.34748,  -0.00084
  32.35143,  -0.54983,  -0.00115
  22.99104,  -0.67944,  -0.00095
  22.69977,  -0.64974,  -0.00070
  37.00954,  -0.73367,   0.00041
  22.87670,  -0.40437,   0.00024
  23.78090,  -0.38596,   0.00073
  24.90090,  -0.44748,   0.00100
  26.39240,  -0.45500,   0.00131
  27.36406,  -0.36065,   0.00121
  27.56804,  -0.21258,   0.00102
  28.27727,  -0.29127,   0.00058
  28.28819,  -0.32451,   0.00030
  30.06809,  -0.47664,  -0.00024
  32.20989,  -0.46266,  -0.00020
  44.16371,  -0.25671,  -0.00021
  44.72722,  -0.01080,   0.00018
  43.63379,   0.15491,   0.00036
  41.41267,   0.09577,   0.00019
  39.32915,  -0.15527,  -0.00018
  38.40063,  -0.41604,  -0.00054
  38.88500,  -0.54593,  -0.00064
  39.88489,  -0.48407,  -0.00039
  40.18699,  -0.34957,  -0.00006
  41.15826,  -0.16534,   0.00044
  41.08192,  -0.14544,   0.00074
  40.52742,  -0.24125,   0.00062
  39.84190,  -0.31280,   0.00062
  38.72718,  -0.30177,   0.00061
  38.01463,  -0.22224,   0.00068
  36.84103,  -0.21546,   0.00065
  36.20868,  -0.27529,   0.00059
  36.43057,  -0.35277,   0.00060
  37.80442,  -0.35611,   0.00076
  39.85694,  -0.26396,   0.00070
  40.84717,  -0.08807,   0.00058
  41.17583,  -0.09631,   0.00018
  40.44309,  -0.19847,  -0.00040
  40.11959,  -0.44248,  -0.00097
  46.17140,  -0.82328,  -0.00070
  47.51153,  -0.79580,  -0.00057
  40.68642,  -0.36630,  -0.00068
  41.21836,  -0.14219,  -0.00009
  40.71397,   0.00158,   0.00042
  39.74810,  -0.09722,   0.00037
  38.83855,  -0.29081,   0.00011
  38.83961,  -0.36502,   0.00002
  38.73469,  -0.41405,  -0.00020
  38.80171,  -0.33380,  -0.00031
  39.22080,  -0.26807,  -0.00034
  38.85965,  -0.30759,  -0.00055
  38.85576,  -0.32865,  -0.00061
  39.21218,  -0.29337,  -0.00058
  42.91154,  -0.23494,  -0.00072
  41.83515,  -0.11204,  -0.00061
  40.08121,  -0.06607,  -0.00061
  38.28080,  -0.16499,  -0.00073
  37.37790,  -0.35061,  -0.00083
  38.18082,  -0.47888,  -0.00074
  40.39239,  -0.41491,  -0.00037
  42.55983,  -0.20336,   0.00015
  49.68755,   0.50620,  -0.00101
  34.35085,  -0.06443,   0.00071
  34.37911,  -0.17446,   0.00039
  34.81536,  -0.32798,  -0.00005
  35.92929,  -0.39508,  -0.00038
  32.25341,   0.42559,   0.00180
  32.38158,   0.48252,   0.00190
  32.23027,   0.52411,   0.00200
  32.09763,   0.51765,   0.00204
  32.00617,   0.49615,   0.00203
  31.92776,   0.47018,   0.00192
  31.72683,   0.48623,   0.00182
  31.10214,   0.49930,   0.00167
  30.24556,   0.48007,   0.00149
  29.58642,   0.42033,   0.00133
  29.51578,   0.35488,   0.00126
  30.06453,   0.33923,   0.00135
  30.77718,   0.39812,   0.00160
  31.04376,   0.49791,   0.00189
  30.59128,   0.56769,   0.00209
  29.65836,   0.56482,   0.00214
  28.78747,   0.50085,   0.00207
  28.41087,   0.43160,   0.00198
  39.17852,  -0.23427,  -0.00001
  40.56050,  -0.12725,   0.00016
  45.06300,  -0.10201,   0.00088
  42.82200,   0.10516,   0.00040
  32.22170,   0.04197,   0.00064
  32.82676,  -0.00557,   0.00037
  33.20982,  -0.01910,   0.00006
  34.25273,   0.00290,  -0.00017
  33.74904,   0.07049,  -0.00028
  33.45297,   0.08194,  -0.00032
  33.40562,  -0.01769,  -0.00024
  34.28641,  -0.13210,  -0.00006
  35.38295,  -0.05140,   0.00044
  36.71389,   0.04774,   0.00073
  42.74357,   0.56655,  -0.00097
  43.91790,   0.46985,  -0.00076
  58.27578,   0.33228,   0.00066
  58.31228,   0.17963,   0.00035
  37.37630,  -0.37200,   0.00011
  38.71069,  -0.35193,   0.00024
  39.38797,  -0.20572,   0.00046
  39.72949,  -0.01254,   0.00093
  38.18498,   0.04846,   0.00114
  36.54397,  -0.01288,   0.00117
  35.42084,  -0.13995,   0.00102
  34.72052,  -0.23638,   0.00087
  35.53242,  -0.28145,   0.00078
  35.44806,  -0.25834,   0.00068
  35.47445,  -0.30773,   0.00049
  37.04063,  -0.36886,   0.00054
  36.99323,  -0.35884,   0.00062
  38.69384,  -0.31021,   0.00077
  40.60218,  -0.20455,   0.00094
  40.38376,  -0.04477,   0.00101
  39.96128,  -0.02807,   0.00092
  39.13569,  -0.12525,   0.00070
  53.84687,   0.38581,   0.00300
  54.26236,   0.32644,   0.00292
  54.57179,   0.36992,   0.00296
  51.95632,   0.03722,   0.00066
  51.44137,   0.16590,   0.00068
  40.19381,   0.08807,   0.00076
  38.84230,  -0.04477,   0.00024
  37.81524,  -0.19717,  -0.00030
  37.83127,  -0.28642,  -0.00079
  37.51485,  -0.20972,  -0.00084
  36.83056,  -0.12347,  -0.00080
  36.59432,  -0.04659,  -0.00046
  36.26762,  -0.05822,  -0.00010
  35.56810,  -0.03377,   0.00025
  35.25193,  -0.04017,   0.00043
  34.63768,   0.03820,   0.00071
  33.59368,   0.07510,   0.00076
  32.44103,   0.00246,   0.00051
  32.63249,  -0.13450,   0.00026
  33.88683,  -0.27026,   0.00005
  35.49299,  -0.29602,  -0.00009
  37.75973,  -0.12375,   0.00003
  39.03853,   0.13562,   0.00013
  40.39943,   0.29749,   0.00003
  39.07593,   0.23835,  -0.00035
  37.86879,   0.02410,  -0.00091
  37.76158,  -0.06918,  -0.00119
  37.71145,  -0.16917,  -0.00151
  38.39916,  -0.09617,  -0.00156
  36.63481,   0.00803,  -0.00106
  37.19176,   0.03844,  -0.00092
  37.35647,  -0.03470,  -0.00095
  37.30008,  -0.10265,  -0.00102
  37.10103,  -0.15006,  -0.00122
  36.29225,  -0.10062,  -0.00131
  36.89202,   0.00289,  -0.00123
  35.74724,   0.00655,  -0.00113
  34.87587,  -0.05498,  -0.00125
  35.24600,  -0.13279,  -0.00094
  35.45030,   0.00050,  -0.00039
  36.05998,   0.18720,   0.00001
  35.74753,   0.38861,   0.00017
  34.15575,   0.43531,   0.00012
  32.87284,   0.29631,  -0.00045
  32.38599,   0.06831,  -0.00098
  33.34774,  -0.07128,  -0.00130
  36.11522,  -0.00628,  -0.00137
  37.14048,   0.12196,  -0.00118
  38.56131,   0.36306,  -0.00072
  38.58582,   0.45578,  -0.00037
  39.23884,   0.44075,  -0.00025
  39.02933,   0.32563,  -0.00030
  39.05277,   0.26323,  -0.00039
  61.81680,   0.69044,   0.00079
  61.32654,   0.70723,   0.00084
  54.32324,   0.37454,   0.00023
  55.23918,   0.28573,   0.00023
  56.31911,   0.21026,   0.00014
  56.72854,   0.17973,   0.00005
  56.33116,   0.30973,   0.00006
  54.99373,   0.43907,  -0.00001
  40.55986,   0.40912,  -0.00081
  38.15828,   0.21462,  -0.00109
  37.10421,   0.03394,  -0.00147
  36.87162,  -0.07227,  -0.00136
  36.58096,   0.06522,  -0.00090
  36.60189,   0.25477,  -0.00035
  35.24419,   0.38322,   0.00016
  33.97208,   0.33043,   0.00025
  33.06583,   0.17893,   0.00009
  32.45770,   0.00680,  -0.00020
  32.39201,  -0.03874,  -0.00038
  33.71697,  -0.03779,  -0.00049
  34.52685,   0.10357,  -0.00031
  35.36572,   0.18727,  -0.00011
  46.60544,   0.25141,  -0.00050
  47.17903,   0.23444,  -0.00045
  48.12782,   0.32563,  -0.00026
  47.41008,   0.41876,  -0.00042
  37.95549,   0.46286,  -0.00008
  36.43249,   0.37147,  -0.00062
  35.58955,   0.16528,  -0.00110
  36.28785,  -0.03976,  -0.00141
  30.87515,   0.61634,   0.00107
  31.76388,   0.67958,   0.00117
  32.12192,   0.76884,   0.00133
  31.74685,   0.79702,   0.00140
  30.92400,   0.75585,   0.00141
  30.11967,   0.66212,   0.00135
  29.78968,   0.59008,   0.00135
  29.71753,   0.57230,   0.00147
  29.81905,   0.61918,   0.00170
  29.60124,   0.67691,   0.00197
  29.61877,   0.69653,   0.00216
  29.69870,   0.66716,   0.00222
  29.83661,   0.62640,   0.00216
  30.06971,   0.61752,   0.00205
  30.06958,   0.64480,   0.00192
  29.75382,   0.64219,   0.00174
  29.46439,   0.62403,   0.00165
  29.57032,   0.57102,   0.00160
  30.16884,   0.53437,   0.00161
  31.10818,   0.55016,   0.00176
  31.79713,   0.62026,   0.00195
  31.85070,   0.69834,   0.00213
  31.19570,   0.70214,   0.00209
  30.38765,   0.62891,   0.00194
  42.33350,  -0.09082,  -0.00055
  43.28188,  -0.26429,  -0.00076
