node_id,node_no,layer_no,MRM_gate_flag,node_type,is_boundary,#_of_outgoing_nodes,activity_node_flag,agent_type,zone_id,cell_code,info_zone_flag,x_coord,y_coord
0,0,0,-1,,0,0,0,, 4294967295,,0,-76.518574,42.448787
1,1,0,-1,,0,0,0,, 4294967295,,0,-76.517811,42.449783
2,2,0,-1,,0,0,0,, 4294967295,,0,-76.500514,42.445962
3,3,0,-1,,0,0,0,, 4294967295,,0,-76.501260,42.446884
4,4,0,-1,,0,0,0,, 4294967295,,0,-76.501998,42.447808
5,5,0,-1,,0,0,0,, 4294967295,,0,-76.459537,42.429360
6,6,0,-1,,2,0,0,, 4294967295,,0,-76.459153,42.430044
7,7,0,-1,,2,0,0,, 4294967295,,0,-76.510763,42.423374
8,8,0,-1,,0,0,0,, 4294967295,,0,-76.508931,42.424303
9,9,0,-1,,0,0,0,, 4294967295,,0,-76.495125,42.431392
10,10,0,-1,,2,0,0,, 4294967295,,0,-76.495108,42.430864
11,11,0,-1,,0,0,0,, 4294967295,,0,-76.503453,42.430682
12,12,0,-1,,0,0,0,, 4294967295,,0,-76.503551,42.431798
13,13,0,-1,,0,0,0,, 4294967295,,0,-76.533382,42.413648
14,14,0,-1,,0,0,0,, 4294967295,,0,-76.534425,42.414877
15,15,0,-1,,0,0,0,, 4294967295,,0,-76.478747,42.474136
16,16,0,-1,,0,0,0,, 4294967295,,0,-76.477338,42.474947
17,17,0,-1,,0,0,0,, 4294967295,,0,-76.476072,42.475076
18,18,0,-1,,0,0,0,, 4294967295,,0,-76.474654,42.475036
19,19,0,-1,,0,0,0,, 4294967295,,0,-76.472586,42.475927
20,20,0,-1,,0,0,0,, 4294967295,,0,-76.472133,42.478438
21,21,0,-1,,0,0,0,, 4294967295,,0,-76.441667,42.432012
22,22,0,-1,,0,0,0,, 4294967295,,0,-76.443234,42.442829
23,23,0,-1,,0,0,0,, 4294967295,,0,-76.441265,42.448888
24,24,0,-1,,2,0,0,, 4294967295,,0,-76.441283,42.448308
25,25,0,-1,,0,0,0,, 4294967295,,0,-76.497028,42.443888
26,26,0,-1,,0,0,0,, 4294967295,,0,-76.499270,42.444809
27,27,0,-1,,0,0,0,, 4294967295,,0,-76.490697,42.464224
28,28,0,-1,,0,0,0,, 4294967295,,0,-76.492285,42.462521
29,29,0,-1,,0,0,0,, 4294967295,,0,-76.494085,42.463661
30,30,0,-1,,0,0,0,, 4294967295,,0,-76.494891,42.463719
31,31,0,-1,,0,0,0,, 4294967295,,0,-76.494697,42.464638
32,32,0,-1,,0,0,0,, 4294967295,,0,-76.528740,42.459995
33,33,0,-1,,0,0,0,, 4294967295,,0,-76.526903,42.460307
34,34,0,-1,,0,0,0,, 4294967295,,0,-76.526763,42.459946
35,35,0,-1,,0,0,0,, 4294967295,,0,-76.490718,42.455421
36,36,0,-1,,0,0,0,, 4294967295,,0,-76.492104,42.456056
37,37,0,-1,,0,0,0,, 4294967295,,0,-76.479124,42.481521
38,38,0,-1,,0,0,0,, 4294967295,,0,-76.482260,42.481515
39,39,0,-1,,0,0,0,, 4294967295,,0,-76.484503,42.481969
40,40,0,-1,,0,0,0,, 4294967295,,0,-76.484794,42.481375
41,41,0,-1,,0,0,0,, 4294967295,,0,-76.550946,42.409161
42,42,0,-1,,2,0,1,, 72,,0,-76.559853,42.411784
43,43,0,-1,,0,0,0,, 4294967295,,0,-76.511289,42.492394
44,44,0,-1,,2,0,1,, 24,,0,-76.511691,42.490344
45,45,0,-1,,2,0,0,, 4294967295,,0,-76.475725,42.448511
46,46,0,-1,,0,0,0,, 4294967295,,0,-76.474388,42.448532
47,47,0,-1,,0,0,0,, 4294967295,,0,-76.473463,42.437740
48,48,0,-1,,0,0,0,, 4294967295,,0,-76.474376,42.438974
49,49,0,-1,,0,0,0,, 4294967295,,0,-76.536414,42.435987
50,50,0,-1,,2,0,0,, 4294967295,,0,-76.536477,42.437873
51,51,0,-1,,0,0,0,, 4294967295,,0,-76.517811,42.454648
52,52,0,-1,,0,0,0,, 4294967295,,0,-76.516058,42.455539
53,53,0,-1,,0,0,1,, 44,,0,-76.513474,42.457232
54,54,0,-1,,0,0,0,, 4294967295,,0,-76.512845,42.457656
55,55,0,-1,,0,0,0,, 4294967295,,0,-76.488615,42.480646
56,56,0,-1,,0,0,0,, 4294967295,,0,-76.485379,42.480621
57,57,0,-1,,0,0,0,, 4294967295,,0,-76.499189,42.477685
58,58,0,-1,,0,0,0,, 4294967295,,0,-76.495035,42.479824
59,59,0,-1,,0,0,0,, 4294967295,,0,-76.498750,42.478429
60,60,0,-1,,0,0,0,, 4294967295,,0,-76.499235,42.477873
61,61,0,-1,,0,0,0,, 4294967295,,0,-76.552876,42.447859
62,62,0,-1,,2,0,0,, 4294967295,,0,-76.551830,42.451683
63,63,0,-1,,2,0,0,, 4294967295,,0,-76.438650,42.429772
64,64,0,-1,,0,0,0,, 4294967295,,0,-76.438731,42.431518
65,65,0,-1,,2,0,0,, 4294967295,,0,-76.478524,42.457850
66,66,0,-1,,0,0,0,, 4294967295,,0,-76.478330,42.456813
67,67,0,-1,,0,0,0,, 4294967295,,0,-76.514000,42.433007
68,68,0,-1,,0,0,0,, 4294967295,,0,-76.514151,42.433005
69,69,0,-1,,0,0,0,, 4294967295,,0,-76.514919,42.433026
70,70,0,-1,,0,0,0,, 4294967295,,0,-76.515067,42.433047
71,71,0,-1,,0,0,0,, 4294967295,,0,-76.508629,42.444954
72,72,0,-1,,0,0,0,, 4294967295,,0,-76.508335,42.445092
73,73,0,-1,,0,0,0,, 4294967295,,0,-76.514487,42.432289
74,74,0,-1,,0,0,0,, 4294967295,,0,-76.513259,42.432391
75,75,0,-1,,0,0,0,, 4294967295,,0,-76.513124,42.432460
76,76,0,-1,,0,0,0,, 4294967295,,0,-76.512405,42.432798
77,77,0,-1,,0,0,0,, 4294967295,,0,-76.481283,42.489610
78,78,0,-1,,2,0,0,, 4294967295,,0,-76.478622,42.489671
79,79,0,-1,,0,0,0,, 4294967295,,0,-76.513280,42.453837
80,80,0,-1,,0,0,0,, 4294967295,,0,-76.513641,42.454720
81,81,0,-1,,0,0,0,, 4294967295,,0,-76.505572,42.452515
82,82,0,-1,,0,0,0,, 4294967295,,0,-76.504540,42.453009
83,83,0,-1,,0,0,0,, 4294967295,,0,-76.499082,42.463102
84,84,0,-1,,0,0,0,, 4294967295,,0,-76.500436,42.462301
85,85,0,-1,,0,0,0,, 4294967295,,0,-76.498508,42.479841
86,86,0,-1,,0,0,0,, 4294967295,,0,-76.497683,42.479213
87,87,0,-1,,0,0,0,, 4294967295,,0,-76.518013,42.407038
88,88,0,-1,,2,0,0,, 4294967295,,0,-76.516456,42.406925
89,89,0,-1,,0,0,0,, 4294967295,,0,-76.518025,42.406410
90,90,0,-1,,2,0,0,, 4294967295,,0,-76.516964,42.406422
91,91,0,-1,,0,0,0,, 4294967295,,0,-76.514896,42.453558
92,92,0,-1,,0,0,0,, 4294967295,,0,-76.515510,42.453251
93,93,0,-1,,2,0,0,, 4294967295,,0,-76.466524,42.441764
94,94,0,-1,,0,0,0,, 4294967295,,0,-76.468696,42.442052
95,95,0,-1,,2,0,0,, 4294967295,,0,-76.504200,42.472851
96,96,0,-1,,0,0,1,, 34,,0,-76.505254,42.474728
97,97,0,-1,,2,0,0,, 4294967295,,0,-76.500503,42.466754
98,98,0,-1,,0,0,0,, 4294967295,,0,-76.500355,42.467138
99,99,0,-1,,0,0,0,, 4294967295,,0,-76.518641,42.438362
100,100,0,-1,,0,0,0,, 4294967295,,0,-76.519244,42.438405
101,101,0,-1,,0,0,0,, 4294967295,,0,-76.474416,42.447986
102,102,0,-1,,0,0,0,, 4294967295,,0,-76.474446,42.447572
103,103,0,-1,,0,0,0,, 4294967295,,0,-76.473756,42.447570
104,104,0,-1,,0,0,0,, 4294967295,,0,-76.473757,42.447987
105,105,0,-1,,0,0,0,, 4294967295,,0,-76.471917,42.450554
106,106,0,-1,,0,0,0,, 4294967295,,0,-76.471416,42.451694
107,107,0,-1,,0,0,0,, 4294967295,,0,-76.488401,42.445319
108,108,0,-1,,2,0,0,, 4294967295,,0,-76.489646,42.446237
109,109,0,-1,,0,0,0,, 4294967295,,0,-76.508626,42.445242
110,110,0,-1,,0,0,0,, 4294967295,,0,-76.499827,42.461709
111,111,0,-1,,0,0,0,, 4294967295,,0,-76.498416,42.462872
112,112,0,-1,,0,0,0,, 4294967295,,0,-76.498467,42.462979
113,113,0,-1,,0,0,0,, 4294967295,,0,-76.498448,42.466199
114,114,0,-1,,0,0,0,, 4294967295,,0,-76.483240,42.480171
115,115,0,-1,,0,0,0,, 4294967295,,0,-76.483179,42.480739
116,116,0,-1,,0,0,0,, 4294967295,,0,-76.506334,42.453482
117,117,0,-1,,0,0,0,, 4294967295,,0,-76.504880,42.453968
118,118,0,-1,,2,0,0,, 4294967295,,0,-76.503881,42.456551
119,119,0,-1,,0,0,0,, 4294967295,,0,-76.470384,42.443716
120,120,0,-1,,0,0,0,, 4294967295,,0,-76.470431,42.444165
121,121,0,-1,,0,0,0,, 4294967295,,0,-76.527245,42.426599
122,122,0,-1,,0,0,0,, 4294967295,,0,-76.523593,42.426649
123,123,0,-1,,2,0,0,, 4294967295,,0,-76.523323,42.426634
124,124,0,-1,,0,0,0,, 4294967295,,0,-76.442422,42.450353
125,125,0,-1,,0,0,0,, 4294967295,,0,-76.442887,42.451411
126,126,0,-1,,0,0,0,, 4294967295,,0,-76.441497,42.451529
127,127,0,-1,,1,0,0,, 4294967295,,0,-76.497008,42.433115
128,128,0,-1,,0,0,0,, 4294967295,,0,-76.501288,42.429237
129,129,0,-1,,0,0,0,, 4294967295,,0,-76.508183,42.435686
130,130,0,-1,,0,0,0,, 4294967295,,0,-76.509485,42.436071
131,131,0,-1,,0,0,0,, 4294967295,,0,-76.478589,42.455538
132,132,0,-1,,0,0,0,, 4294967295,,0,-76.474764,42.434559
133,133,0,-1,,2,0,0,, 4294967295,,0,-76.474801,42.435121
134,134,0,-1,,0,0,0,, 4294967295,,0,-76.483559,42.486747
135,135,0,-1,,0,0,0,, 4294967295,,0,-76.483625,42.487629
136,136,0,-1,,2,0,0,, 4294967295,,0,-76.483648,42.488065
137,137,0,-1,,0,0,0,, 4294967295,,0,-76.490159,42.465115
138,138,0,-1,,0,0,0,, 4294967295,,0,-76.486621,42.463732
139,139,0,-1,,0,0,0,, 4294967295,,0,-76.484095,42.464589
140,140,0,-1,,0,0,0,, 4294967295,,0,-76.479894,42.469781
141,141,0,-1,,0,0,0,, 4294967295,,0,-76.485812,42.491151
142,142,0,-1,,2,0,1,, 25,,0,-76.485623,42.489843
143,143,0,-1,,0,0,0,, 4294967295,,0,-76.466193,42.427090
144,144,0,-1,,0,0,0,, 4294967295,,0,-76.467221,42.426195
145,145,0,-1,,0,0,0,, 4294967295,,0,-76.502231,42.452742
146,146,0,-1,,0,0,0,, 4294967295,,0,-76.500842,42.454483
147,147,0,-1,,0,0,0,, 4294967295,,0,-76.484182,42.436815
148,148,0,-1,,0,0,0,, 4294967295,,0,-76.484868,42.436477
149,149,0,-1,,0,0,0,, 4294967295,,0,-76.488340,42.437549
150,150,0,-1,,0,0,0,, 4294967295,,0,-76.488512,42.438677
151,151,0,-1,,0,0,0,, 4294967295,,0,-76.507662,42.426454
152,152,0,-1,,0,0,0,, 4294967295,,0,-76.507801,42.428376
153,153,0,-1,,0,0,0,, 4294967295,,0,-76.508267,42.428216
154,154,0,-1,,0,0,0,, 4294967295,,0,-76.508126,42.428443
155,155,0,-1,,0,0,0,, 4294967295,,0,-76.469570,42.429493
156,156,0,-1,,0,0,0,, 4294967295,,0,-76.469626,42.430093
157,157,0,-1,,0,0,0,, 4294967295,,0,-76.470001,42.430869
158,158,0,-1,,0,0,0,, 4294967295,,0,-76.470947,42.432266
159,159,0,-1,,0,0,0,, 4294967295,,0,-76.474319,42.437767
160,160,0,-1,,0,0,0,, 4294967295,,0,-76.480228,42.474698
161,161,0,-1,,2,0,0,, 4294967295,,0,-76.480050,42.473633
162,162,0,-1,,2,0,0,, 4294967295,,0,-76.463342,42.469645
163,163,0,-1,,0,0,0,, 4294967295,,0,-76.464604,42.469815
164,164,0,-1,,0,0,0,, 4294967295,,0,-76.495269,42.429228
165,165,0,-1,,0,0,0,, 4294967295,,0,-76.495497,42.429634
166,166,0,-1,,0,0,0,, 4294967295,,0,-76.492420,42.430467
167,167,0,-1,,0,0,0,, 4294967295,,0,-76.475785,42.443335
168,168,0,-1,,0,0,0,, 4294967295,,0,-76.476279,42.443251
169,169,0,-1,,0,0,0,, 4294967295,,0,-76.442247,42.450324
170,170,0,-1,,0,0,0,, 4294967295,,0,-76.442114,42.449203
171,171,0,-1,,0,0,0,, 4294967295,,0,-76.440360,42.449011
172,172,0,-1,,2,0,0,, 4294967295,,0,-76.440930,42.449981
173,173,0,-1,,0,0,0,, 4294967295,,0,-76.440414,42.450010
174,174,0,-1,,2,0,0,, 4294967295,,0,-76.440113,42.450025
175,175,0,-1,,0,0,0,, 4294967295,,0,-76.465048,42.436462
176,176,0,-1,,0,0,0,, 4294967295,,0,-76.472526,42.437700
177,177,0,-1,,0,0,0,, 4294967295,,0,-76.474455,42.437768
178,178,0,-1,,0,0,0,, 4294967295,,0,-76.485039,42.437651
179,179,0,-1,,0,0,0,, 4294967295,,0,-76.485849,42.437394
180,180,0,-1,,0,0,0,, 4294967295,,0,-76.486090,42.437273
181,181,0,-1,,0,0,0,, 4294967295,,0,-76.521999,42.440862
182,182,0,-1,,2,0,0,, 4294967295,,0,-76.522686,42.440714
183,183,0,-1,,0,0,0,, 4294967295,,0,-76.468139,42.458782
184,184,0,-1,,2,0,0,, 4294967295,,0,-76.458322,42.461484
185,185,0,-1,,0,0,0,, 4294967295,,0,-76.433411,42.454654
186,186,0,-1,,0,0,0,, 4294967295,,0,-76.432212,42.454219
187,187,0,-1,,0,0,0,, 4294967295,,0,-76.495617,42.419817
188,188,0,-1,,0,0,0,, 4294967295,,0,-76.495616,42.419966
189,189,0,-1,,0,0,0,, 4294967295,,0,-76.505737,42.441108
190,190,0,-1,,0,0,0,, 4294967295,,0,-76.505805,42.442400
191,191,0,-1,,0,0,0,, 4294967295,,0,-76.505852,42.443309
192,192,0,-1,,0,0,0,, 4294967295,,0,-76.505908,42.444401
193,193,0,-1,,0,0,0,, 4294967295,,0,-76.491672,42.473158
194,194,0,-1,,0,0,0,, 4294967295,,0,-76.494582,42.474237
195,195,0,-1,,0,0,0,, 4294967295,,0,-76.480909,42.419183
196,196,0,-1,,0,0,0,, 4294967295,,0,-76.480975,42.419169
197,197,0,-1,,0,0,0,, 4294967295,,0,-76.481456,42.418730
198,198,0,-1,,0,0,0,, 4294967295,,0,-76.488608,42.440702
199,199,0,-1,,0,0,0,, 4294967295,,0,-76.488652,42.441602
200,200,0,-1,,0,0,0,, 4294967295,,0,-76.483858,42.423440
201,201,0,-1,,0,0,0,, 4294967295,,0,-76.482482,42.422644
202,202,0,-1,,0,0,0,, 4294967295,,0,-76.487668,42.449120
203,203,0,-1,,0,0,0,, 4294967295,,0,-76.487360,42.446363
204,204,0,-1,,0,0,0,, 4294967295,,0,-76.487731,42.449602
205,205,0,-1,,0,0,0,, 4294967295,,0,-76.487675,42.449177
206,206,0,-1,,0,0,0,, 4294967295,,0,-76.487596,42.444700
207,207,0,-1,,0,0,0,, 4294967295,,0,-76.487578,42.443915
208,208,0,-1,,0,0,0,, 4294967295,,0,-76.498973,42.438635
209,209,0,-1,,0,0,0,, 4294967295,,0,-76.497643,42.438671
210,210,0,-1,,0,0,0,, 4294967295,,0,-76.496797,42.436941
211,211,0,-1,,0,0,0,, 4294967295,,0,-76.498822,42.435211
212,212,0,-1,,0,0,0,, 4294967295,,0,-76.483357,42.460434
213,213,0,-1,,0,0,0,, 4294967295,,0,-76.483215,42.459823
214,214,0,-1,,0,0,0,, 4294967295,,0,-76.483240,42.459724
215,215,0,-1,,0,0,0,, 4294967295,,0,-76.458726,42.468469
216,216,0,-1,,0,0,0,, 4294967295,,0,-76.455447,42.468482
217,217,0,-1,,0,0,0,, 4294967295,,0,-76.481294,42.456306
218,218,0,-1,,0,0,0,, 4294967295,,0,-76.482103,42.458642
219,219,0,-1,,0,0,0,, 4294967295,,0,-76.482010,42.460532
220,220,0,-1,,0,0,0,, 4294967295,,0,-76.482689,42.461304
221,221,0,-1,,0,0,0,, 4294967295,,0,-76.462126,42.448085
222,222,0,-1,,0,0,0,, 4294967295,,0,-76.464993,42.448455
223,223,0,-1,,0,0,0,, 4294967295,,0,-76.482757,42.447577
224,224,0,-1,,0,0,0,, 4294967295,,0,-76.482621,42.445169
225,225,0,-1,,0,0,0,, 4294967295,,0,-76.473557,42.455364
226,226,0,-1,,0,0,0,, 4294967295,,0,-76.481110,42.452580
227,227,0,-1,,0,0,0,, 4294967295,,0,-76.475082,42.431289
228,228,0,-1,,0,0,0,, 4294967295,,0,-76.477202,42.432231
229,229,0,-1,,0,0,0,, 4294967295,,0,-76.478320,42.432732
230,230,0,-1,,0,0,0,, 4294967295,,0,-76.479550,42.433353
231,231,0,-1,,0,0,0,, 4294967295,,0,-76.482049,42.434766
232,232,0,-1,,0,0,0,, 4294967295,,0,-76.484482,42.436225
233,233,0,-1,,0,0,0,, 4294967295,,0,-76.485131,42.436662
234,234,0,-1,,2,0,0,, 4294967295,,0,-76.493769,42.482377
235,235,0,-1,,0,0,0,, 4294967295,,0,-76.493784,42.482834
236,236,0,-1,,2,0,0,, 4294967295,,0,-76.493930,42.483230
237,237,0,-1,,0,0,0,, 4294967295,,0,-76.494341,42.482773
238,238,0,-1,,2,0,0,, 4294967295,,0,-76.501951,42.452649
239,239,0,-1,,0,0,0,, 4294967295,,0,-76.499777,42.452709
240,240,0,-1,,0,0,0,, 4294967295,,0,-76.486626,42.456383
241,241,0,-1,,0,0,1,, 45,,0,-76.487002,42.456536
242,242,0,-1,,0,0,0,, 4294967295,,0,-76.487219,42.456678
243,243,0,-1,,0,0,0,, 4294967295,,0,-76.486039,42.456229
244,244,0,-1,,0,0,0,, 4294967295,,0,-76.486411,42.458323
245,245,0,-1,,0,0,0,, 4294967295,,0,-76.483684,42.453641
246,246,0,-1,,0,0,0,, 4294967295,,0,-76.483801,42.454574
247,247,0,-1,,0,0,0,, 4294967295,,0,-76.483855,42.455087
248,248,0,-1,,2,0,0,, 4294967295,,0,-76.502039,42.478820
249,249,0,-1,,0,0,0,, 4294967295,,0,-76.503493,42.480429
250,250,0,-1,,0,0,0,, 4294967295,,0,-76.483180,42.439137
251,251,0,-1,,0,0,0,, 4294967295,,0,-76.481640,42.439450
252,252,0,-1,,0,0,0,, 4294967295,,0,-76.492259,42.436750
253,253,0,-1,,0,0,0,, 4294967295,,0,-76.494736,42.436682
254,254,0,-1,,0,0,0,, 4294967295,,0,-76.500605,42.447169
255,255,0,-1,,0,0,0,, 4294967295,,0,-76.500739,42.448339
256,256,0,-1,,0,0,0,, 4294967295,,0,-76.505780,42.445466
257,257,0,-1,,0,0,0,, 4294967295,,0,-76.504749,42.445953
258,258,0,-1,,0,0,0,, 4294967295,,0,-76.469892,42.469216
259,259,0,-1,,0,0,0,, 4294967295,,0,-76.473708,42.471005
260,260,0,-1,,0,0,0,, 4294967295,,0,-76.490517,42.432045
261,261,0,-1,,2,0,0,, 4294967295,,0,-76.490606,42.432533
262,262,0,-1,,0,0,0,, 4294967295,,0,-76.507183,42.448974
263,263,0,-1,,2,0,0,, 4294967295,,0,-76.510341,42.445948
264,264,0,-1,,0,0,0,, 4294967295,,0,-76.501766,42.440318
265,265,0,-1,,0,0,0,, 4294967295,,0,-76.501721,42.439459
266,266,0,-1,,2,0,0,, 4294967295,,0,-76.536997,42.469860
267,267,0,-1,,2,0,0,, 4294967295,,0,-76.537506,42.471408
268,268,0,-1,,0,0,0,, 4294967295,,0,-76.506134,42.439324
269,269,0,-1,,0,0,0,, 4294967295,,0,-76.506179,42.440184
270,270,0,-1,,0,0,0,, 4294967295,,0,-76.506224,42.441097
271,271,0,-1,,0,0,0,, 4294967295,,0,-76.492084,42.449709
272,272,0,-1,,0,0,0,, 4294967295,,0,-76.494629,42.452165
273,273,0,-1,,0,0,0,, 4294967295,,0,-76.515266,42.441687
274,274,0,-1,,2,0,0,, 4294967295,,0,-76.514612,42.443991
275,275,0,-1,,0,0,0,, 4294967295,,0,-76.490252,42.467177
276,276,0,-1,,0,0,0,, 4294967295,,0,-76.488932,42.468603
277,277,0,-1,,0,0,0,, 4294967295,,0,-76.488125,42.470386
278,278,0,-1,,0,0,0,, 4294967295,,0,-76.484459,42.470825
279,279,0,-1,,0,0,0,, 4294967295,,0,-76.483093,42.442538
280,280,0,-1,,2,0,0,, 4294967295,,0,-76.483061,42.441750
281,281,0,-1,,0,0,0,, 4294967295,,0,-76.490774,42.470326
282,282,0,-1,,0,0,0,, 4294967295,,0,-76.490712,42.469986
283,283,0,-1,,0,0,0,, 4294967295,,0,-76.431372,42.486558
284,284,0,-1,,2,0,0,, 4294967295,,0,-76.433099,42.516426
285,285,0,-1,,0,0,0,, 4294967295,,0,-76.490511,42.468372
286,286,0,-1,,0,0,0,, 4294967295,,0,-76.489171,42.471387
287,287,0,-1,,0,0,0,, 4294967295,,0,-76.484192,42.471310
288,288,0,-1,,0,0,0,, 4294967295,,0,-76.480331,42.470119
289,289,0,-1,,2,0,0,, 4294967295,,0,-76.493319,42.421138
290,290,0,-1,,0,0,0,, 4294967295,,0,-76.489280,42.426135
291,291,0,-1,,0,0,0,, 4294967295,,0,-76.498901,42.419599
292,292,0,-1,,0,0,0,, 4294967295,,0,-76.496352,42.420442
293,293,0,-1,,0,0,0,, 4294967295,,0,-76.513970,42.445422
294,294,0,-1,,0,0,0,, 4294967295,,0,-76.512835,42.448772
295,295,0,-1,,0,0,0,, 4294967295,,0,-76.513306,42.451973
296,296,0,-1,,0,0,0,, 4294967295,,0,-76.470128,42.453278
297,297,0,-1,,0,0,0,, 4294967295,,0,-76.455495,42.469436
298,298,0,-1,,0,0,0,, 4294967295,,0,-76.455536,42.470395
299,299,0,-1,,0,0,0,, 4294967295,,0,-76.455582,42.471358
300,300,0,-1,,0,0,0,, 4294967295,,0,-76.495387,42.425205
301,301,0,-1,,0,0,0,, 4294967295,,0,-76.497020,42.428541
302,302,0,-1,,0,0,0,, 4294967295,,0,-76.499411,42.421478
303,303,0,-1,,0,0,0,, 4294967295,,0,-76.498524,42.421513
304,304,0,-1,,0,0,0,, 4294967295,,0,-76.487873,42.445723
305,305,0,-1,,2,0,0,, 4294967295,,0,-76.488538,42.446719
306,306,0,-1,,0,0,0,, 4294967295,,0,-76.486725,42.459624
307,307,0,-1,,0,0,0,, 4294967295,,0,-76.463288,42.480512
308,308,0,-1,,0,0,0,, 4294967295,,0,-76.463219,42.478703
309,309,0,-1,,2,0,0,, 4294967295,,0,-76.484947,42.458468
310,310,0,-1,,0,0,0,, 4294967295,,0,-76.471257,42.471878
311,311,0,-1,,0,0,0,, 4294967295,,0,-76.471292,42.473066
312,312,0,-1,,0,0,0,, 4294967295,,0,-76.471327,42.474065
313,313,0,-1,,0,0,0,, 4294967295,,0,-76.478615,42.474033
314,314,0,-1,,2,0,0,, 4294967295,,0,-76.484957,42.383923
315,315,0,-1,,0,0,0,, 4294967295,,0,-76.482999,42.403333
316,316,0,-1,,0,0,0,, 4294967295,,0,-76.496558,42.459015
317,317,0,-1,,0,0,0,, 4294967295,,0,-76.496258,42.459960
318,318,0,-1,,0,0,0,, 4294967295,,0,-76.495217,42.458559
319,319,0,-1,,0,0,0,, 4294967295,,0,-76.494862,42.462729
320,320,0,-1,,0,0,0,, 4294967295,,0,-76.468579,42.471917
321,321,0,-1,,0,0,0,, 4294967295,,0,-76.466531,42.471956
322,322,0,-1,,0,0,0,, 4294967295,,0,-76.485175,42.423086
323,323,0,-1,,0,0,0,, 4294967295,,0,-76.482525,42.423519
324,324,0,-1,,2,0,0,, 4294967295,,0,-76.482062,42.423559
325,325,0,-1,,0,0,0,, 4294967295,,0,-76.524852,42.429908
326,326,0,-1,,0,0,0,, 4294967295,,0,-76.518305,42.436136
327,327,0,-1,,0,0,0,, 4294967295,,0,-76.515384,42.441030
328,328,0,-1,,0,0,0,, 4294967295,,0,-76.515170,42.441200
329,329,0,-1,,0,0,0,, 4294967295,,0,-76.552945,42.489081
330,330,0,-1,,2,0,1,, 22,,0,-76.560456,42.489078
331,331,0,-1,,0,0,0,, 4294967295,,0,-76.504963,42.444439
332,332,0,-1,,0,0,0,, 4294967295,,0,-76.505429,42.445021
333,333,0,-1,,0,0,0,, 4294967295,,0,-76.506185,42.445952
334,334,0,-1,,2,0,0,, 4294967295,,0,-76.506916,42.446856
335,335,0,-1,,0,0,0,, 4294967295,,0,-76.456976,42.477204
336,336,0,-1,,0,0,0,, 4294967295,,0,-76.457627,42.477253
337,337,0,-1,,0,0,0,, 4294967295,,0,-76.457536,42.475525
338,338,0,-1,,0,0,0,, 4294967295,,0,-76.479804,42.445494
339,339,0,-1,,0,0,0,, 4294967295,,0,-76.479765,42.447607
340,340,0,-1,,0,0,0,, 4294967295,,0,-76.504866,42.460441
341,341,0,-1,,0,0,0,, 4294967295,,0,-76.501203,42.462152
342,342,0,-1,,0,0,0,, 4294967295,,0,-76.501210,42.462270
343,343,0,-1,,0,0,0,, 4294967295,,0,-76.501620,42.463187
344,344,0,-1,,0,0,0,, 4294967295,,0,-76.480814,42.438439
345,345,0,-1,,0,0,0,, 4294967295,,0,-76.481153,42.438727
346,346,0,-1,,0,0,0,, 4294967295,,0,-76.483213,42.438286
347,347,0,-1,,2,0,1,, 57,,0,-76.429027,42.444891
348,348,0,-1,,0,0,0,, 4294967295,,0,-76.442902,42.444114
349,349,0,-1,,0,0,0,, 4294967295,,0,-76.448941,42.444700
350,350,0,-1,,2,0,0,, 4294967295,,0,-76.453439,42.471583
351,351,0,-1,,0,0,0,, 4294967295,,0,-76.454279,42.471406
352,352,0,-1,,0,0,0,, 4294967295,,0,-76.456885,42.471371
353,353,0,-1,,0,0,0,, 4294967295,,0,-76.453079,42.421976
354,354,0,-1,,0,0,0,, 4294967295,,0,-76.452710,42.423296
355,355,0,-1,,0,0,0,, 4294967295,,0,-76.452191,42.424228
356,356,0,-1,,0,0,0,, 4294967295,,0,-76.461919,42.473940
357,357,0,-1,,0,0,0,, 4294967295,,0,-76.461630,42.467225
358,358,0,-1,,0,0,0,, 4294967295,,0,-76.489555,42.479282
359,359,0,-1,,2,0,0,, 4294967295,,0,-76.489362,42.479611
360,360,0,-1,,0,0,0,, 4294967295,,0,-76.500999,42.446995
361,361,0,-1,,0,0,0,, 4294967295,,0,-76.499417,42.447225
362,362,0,-1,,2,0,0,, 4294967295,,0,-76.522647,42.433649
363,363,0,-1,,0,0,0,, 4294967295,,0,-76.520619,42.435477
364,364,0,-1,,0,0,0,, 4294967295,,0,-76.519386,42.438019
365,365,0,-1,,0,0,0,, 4294967295,,0,-76.521507,42.454503
366,366,0,-1,,0,0,0,, 4294967295,,0,-76.522695,42.454658
367,367,0,-1,,0,0,0,, 4294967295,,0,-76.524179,42.455334
368,368,0,-1,,0,0,0,, 4294967295,,0,-76.525653,42.455708
369,369,0,-1,,2,0,0,, 4294967295,,0,-76.526467,42.456247
370,370,0,-1,,0,0,0,, 4294967295,,0,-76.467012,42.478629
371,371,0,-1,,0,0,0,, 4294967295,,0,-76.466558,42.478633
372,372,0,-1,,0,0,0,, 4294967295,,0,-76.504429,42.487455
373,373,0,-1,,0,0,0,, 4294967295,,0,-76.488606,42.488109
374,374,0,-1,,0,0,0,, 4294967295,,0,-76.454166,42.468453
375,375,0,-1,,2,0,0,, 4294967295,,0,-76.453296,42.468424
376,376,0,-1,,0,0,0,, 4294967295,,0,-76.501388,42.432044
377,377,0,-1,,0,0,0,, 4294967295,,0,-76.501398,42.432825
378,378,0,-1,,0,0,0,, 4294967295,,0,-76.501418,42.433518
379,379,0,-1,,0,0,0,, 4294967295,,0,-76.501457,42.434181
380,380,0,-1,,0,0,0,, 4294967295,,0,-76.501458,42.434253
381,381,0,-1,,0,0,0,, 4294967295,,0,-76.458243,42.474924
382,382,0,-1,,0,0,0,, 4294967295,,0,-76.456934,42.474944
383,383,0,-1,,2,0,0,, 4294967295,,0,-76.480391,42.434825
384,384,0,-1,,0,0,0,, 4294967295,,0,-76.478421,42.436270
385,385,0,-1,,0,0,0,, 4294967295,,0,-76.482545,42.436151
386,386,0,-1,,0,0,0,, 4294967295,,0,-76.481623,42.436650
387,387,0,-1,,0,0,0,, 4294967295,,0,-76.478673,42.437098
388,388,0,-1,,2,0,0,, 4294967295,,0,-76.490864,42.430182
389,389,0,-1,,0,0,0,, 4294967295,,0,-76.492333,42.430304
390,390,0,-1,,0,0,0,, 4294967295,,0,-76.491192,42.429141
391,391,0,-1,,0,0,0,, 4294967295,,0,-76.491573,42.429545
392,392,0,-1,,0,0,0,, 4294967295,,0,-76.456832,42.472300
393,393,0,-1,,0,0,0,, 4294967295,,0,-76.458204,42.474018
394,394,0,-1,,0,0,0,, 4294967295,,0,-76.492109,42.439274
395,395,0,-1,,0,0,0,, 4294967295,,0,-76.492176,42.440601
396,396,0,-1,,0,0,0,, 4294967295,,0,-76.492206,42.441506
397,397,0,-1,,0,0,0,, 4294967295,,0,-76.505553,42.429498
398,398,0,-1,,2,0,0,, 4294967295,,0,-76.445799,42.472207
399,399,0,-1,,0,0,0,, 4294967295,,0,-76.450265,42.472145
400,400,0,-1,,0,0,0,, 4294967295,,0,-76.498040,42.442623
401,401,0,-1,,0,0,0,, 4294967295,,0,-76.498121,42.444162
402,402,0,-1,,0,0,0,, 4294967295,,0,-76.454818,42.482842
403,403,0,-1,,0,0,0,, 4294967295,,0,-76.457248,42.485357
404,404,0,-1,,0,0,0,, 4294967295,,0,-76.499877,42.454189
405,405,0,-1,,2,0,0,, 4294967295,,0,-76.500660,42.454331
406,406,0,-1,,2,0,0,, 4294967295,,0,-76.477479,42.449438
407,407,0,-1,,0,0,0,, 4294967295,,0,-76.479642,42.449516
408,408,0,-1,,0,0,0,, 4294967295,,0,-76.497838,42.452788
409,409,0,-1,,0,0,0,, 4294967295,,0,-76.497886,42.453504
410,410,0,-1,,0,0,0,, 4294967295,,0,-76.524663,42.456626
411,411,0,-1,,0,0,0,, 4294967295,,0,-76.524195,42.456853
412,412,0,-1,,0,0,0,, 4294967295,,0,-76.507220,42.410051
413,413,0,-1,,0,0,0,, 4294967295,,0,-76.513581,42.410291
414,414,0,-1,,0,0,0,, 4294967295,,0,-76.513833,42.410240
415,415,0,-1,,2,0,0,, 4294967295,,0,-76.483489,42.414976
416,416,0,-1,,0,0,0,, 4294967295,,0,-76.480462,42.417861
417,417,0,-1,,0,0,0,, 4294967295,,0,-76.501831,42.431807
418,418,0,-1,,0,0,0,, 4294967295,,0,-76.481988,42.478179
419,419,0,-1,,0,0,0,, 4294967295,,0,-76.481644,42.478188
420,420,0,-1,,0,0,0,, 4294967295,,0,-76.466657,42.465719
421,421,0,-1,,0,0,0,, 4294967295,,0,-76.468894,42.465658
422,422,0,-1,,0,0,0,, 4294967295,,0,-76.470552,42.465597
423,423,0,-1,,2,0,0,, 4294967295,,0,-76.472124,42.465554
424,424,0,-1,,0,0,1,, 66,,0,-76.461577,42.422383
425,425,0,-1,,0,0,0,, 4294967295,,0,-76.462491,42.429701
426,426,0,-1,,0,0,0,, 4294967295,,0,-76.469903,42.442892
427,427,0,-1,,0,0,0,, 4294967295,,0,-76.469049,42.441886
428,428,0,-1,,0,0,0,, 4294967295,,0,-76.466632,42.440503
429,429,0,-1,,0,0,0,, 4294967295,,0,-76.502813,42.476530
430,430,0,-1,,0,0,0,, 4294967295,,0,-76.500528,42.477449
431,431,0,-1,,0,0,0,, 4294967295,,0,-76.502855,42.476415
432,432,0,-1,,0,0,0,, 4294967295,,0,-76.533785,42.436067
433,433,0,-1,,0,0,0,, 4294967295,,0,-76.533962,42.439186
434,434,0,-1,,0,0,0,, 4294967295,,0,-76.534284,42.448375
435,435,0,-1,,0,0,0,, 4294967295,,0,-76.467830,42.428118
436,436,0,-1,,2,0,0,, 4294967295,,0,-76.465211,42.428531
437,437,0,-1,,0,0,0,, 4294967295,,0,-76.503908,42.450638
438,438,0,-1,,0,0,0,, 4294967295,,0,-76.502948,42.451141
439,439,0,-1,,0,0,0,, 4294967295,,0,-76.475950,42.477596
440,440,0,-1,,0,0,0,, 4294967295,,0,-76.489479,42.487258
441,441,0,-1,,0,0,0,, 4294967295,,0,-76.488140,42.487407
442,442,0,-1,,0,0,0,, 4294967295,,0,-76.499272,42.444939
443,443,0,-1,,0,0,0,, 4294967295,,0,-76.498162,42.444972
444,444,0,-1,,0,0,0,, 4294967295,,0,-76.497088,42.445004
445,445,0,-1,,0,0,0,, 4294967295,,0,-76.495914,42.445037
446,446,0,-1,,0,0,0,, 4294967295,,0,-76.494687,42.445076
447,447,0,-1,,0,0,0,, 4294967295,,0,-76.494573,42.442728
448,448,0,-1,,0,0,0,, 4294967295,,0,-76.494536,42.443168
449,449,0,-1,,0,0,0,, 4294967295,,0,-76.474709,42.433222
450,450,0,-1,,0,0,0,, 4294967295,,0,-76.485184,42.440309
451,451,0,-1,,0,0,1,, 55,,0,-76.487409,42.440256
452,452,0,-1,,0,0,0,, 4294967295,,0,-76.486301,42.453182
453,453,0,-1,,0,0,0,, 4294967295,,0,-76.484710,42.453558
454,454,0,-1,,0,0,0,, 4294967295,,0,-76.526508,42.448776
455,455,0,-1,,0,0,0,, 4294967295,,0,-76.524807,42.451902
456,456,0,-1,,0,0,0,, 4294967295,,0,-76.523273,42.452390
457,457,0,-1,,0,0,0,, 4294967295,,0,-76.492927,42.466099
458,458,0,-1,,0,0,0,, 4294967295,,0,-76.493566,42.466159
459,459,0,-1,,0,0,0,, 4294967295,,0,-76.479485,42.441117
460,460,0,-1,,2,0,0,, 4294967295,,0,-76.479464,42.440540
461,461,0,-1,,0,0,0,, 4294967295,,0,-76.492972,42.476976
462,462,0,-1,,0,0,0,, 4294967295,,0,-76.490671,42.478543
463,463,0,-1,,0,0,0,, 4294967295,,0,-76.490646,42.479582
464,464,0,-1,,0,0,0,, 4294967295,,0,-76.481951,42.451346
465,465,0,-1,,0,0,0,, 4294967295,,0,-76.482079,42.451298
466,466,0,-1,,0,0,0,, 4294967295,,0,-76.477147,42.456718
467,467,0,-1,,0,0,0,, 4294967295,,0,-76.475048,42.456751
468,468,0,-1,,0,0,0,, 4294967295,,0,-76.474152,42.456839
469,469,0,-1,,0,0,0,, 4294967295,,0,-76.500436,42.480982
470,470,0,-1,,2,0,0,, 4294967295,,0,-76.499809,42.480144
471,471,0,-1,,0,0,0,, 4294967295,,0,-76.499690,42.421642
472,472,0,-1,,0,0,0,, 4294967295,,0,-76.501015,42.421826
473,473,0,-1,,0,0,0,, 4294967295,,0,-76.501055,42.421704
474,474,0,-1,,0,0,0,, 4294967295,,0,-76.499731,42.421425
475,475,0,-1,,0,0,0,, 4294967295,,0,-76.525213,42.436267
476,476,0,-1,,0,0,0,, 4294967295,,0,-76.525281,42.435707
477,477,0,-1,,0,0,0,, 4294967295,,0,-76.497182,42.456323
478,478,0,-1,,0,0,0,, 4294967295,,0,-76.497027,42.457460
479,479,0,-1,,0,0,0,, 4294967295,,0,-76.497281,42.460772
480,480,0,-1,,0,0,0,, 4294967295,,0,-76.498060,42.462209
481,481,0,-1,,0,0,0,, 4294967295,,0,-76.498144,42.462368
482,482,0,-1,,0,0,0,, 4294967295,,0,-76.515968,42.436345
483,483,0,-1,,2,0,0,, 4294967295,,0,-76.517895,42.433269
484,484,0,-1,,0,0,0,, 4294967295,,0,-76.492124,42.466646
485,485,0,-1,,0,0,0,, 4294967295,,0,-76.492430,42.466791
486,486,0,-1,,0,0,0,, 4294967295,,0,-76.495559,42.469560
487,487,0,-1,,0,0,0,, 4294967295,,0,-76.492502,42.466569
488,488,0,-1,,0,0,0,, 4294967295,,0,-76.547960,42.459953
489,489,0,-1,,0,0,0,, 4294967295,,0,-76.547724,42.467421
490,490,0,-1,,0,0,0,, 4294967295,,0,-76.450585,42.479231
491,491,0,-1,,0,0,0,, 4294967295,,0,-76.443066,42.450497
492,492,0,-1,,2,0,0,, 4294967295,,0,-76.444347,42.451746
493,493,0,-1,,0,0,0,, 4294967295,,0,-76.481361,42.404904
494,494,0,-1,,0,0,0,, 4294967295,,0,-76.482673,42.407800
495,495,0,-1,,0,0,0,, 4294967295,,0,-76.450198,42.470675
496,496,0,-1,,2,0,0,, 4294967295,,0,-76.447056,42.470975
497,497,0,-1,,0,0,0,, 4294967295,,0,-76.484152,42.466454
498,498,0,-1,,0,0,0,, 4294967295,,0,-76.484300,42.466452
499,499,0,-1,,0,0,0,, 4294967295,,0,-76.499826,42.453442
500,500,0,-1,,0,0,0,, 4294967295,,0,-76.470891,42.430460
501,501,0,-1,,0,0,1,, 36,,0,-76.459880,42.473977
502,502,0,-1,,0,0,0,, 4294967295,,0,-76.446728,42.419946
503,503,0,-1,,0,0,0,, 4294967295,,0,-76.446792,42.420888
504,504,0,-1,,2,0,0,, 4294967295,,0,-76.446806,42.421173
505,505,0,-1,,0,0,0,, 4294967295,,0,-76.509489,42.488701
506,506,0,-1,,0,0,0,, 4294967295,,0,-76.507015,42.488261
507,507,0,-1,,0,0,0,, 4294967295,,0,-76.505101,42.488204
508,508,0,-1,,2,0,0,, 4294967295,,0,-76.520409,42.451676
509,509,0,-1,,0,0,0,, 4294967295,,0,-76.521851,42.452930
510,510,0,-1,,0,0,0,, 4294967295,,0,-76.553748,42.435420
511,511,0,-1,,0,0,0,, 4294967295,,0,-76.537503,42.435954
512,512,0,-1,,0,0,0,, 4294967295,,0,-76.526035,42.436242
513,513,0,-1,,0,0,0,, 4294967295,,0,-76.494290,42.482087
514,514,0,-1,,0,0,0,, 4294967295,,0,-76.494436,42.483154
515,515,0,-1,,0,0,0,, 4294967295,,0,-76.508602,42.444318
516,516,0,-1,,0,0,0,, 4294967295,,0,-76.506886,42.444376
517,517,0,-1,,0,0,0,, 4294967295,,0,-76.506455,42.444396
518,518,0,-1,,0,0,0,, 4294967295,,0,-76.538870,42.467045
519,519,0,-1,,0,0,0,, 4294967295,,0,-76.539465,42.466501
520,520,0,-1,,0,0,1,, 33,,0,-76.540724,42.473811
521,521,0,-1,,0,0,0,, 4294967295,,0,-76.539093,42.468437
522,522,0,-1,,0,0,0,, 4294967295,,0,-76.476403,42.437793
523,523,0,-1,,0,0,0,, 4294967295,,0,-76.476443,42.438930
524,524,0,-1,,0,0,0,, 4294967295,,0,-76.476478,42.439867
525,525,0,-1,,0,0,0,, 4294967295,,0,-76.526182,42.439438
526,526,0,-1,,2,0,0,, 4294967295,,0,-76.483792,42.424745
527,527,0,-1,,0,0,0,, 4294967295,,0,-76.484790,42.426154
528,528,0,-1,,0,0,0,, 4294967295,,0,-76.486007,42.404389
529,529,0,-1,,0,0,0,, 4294967295,,0,-76.485124,42.402500
530,530,0,-1,,2,0,1,, 85,,0,-76.485228,42.399855
531,531,0,-1,,0,0,0,, 4294967295,,0,-76.474971,42.485969
532,532,0,-1,,0,0,0,, 4294967295,,0,-76.474960,42.486446
533,533,0,-1,,0,0,0,, 4294967295,,0,-76.530597,42.448466
534,534,0,-1,,0,0,0,, 4294967295,,0,-76.530591,42.449519
535,535,0,-1,,0,0,0,, 4294967295,,0,-76.528619,42.450091
536,536,0,-1,,0,0,0,, 4294967295,,0,-76.528592,42.449599
537,537,0,-1,,0,0,0,, 4294967295,,0,-76.490823,42.442081
538,538,0,-1,,0,0,0,, 4294967295,,0,-76.490505,42.442086
539,539,0,-1,,0,0,0,, 4294967295,,0,-76.489848,42.442104
540,540,0,-1,,0,0,0,, 4294967295,,0,-76.490795,42.441542
541,541,0,-1,,0,0,0,, 4294967295,,0,-76.491113,42.471522
542,542,0,-1,,0,0,0,, 4294967295,,0,-76.491483,42.472627
543,543,0,-1,,0,0,0,, 4294967295,,0,-76.495111,42.476982
544,544,0,-1,,0,0,0,, 4294967295,,0,-76.496784,42.476694
545,545,0,-1,,2,0,0,, 4294967295,,0,-76.496444,42.462067
546,546,0,-1,,0,0,1,, 76,,0,-76.461087,42.405151
547,547,0,-1,,0,0,0,, 4294967295,,0,-76.455573,42.409924
548,548,0,-1,,0,0,0,, 4294967295,,0,-76.450780,42.413492
549,549,0,-1,,2,0,0,, 4294967295,,0,-76.449872,42.415166
550,550,0,-1,,2,0,0,, 4294967295,,0,-76.496722,42.433611
551,551,0,-1,,0,0,0,, 4294967295,,0,-76.496703,42.434792
552,552,0,-1,,0,0,0,, 4294967295,,0,-76.496735,42.435634
553,553,0,-1,,0,0,0,, 4294967295,,0,-76.496740,42.435746
554,554,0,-1,,0,0,0,, 4294967295,,0,-76.496779,42.436619
555,555,0,-1,,0,0,0,, 4294967295,,0,-76.502172,42.444510
556,556,0,-1,,0,0,0,, 4294967295,,0,-76.502602,42.445044
557,557,0,-1,,0,0,0,, 4294967295,,0,-76.503336,42.445953
558,558,0,-1,,0,0,0,, 4294967295,,0,-76.504085,42.446880
559,559,0,-1,,0,0,0,, 4294967295,,0,-76.504829,42.447802
560,560,0,-1,,0,0,0,, 4294967295,,0,-76.493535,42.439420
561,561,0,-1,,0,0,0,, 4294967295,,0,-76.494229,42.439932
562,562,0,-1,,0,0,0,, 4294967295,,0,-76.494373,42.439191
563,563,0,-1,,0,0,0,, 4294967295,,0,-76.494247,42.439492
564,564,0,-1,,0,0,0,, 4294967295,,0,-76.441209,42.422197
565,565,0,-1,,2,0,0,, 4294967295,,0,-76.441513,42.423488
566,566,0,-1,,0,0,0,, 4294967295,,0,-76.497539,42.434786
567,567,0,-1,,0,0,0,, 4294967295,,0,-76.498779,42.433357
568,568,0,-1,,0,0,0,, 4294967295,,0,-76.489001,42.437662
569,569,0,-1,,0,0,0,, 4294967295,,0,-76.489227,42.439072
570,570,0,-1,,0,0,0,, 4294967295,,0,-76.487436,42.438051
571,571,0,-1,,0,0,0,, 4294967295,,0,-76.487379,42.439535
572,572,0,-1,,0,0,0,, 4294967295,,0,-76.487425,42.440726
573,573,0,-1,,0,0,0,, 4294967295,,0,-76.487467,42.441639
574,574,0,-1,,0,0,0,, 4294967295,,0,-76.498264,42.428128
575,575,0,-1,,0,0,0,, 4294967295,,0,-76.499491,42.448368
576,576,0,-1,,0,0,0,, 4294967295,,0,-76.487303,42.486159
577,577,0,-1,,0,0,0,, 4294967295,,0,-76.486868,42.486224
578,578,0,-1,,0,0,0,, 4294967295,,0,-76.497498,42.451329
579,579,0,-1,,0,0,0,, 4294967295,,0,-76.496297,42.451385
580,580,0,-1,,0,0,0,, 4294967295,,0,-76.495091,42.451423
581,581,0,-1,,0,0,0,, 4294967295,,0,-76.553705,42.490809
582,582,0,-1,,0,0,0,, 4294967295,,0,-76.539539,42.491099
583,583,0,-1,,0,0,0,, 4294967295,,0,-76.500244,42.446055
584,584,0,-1,,0,0,0,, 4294967295,,0,-76.503419,42.451604
585,585,0,-1,,0,0,0,, 4294967295,,0,-76.504375,42.451248
586,586,0,-1,,2,0,0,, 4294967295,,0,-76.509428,42.452437
587,587,0,-1,,0,0,0,, 4294967295,,0,-76.503372,42.403667
588,588,0,-1,,2,0,0,, 4294967295,,0,-76.503341,42.404584
589,589,0,-1,,0,0,0,, 4294967295,,0,-76.526197,42.441233
590,590,0,-1,,0,0,0,, 4294967295,,0,-76.525166,42.441450
591,591,0,-1,,0,0,0,, 4294967295,,0,-76.524068,42.441852
592,592,0,-1,,0,0,0,, 4294967295,,0,-76.520639,42.440695
593,593,0,-1,,0,0,0,, 4294967295,,0,-76.526236,42.441843
594,594,0,-1,,2,0,0,, 4294967295,,0,-76.526224,42.442089
595,595,0,-1,,0,0,0,, 4294967295,,0,-76.490738,42.436194
596,596,0,-1,,2,0,0,, 4294967295,,0,-76.491210,42.437354
597,597,0,-1,,0,0,0,, 4294967295,,0,-76.480423,42.463686
598,598,0,-1,,2,0,0,, 4294967295,,0,-76.480708,42.465245
599,599,0,-1,,0,0,0,, 4294967295,,0,-76.455151,42.420854
600,600,0,-1,,2,0,0,, 4294967295,,0,-76.450793,42.420667
601,601,0,-1,,0,0,0,, 4294967295,,0,-76.513075,42.435901
602,602,0,-1,,0,0,0,, 4294967295,,0,-76.513131,42.435824
603,603,0,-1,,0,0,0,, 4294967295,,0,-76.513399,42.435325
604,604,0,-1,,0,0,0,, 4294967295,,0,-76.513376,42.435149
605,605,0,-1,,0,0,0,, 4294967295,,0,-76.513258,42.435290
606,606,0,-1,,0,0,0,, 4294967295,,0,-76.513062,42.435743
607,607,0,-1,,0,0,0,, 4294967295,,0,-76.498105,42.466873
608,608,0,-1,,0,0,0,, 4294967295,,0,-76.486514,42.459897
609,609,0,-1,,0,0,0,, 4294967295,,0,-76.486436,42.462600
610,610,0,-1,,0,0,0,, 4294967295,,0,-76.486783,42.465331
611,611,0,-1,,0,0,0,, 4294967295,,0,-76.486846,42.459294
612,612,0,-1,,0,0,0,, 4294967295,,0,-76.470779,42.449181
613,613,0,-1,,0,0,0,, 4294967295,,0,-76.470365,42.449105
614,614,0,-1,,0,0,0,, 4294967295,,0,-76.465069,42.450044
615,615,0,-1,,0,0,0,, 4294967295,,0,-76.470537,42.449013
616,616,0,-1,,0,0,0,, 4294967295,,0,-76.471197,42.450580
617,617,0,-1,,0,0,0,, 4294967295,,0,-76.473006,42.450785
618,618,0,-1,,0,0,0,, 4294967295,,0,-76.494401,42.441441
619,619,0,-1,,0,0,0,, 4294967295,,0,-76.497395,42.424122
620,620,0,-1,,0,0,0,, 4294967295,,0,-76.498301,42.422552
621,621,0,-1,,0,0,0,, 4294967295,,0,-76.498472,42.422492
622,622,0,-1,,0,0,0,, 4294967295,,0,-76.499636,42.421655
623,623,0,-1,,0,0,0,, 4294967295,,0,-76.499456,42.421619
624,624,0,-1,,0,0,0,, 4294967295,,0,-76.498459,42.422361
625,625,0,-1,,0,0,0,, 4294967295,,0,-76.498196,42.422453
626,626,0,-1,,0,0,0,, 4294967295,,0,-76.499627,42.421383
627,627,0,-1,,0,0,0,, 4294967295,,0,-76.488603,42.426527
628,628,0,-1,,0,0,0,, 4294967295,,0,-76.484223,42.441637
629,629,0,-1,,0,0,0,, 4294967295,,0,-76.484155,42.439336
630,630,0,-1,,0,0,0,, 4294967295,,0,-76.469685,42.445311
631,631,0,-1,,0,0,0,, 4294967295,,0,-76.468708,42.443848
632,632,0,-1,,0,0,0,, 4294967295,,0,-76.483912,42.406474
633,633,0,-1,,2,0,1,, 75,,0,-76.485089,42.408212
634,634,0,-1,,0,0,0,, 4294967295,,0,-76.500444,42.462544
635,635,0,-1,,0,0,0,, 4294967295,,0,-76.484903,42.462290
636,636,0,-1,,0,0,0,, 4294967295,,0,-76.483535,42.463074
637,637,0,-1,,0,0,0,, 4294967295,,0,-76.488624,42.482179
638,638,0,-1,,0,0,0,, 4294967295,,0,-76.487149,42.482397
639,639,0,-1,,0,0,0,, 4294967295,,0,-76.499024,42.463958
640,640,0,-1,,0,0,0,, 4294967295,,0,-76.500267,42.462711
641,641,0,-1,,0,0,0,, 4294967295,,0,-76.498382,42.448400
642,642,0,-1,,0,0,0,, 4294967295,,0,-76.497305,42.448432
643,643,0,-1,,0,0,0,, 4294967295,,0,-76.496105,42.448466
644,644,0,-1,,0,0,0,, 4294967295,,0,-76.468312,42.453130
645,645,0,-1,,2,0,0,, 4294967295,,0,-76.467220,42.452324
646,646,0,-1,,2,0,0,, 4294967295,,0,-76.521095,42.448963
647,647,0,-1,,0,0,0,, 4294967295,,0,-76.521912,42.450274
648,648,0,-1,,2,0,0,, 4294967295,,0,-76.522706,42.451276
649,649,0,-1,,0,0,0,, 4294967295,,0,-76.474634,42.441283
650,650,0,-1,,0,0,0,, 4294967295,,0,-76.466809,42.439951
651,651,0,-1,,0,0,0,, 4294967295,,0,-76.479963,42.453755
652,652,0,-1,,0,0,0,, 4294967295,,0,-76.480050,42.453699
653,653,0,-1,,0,0,0,, 4294967295,,0,-76.480897,42.453257
654,654,0,-1,,0,0,0,, 4294967295,,0,-76.487745,42.442329
655,655,0,-1,,0,0,0,, 4294967295,,0,-76.488737,42.442304
656,656,0,-1,,0,0,0,, 4294967295,,0,-76.495126,42.452148
657,657,0,-1,,0,0,0,, 4294967295,,0,-76.496346,42.452101
658,658,0,-1,,0,0,0,, 4294967295,,0,-76.475409,42.471525
659,659,0,-1,,0,0,0,, 4294967295,,0,-76.475455,42.470207
660,660,0,-1,,2,0,0,, 4294967295,,0,-76.475460,42.469811
661,661,0,-1,,0,0,0,, 4294967295,,0,-76.530478,42.418406
662,662,0,-1,,2,0,0,, 4294967295,,0,-76.532674,42.418318
663,663,0,-1,,0,0,0,, 4294967295,,0,-76.465927,42.450947
664,664,0,-1,,0,0,0,, 4294967295,,0,-76.466237,42.451167
665,665,0,-1,,0,0,0,, 4294967295,,0,-76.444651,42.453057
666,666,0,-1,,0,0,1,, 46,,0,-76.459300,42.453030
667,667,0,-1,,2,0,0,, 4294967295,,0,-76.523653,42.434549
668,668,0,-1,,0,0,0,, 4294967295,,0,-76.522179,42.436057
669,669,0,-1,,0,0,0,, 4294967295,,0,-76.525051,42.457653
670,670,0,-1,,2,0,0,, 4294967295,,0,-76.526280,42.459785
671,671,0,-1,,0,0,0,, 4294967295,,0,-76.518861,42.444305
672,672,0,-1,,0,0,0,, 4294967295,,0,-76.516845,42.444489
673,673,0,-1,,0,0,0,, 4294967295,,0,-76.440328,42.453187
674,674,0,-1,,0,0,0,, 4294967295,,0,-76.442658,42.453022
675,675,0,-1,,0,0,0,, 4294967295,,0,-76.472018,42.452736
676,676,0,-1,,0,0,0,, 4294967295,,0,-76.470899,42.453009
677,677,0,-1,,2,0,0,, 4294967295,,0,-76.473780,42.486622
678,678,0,-1,,0,0,0,, 4294967295,,0,-76.488124,42.457211
679,679,0,-1,,0,0,0,, 4294967295,,0,-76.489110,42.459247
680,680,0,-1,,0,0,0,, 4294967295,,0,-76.489568,42.461375
681,681,0,-1,,0,0,0,, 4294967295,,0,-76.476456,42.443222
682,682,0,-1,,0,0,0,, 4294967295,,0,-76.487627,42.486115
683,683,0,-1,,0,0,0,, 4294967295,,0,-76.488672,42.485965
684,684,0,-1,,0,0,0,, 4294967295,,0,-76.489154,42.485924
685,685,0,-1,,2,0,0,, 4294967295,,0,-76.509971,42.448261
686,686,0,-1,,0,0,0,, 4294967295,,0,-76.507855,42.449571
687,687,0,-1,,2,0,0,, 4294967295,,0,-76.510532,42.447176
688,688,0,-1,,0,0,0,, 4294967295,,0,-76.518557,42.419581
689,689,0,-1,,0,0,0,, 4294967295,,0,-76.519436,42.420113
690,690,0,-1,,0,0,0,, 4294967295,,0,-76.507898,42.439269
691,691,0,-1,,0,0,0,, 4294967295,,0,-76.506034,42.439327
692,692,0,-1,,0,0,0,, 4294967295,,0,-76.503355,42.448475
693,693,0,-1,,0,0,0,, 4294967295,,0,-76.503769,42.449551
694,694,0,-1,,0,0,0,, 4294967295,,0,-76.500814,42.449494
695,695,0,-1,,0,0,0,, 4294967295,,0,-76.499563,42.449519
696,696,0,-1,,0,0,0,, 4294967295,,0,-76.485291,42.442484
697,697,0,-1,,0,0,0,, 4294967295,,0,-76.485250,42.441617
698,698,0,-1,,0,0,0,, 4294967295,,0,-76.508095,42.433747
699,699,0,-1,,0,0,0,, 4294967295,,0,-76.505841,42.433803
700,700,0,-1,,0,0,0,, 4294967295,,0,-76.499106,42.441312
701,701,0,-1,,0,0,0,, 4294967295,,0,-76.496895,42.441376
702,702,0,-1,,0,0,0,, 4294967295,,0,-76.495729,42.441406
703,703,0,-1,,0,0,0,, 4294967295,,0,-76.494234,42.441448
704,704,0,-1,,0,0,0,, 4294967295,,0,-76.493530,42.441470
705,705,0,-1,,0,0,0,, 4294967295,,0,-76.492834,42.441489
706,706,0,-1,,0,0,0,, 4294967295,,0,-76.492042,42.441508
707,707,0,-1,,0,0,0,, 4294967295,,0,-76.491437,42.441525
708,708,0,-1,,0,0,0,, 4294967295,,0,-76.489815,42.441573
709,709,0,-1,,0,0,0,, 4294967295,,0,-76.475249,42.437782
710,710,0,-1,,0,0,0,, 4294967295,,0,-76.475295,42.438956
711,711,0,-1,,0,0,0,, 4294967295,,0,-76.475341,42.439896
712,712,0,-1,,0,0,0,, 4294967295,,0,-76.523882,42.439495
713,713,0,-1,,0,0,0,, 4294967295,,0,-76.482962,42.461771
714,714,0,-1,,0,0,0,, 4294967295,,0,-76.484325,42.462001
715,715,0,-1,,0,0,0,, 4294967295,,0,-76.488817,42.461741
716,716,0,-1,,0,0,0,, 4294967295,,0,-76.476301,42.485970
717,717,0,-1,,0,0,0,, 4294967295,,0,-76.470631,42.486102
718,718,0,-1,,0,0,0,, 4294967295,,0,-76.480635,42.432329
719,719,0,-1,,0,0,0,, 4294967295,,0,-76.480172,42.432773
720,720,0,-1,,0,0,0,, 4294967295,,0,-76.477481,42.436084
721,721,0,-1,,0,0,0,, 4294967295,,0,-76.478609,42.436306
722,722,0,-1,,0,0,0,, 4294967295,,0,-76.510712,42.442259
723,723,0,-1,,0,0,0,, 4294967295,,0,-76.508504,42.442323
724,724,0,-1,,0,0,0,, 4294967295,,0,-76.506784,42.442372
725,725,0,-1,,0,0,0,, 4294967295,,0,-76.504431,42.442439
726,726,0,-1,,2,0,0,, 4294967295,,0,-76.513639,42.402068
727,727,0,-1,,0,0,0,, 4294967295,,0,-76.511031,42.402642
728,728,0,-1,,2,0,0,, 4294967295,,0,-76.490589,42.485921
729,729,0,-1,,0,0,0,, 4294967295,,0,-76.490160,42.465246
730,730,0,-1,,0,0,0,, 4294967295,,0,-76.491100,42.466189
731,731,0,-1,,0,0,0,, 4294967295,,0,-76.493524,42.470701
732,732,0,-1,,0,0,0,, 4294967295,,0,-76.494070,42.471463
733,733,0,-1,,0,0,0,, 4294967295,,0,-76.494520,42.472704
734,734,0,-1,,0,0,0,, 4294967295,,0,-76.494450,42.473108
735,735,0,-1,,0,0,0,, 4294967295,,0,-76.495321,42.478126
736,736,0,-1,,0,0,0,, 4294967295,,0,-76.503795,42.436725
737,737,0,-1,,0,0,0,, 4294967295,,0,-76.505999,42.436656
738,738,0,-1,,0,0,0,, 4294967295,,0,-76.507824,42.436579
739,739,0,-1,,0,0,0,, 4294967295,,0,-76.508205,42.436379
740,740,0,-1,,2,0,0,, 4294967295,,0,-76.523584,42.448731
741,741,0,-1,,0,0,0,, 4294967295,,0,-76.522318,42.449879
742,742,0,-1,,0,0,0,, 4294967295,,0,-76.481126,42.453124
743,743,0,-1,,0,0,0,, 4294967295,,0,-76.481489,42.454532
744,744,0,-1,,2,0,0,, 4294967295,,0,-76.484564,42.418510
745,745,0,-1,,2,0,0,, 4294967295,,0,-76.470753,42.433597
746,746,0,-1,,0,0,0,, 4294967295,,0,-76.479753,42.439033
747,747,0,-1,,0,0,0,, 4294967295,,0,-76.479975,42.439012
748,748,0,-1,,0,0,0,, 4294967295,,0,-76.480983,42.439152
749,749,0,-1,,0,0,0,, 4294967295,,0,-76.483105,42.440543
750,750,0,-1,,0,0,0,, 4294967295,,0,-76.483291,42.440667
751,751,0,-1,,0,0,0,, 4294967295,,0,-76.483640,42.441554
752,752,0,-1,,0,0,0,, 4294967295,,0,-76.524443,42.443836
753,753,0,-1,,0,0,0,, 4294967295,,0,-76.525506,42.445687
754,754,0,-1,,0,0,0,, 4294967295,,0,-76.473999,42.434510
755,755,0,-1,,0,0,0,, 4294967295,,0,-76.474015,42.434636
756,756,0,-1,,0,0,0,, 4294967295,,0,-76.484507,42.441633
757,757,0,-1,,2,0,0,, 4294967295,,0,-76.484526,42.442051
758,758,0,-1,,0,0,0,, 4294967295,,0,-76.464720,42.424227
759,759,0,-1,,0,0,0,, 4294967295,,0,-76.465928,42.424325
760,760,0,-1,,0,0,0,, 4294967295,,0,-76.466703,42.423549
761,761,0,-1,,0,0,0,, 4294967295,,0,-76.466791,42.423399
762,762,0,-1,,0,0,0,, 4294967295,,0,-76.464231,42.424270
763,763,0,-1,,0,0,0,, 4294967295,,0,-76.529166,42.422437
764,764,0,-1,,0,0,0,, 4294967295,,0,-76.534848,42.422292
765,765,0,-1,,0,0,1,, 63,,0,-76.537816,42.422450
766,766,0,-1,,2,0,0,, 4294967295,,0,-76.609827,42.422015
767,767,0,-1,,2,0,0,, 4294967295,,0,-76.523071,42.434107
768,768,0,-1,,0,0,0,, 4294967295,,0,-76.488747,42.461512
769,769,0,-1,,0,0,0,, 4294967295,,0,-76.490916,42.461704
770,770,0,-1,,0,0,0,, 4294967295,,0,-76.441692,42.450849
771,771,0,-1,,0,0,0,, 4294967295,,0,-76.440388,42.451440
772,772,0,-1,,2,0,0,, 4294967295,,0,-76.440587,42.452221
773,773,0,-1,,0,0,0,, 4294967295,,0,-76.470852,42.402544
774,774,0,-1,,2,0,0,, 4294967295,,0,-76.473177,42.402456
775,775,0,-1,,0,0,0,, 4294967295,,0,-76.494550,42.431395
776,776,0,-1,,2,0,0,, 4294967295,,0,-76.493266,42.431872
777,777,0,-1,,0,0,0,, 4294967295,,0,-76.503926,42.439389
778,778,0,-1,,0,0,0,, 4294967295,,0,-76.503969,42.440249
779,779,0,-1,,0,0,0,, 4294967295,,0,-76.504016,42.441162
780,780,0,-1,,0,0,0,, 4294967295,,0,-76.504082,42.442449
781,781,0,-1,,0,0,0,, 4294967295,,0,-76.504132,42.443362
782,782,0,-1,,0,0,0,, 4294967295,,0,-76.504187,42.444452
783,783,0,-1,,0,0,0,, 4294967295,,0,-76.508634,42.490278
784,784,0,-1,,0,0,0,, 4294967295,,0,-76.491193,42.431386
785,785,0,-1,,0,0,0,, 4294967295,,0,-76.488881,42.431888
786,786,0,-1,,0,0,0,, 4294967295,,0,-76.484595,42.454027
787,787,0,-1,,0,0,0,, 4294967295,,0,-76.485381,42.455040
788,788,0,-1,,0,0,0,, 4294967295,,0,-76.477627,42.439842
789,789,0,-1,,0,0,0,, 4294967295,,0,-76.507239,42.445488
790,790,0,-1,,0,0,0,, 4294967295,,0,-76.505128,42.446421
791,791,0,-1,,0,0,0,, 4294967295,,0,-76.483873,42.404250
792,792,0,-1,,0,0,0,, 4294967295,,0,-76.483994,42.404472
793,793,0,-1,,2,0,0,, 4294967295,,0,-76.525104,42.440490
794,794,0,-1,,0,0,0,, 4294967295,,0,-76.525777,42.443774
795,795,0,-1,,0,0,0,, 4294967295,,0,-76.458741,42.470351
796,796,0,-1,,0,0,0,, 4294967295,,0,-76.481597,42.440522
797,797,0,-1,,2,0,0,, 4294967295,,0,-76.537582,42.437691
798,798,0,-1,,0,0,0,, 4294967295,,0,-76.525022,42.417052
799,799,0,-1,,0,0,0,, 4294967295,,0,-76.523469,42.414753
800,800,0,-1,,0,0,0,, 4294967295,,0,-76.488797,42.486195
801,801,0,-1,,2,0,0,, 4294967295,,0,-76.470788,42.387240
802,802,0,-1,,0,0,0,, 4294967295,,0,-76.477725,42.403199
803,803,0,-1,,0,0,0,, 4294967295,,0,-76.477774,42.404711
804,804,0,-1,,0,0,0,, 4294967295,,0,-76.478113,42.415766
805,805,0,-1,,0,0,0,, 4294967295,,0,-76.490462,42.458491
806,806,0,-1,,0,0,0,, 4294967295,,0,-76.491232,42.458306
807,807,0,-1,,0,0,0,, 4294967295,,0,-76.491781,42.458190
808,808,0,-1,,0,0,0,, 4294967295,,0,-76.491701,42.433759
809,809,0,-1,,0,0,0,, 4294967295,,0,-76.491376,42.450347
810,810,0,-1,,0,0,0,, 4294967295,,0,-76.487498,42.442333
811,811,0,-1,,0,0,0,, 4294967295,,0,-76.489863,42.442282
812,812,0,-1,,0,0,0,, 4294967295,,0,-76.547279,42.471411
813,813,0,-1,,0,0,0,, 4294967295,,0,-76.546212,42.473598
814,814,0,-1,,0,0,0,, 4294967295,,0,-76.546762,42.474891
815,815,0,-1,,0,0,0,, 4294967295,,0,-76.547412,42.476350
816,816,0,-1,,0,0,0,, 4294967295,,0,-76.548457,42.478731
817,817,0,-1,,2,0,0,, 4294967295,,0,-76.570261,42.511589
818,818,0,-1,,0,0,0,, 4294967295,,0,-76.479060,42.477559
819,819,0,-1,,0,0,0,, 4294967295,,0,-76.480464,42.474803
820,820,0,-1,,0,0,0,, 4294967295,,0,-76.468528,42.456728
821,821,0,-1,,0,0,0,, 4294967295,,0,-76.466043,42.467118
822,822,0,-1,,2,0,0,, 4294967295,,0,-76.477616,42.477642
823,823,0,-1,,0,0,0,, 4294967295,,0,-76.492185,42.470840
824,824,0,-1,,0,0,0,, 4294967295,,0,-76.486944,42.468893
825,825,0,-1,,0,0,0,, 4294967295,,0,-76.486067,42.469724
826,826,0,-1,,2,0,0,, 4294967295,,0,-76.492072,42.442055
827,827,0,-1,,0,0,0,, 4294967295,,0,-76.495641,42.439648
828,828,0,-1,,0,0,0,, 4294967295,,0,-76.495673,42.440425
829,829,0,-1,,0,0,0,, 4294967295,,0,-76.496581,42.452093
830,830,0,-1,,0,0,0,, 4294967295,,0,-76.496624,42.452813
831,831,0,-1,,0,0,0,, 4294967295,,0,-76.484565,42.433224
832,832,0,-1,,0,0,0,, 4294967295,,0,-76.484143,42.433213
833,833,0,-1,,0,0,0,, 4294967295,,0,-76.501836,42.407312
834,834,0,-1,,0,0,0,, 4294967295,,0,-76.500516,42.407473
835,835,0,-1,,0,0,0,, 4294967295,,0,-76.464356,42.404010
836,836,0,-1,,0,0,0,, 4294967295,,0,-76.471219,42.403350
837,837,0,-1,,0,0,0,, 4294967295,,0,-76.480151,42.403190
838,838,0,-1,,0,0,0,, 4294967295,,0,-76.486801,42.404678
839,839,0,-1,,0,0,0,, 4294967295,,0,-76.500784,42.440349
840,840,0,-1,,0,0,0,, 4294967295,,0,-76.500739,42.439490
841,841,0,-1,,0,0,0,, 4294967295,,0,-76.490154,42.446210
842,842,0,-1,,0,0,0,, 4294967295,,0,-76.491095,42.446176
843,843,0,-1,,0,0,0,, 4294967295,,0,-76.492593,42.446149
844,844,0,-1,,0,0,0,, 4294967295,,0,-76.494662,42.473089
845,845,0,-1,,0,0,0,, 4294967295,,0,-76.498935,42.476630
846,846,0,-1,,2,0,1,, 26,,0,-76.461996,42.490139
847,847,0,-1,,0,0,0,, 4294967295,,0,-76.462065,42.487568
848,848,0,-1,,0,0,0,, 4294967295,,0,-76.483225,42.437579
849,849,0,-1,,0,0,0,, 4294967295,,0,-76.472171,42.474338
850,850,0,-1,,2,0,0,, 4294967295,,0,-76.471871,42.475276
851,851,0,-1,,0,0,0,, 4294967295,,0,-76.490812,42.450469
852,852,0,-1,,0,0,0,, 4294967295,,0,-76.530829,42.416487
853,853,0,-1,,0,0,0,, 4294967295,,0,-76.440232,42.453176
854,854,0,-1,,0,0,0,, 4294967295,,0,-76.440288,42.454366
855,855,0,-1,,0,0,0,, 4294967295,,0,-76.536746,42.460253
856,856,0,-1,,2,0,1,, 43,,0,-76.537315,42.457667
857,857,0,-1,,0,0,0,, 4294967295,,0,-76.481320,42.475184
858,858,0,-1,,0,0,0,, 4294967295,,0,-76.470499,42.473965
859,859,0,-1,,0,0,0,, 4294967295,,0,-76.480629,42.441099
860,860,0,-1,,0,0,0,, 4294967295,,0,-76.480645,42.441659
861,861,0,-1,,0,0,1,, 73,,0,-76.541612,42.408449
862,862,0,-1,,0,0,0,, 4294967295,,0,-76.542075,42.417511
863,863,0,-1,,0,0,0,, 4294967295,,0,-76.540089,42.420097
864,864,0,-1,,0,0,0,, 4294967295,,0,-76.484773,42.461163
865,865,0,-1,,0,0,0,, 4294967295,,0,-76.484532,42.461427
866,866,0,-1,,0,0,0,, 4294967295,,0,-76.557633,42.477526
867,867,0,-1,,0,0,0,, 4294967295,,0,-76.489483,42.443854
868,868,0,-1,,2,0,0,, 4294967295,,0,-76.476927,42.470166
869,869,0,-1,,0,0,0,, 4294967295,,0,-76.518762,42.443573
870,870,0,-1,,0,0,0,, 4294967295,,0,-76.520781,42.442571
871,871,0,-1,,0,0,0,, 4294967295,,0,-76.516617,42.443693
872,872,0,-1,,0,0,0,, 4294967295,,0,-76.517701,42.443652
873,873,0,-1,,2,0,0,, 4294967295,,0,-76.473393,42.436014
874,874,0,-1,,0,0,0,, 4294967295,,0,-76.501922,42.403681
875,875,0,-1,,2,0,0,, 4294967295,,0,-76.503537,42.403662
876,876,0,-1,,0,0,0,, 4294967295,,0,-76.468369,42.429549
877,877,0,-1,,0,0,0,, 4294967295,,0,-76.463810,42.427886
878,878,0,-1,,2,0,0,, 4294967295,,0,-76.443921,42.452745
879,879,0,-1,,0,0,0,, 4294967295,,0,-76.500766,42.444550
880,880,0,-1,,0,0,0,, 4294967295,,0,-76.501541,42.445508
881,881,0,-1,,0,0,0,, 4294967295,,0,-76.502281,42.446422
882,882,0,-1,,0,0,0,, 4294967295,,0,-76.503033,42.447349
883,883,0,-1,,0,0,0,, 4294967295,,0,-76.503781,42.448271
884,884,0,-1,,0,0,0,, 4294967295,,0,-76.504539,42.449203
885,885,0,-1,,0,0,0,, 4294967295,,0,-76.463166,42.490060
886,886,0,-1,,0,0,0,, 4294967295,,0,-76.464117,42.487915
887,887,0,-1,,0,0,0,, 4294967295,,0,-76.503643,42.444589
888,888,0,-1,,0,0,0,, 4294967295,,0,-76.448286,42.423216
889,889,0,-1,,0,0,0,, 4294967295,,0,-76.448373,42.422308
890,890,0,-1,,0,0,0,, 4294967295,,0,-76.499343,42.446078
891,891,0,-1,,0,0,0,, 4294967295,,0,-76.481424,42.485782
892,892,0,-1,,0,0,0,, 4294967295,,0,-76.480783,42.486085
893,893,0,-1,,0,0,0,, 4294967295,,0,-76.454667,42.424409
894,894,0,-1,,0,0,0,, 4294967295,,0,-76.456567,42.424947
895,895,0,-1,,0,0,0,, 4294967295,,0,-76.483592,42.452947
896,896,0,-1,,0,0,0,, 4294967295,,0,-76.486304,42.452727
897,897,0,-1,,0,0,0,, 4294967295,,0,-76.488164,42.452766
898,898,0,-1,,0,0,0,, 4294967295,,0,-76.456008,42.423258
899,899,0,-1,,2,0,0,, 4294967295,,0,-76.538061,42.416146
900,900,0,-1,,0,0,0,, 4294967295,,0,-76.539878,42.416745
901,901,0,-1,,0,0,0,, 4294967295,,0,-76.446948,42.432873
902,902,0,-1,,2,0,0,, 4294967295,,0,-76.446625,42.433954
903,903,0,-1,,2,0,0,, 4294967295,,0,-76.491704,42.443146
904,904,0,-1,,0,0,0,, 4294967295,,0,-76.491704,42.443197
905,905,0,-1,,0,0,0,, 4294967295,,0,-76.489991,42.445744
906,906,0,-1,,2,0,0,, 4294967295,,0,-76.491492,42.442576
907,907,0,-1,,2,0,0,, 4294967295,,0,-76.507350,42.486106
908,908,0,-1,,0,0,0,, 4294967295,,0,-76.489765,42.440669
909,909,0,-1,,0,0,0,, 4294967295,,0,-76.489693,42.439276
910,910,0,-1,,0,0,0,, 4294967295,,0,-76.489768,42.452795
911,911,0,-1,,0,0,0,, 4294967295,,0,-76.490711,42.454714
912,912,0,-1,,0,0,0,, 4294967295,,0,-76.490676,42.454778
913,913,0,-1,,0,0,0,, 4294967295,,0,-76.502882,42.413039
914,914,0,-1,,2,0,0,, 4294967295,,0,-76.504274,42.412190
915,915,0,-1,,0,0,0,, 4294967295,,0,-76.481038,42.491656
916,916,0,-1,,0,0,0,, 4294967295,,0,-76.481214,42.488361
917,917,0,-1,,0,0,0,, 4294967295,,0,-76.481853,42.491665
918,918,0,-1,,0,0,0,, 4294967295,,0,-76.464582,42.469951
919,919,0,-1,,2,0,0,, 4294967295,,0,-76.465550,42.469965
920,920,0,-1,,0,0,0,, 4294967295,,0,-76.456583,42.425941
921,921,0,-1,,0,0,0,, 4294967295,,0,-76.455234,42.426228
922,922,0,-1,,0,0,0,, 4294967295,,0,-76.485847,42.455056
923,923,0,-1,,0,0,0,, 4294967295,,0,-76.468473,42.455165
924,924,0,-1,,2,0,0,, 4294967295,,0,-76.465596,42.455268
925,925,0,-1,,0,0,0,, 4294967295,,0,-76.489718,42.490486
926,926,0,-1,,0,0,0,, 4294967295,,0,-76.483035,42.491646
927,927,0,-1,,0,0,0,, 4294967295,,0,-76.496455,42.430876
928,928,0,-1,,0,0,0,, 4294967295,,0,-76.496126,42.431367
929,929,0,-1,,0,0,0,, 4294967295,,0,-76.494619,42.434878
930,930,0,-1,,0,0,0,, 4294967295,,0,-76.461855,42.435701
931,931,0,-1,,0,0,0,, 4294967295,,0,-76.461369,42.436703
932,932,0,-1,,0,0,0,, 4294967295,,0,-76.460923,42.437506
933,933,0,-1,,0,0,0,, 4294967295,,0,-76.460697,42.438336
934,934,0,-1,,2,0,0,, 4294967295,,0,-76.460715,42.438742
935,935,0,-1,,0,0,0,, 4294967295,,0,-76.484352,42.461290
936,936,0,-1,,0,0,0,, 4294967295,,0,-76.493133,42.459604
937,937,0,-1,,0,0,0,, 4294967295,,0,-76.493154,42.459796
938,938,0,-1,,0,0,0,, 4294967295,,0,-76.492920,42.459715
939,939,0,-1,,0,0,0,, 4294967295,,0,-76.500485,42.434927
940,940,0,-1,,0,0,0,, 4294967295,,0,-76.500604,42.436833
941,941,0,-1,,0,0,0,, 4294967295,,0,-76.500464,42.432906
942,942,0,-1,,0,0,0,, 4294967295,,0,-76.500491,42.434486
943,943,0,-1,,0,0,0,, 4294967295,,0,-76.509961,42.444282
944,944,0,-1,,0,0,0,, 4294967295,,0,-76.510741,42.443160
945,945,0,-1,,0,0,0,, 4294967295,,0,-76.441695,42.450536
946,946,0,-1,,2,0,0,, 4294967295,,0,-76.440223,42.450713
947,947,0,-1,,0,0,0,, 4294967295,,0,-76.459987,42.452340
948,948,0,-1,,0,0,0,, 4294967295,,0,-76.454116,42.451878
949,949,0,-1,,0,0,0,, 4294967295,,0,-76.451566,42.452173
950,950,0,-1,,0,0,0,, 4294967295,,0,-76.452769,42.453135
951,951,0,-1,,0,0,0,, 4294967295,,0,-76.494775,42.437613
952,952,0,-1,,0,0,0,, 4294967295,,0,-76.495002,42.437581
953,953,0,-1,,0,0,0,, 4294967295,,0,-76.497872,42.436919
954,954,0,-1,,0,0,0,, 4294967295,,0,-76.494680,42.435805
955,955,0,-1,,0,0,0,, 4294967295,,0,-76.492347,42.459607
956,956,0,-1,,0,0,0,, 4294967295,,0,-76.491620,42.458858
957,957,0,-1,,0,0,0,, 4294967295,,0,-76.491194,42.435913
958,958,0,-1,,2,0,0,, 4294967295,,0,-76.491010,42.435239
959,959,0,-1,,0,0,0,, 4294967295,,0,-76.497021,42.443757
960,960,0,-1,,0,0,0,, 4294967295,,0,-76.499269,42.444597
961,961,0,-1,,0,0,0,, 4294967295,,0,-76.501942,42.480913
962,962,0,-1,,0,0,0,, 4294967295,,0,-76.526967,42.427634
963,963,0,-1,,0,0,0,, 4294967295,,0,-76.527901,42.428265
964,964,0,-1,,0,0,0,, 4294967295,,0,-76.529314,42.429246
965,965,0,-1,,0,0,0,, 4294967295,,0,-76.450296,42.472825
966,966,0,-1,,2,0,0,, 4294967295,,0,-76.453446,42.472845
967,967,0,-1,,0,0,0,, 4294967295,,0,-76.489915,42.439277
968,968,0,-1,,2,0,0,, 4294967295,,0,-76.490009,42.438567
969,969,0,-1,,0,0,0,, 4294967295,,0,-76.485903,42.438629
970,970,0,-1,,0,0,0,, 4294967295,,0,-76.485942,42.439573
971,971,0,-1,,0,0,0,, 4294967295,,0,-76.489949,42.491409
972,972,0,-1,,0,0,0,, 4294967295,,0,-76.488325,42.491889
973,973,0,-1,,0,0,0,, 4294967295,,0,-76.486356,42.493589
974,974,0,-1,,2,0,0,, 4294967295,,0,-76.470482,42.464611
975,975,0,-1,,0,0,0,, 4294967295,,0,-76.470629,42.466976
976,976,0,-1,,0,0,0,, 4294967295,,0,-76.470653,42.468030
977,977,0,-1,,0,0,0,, 4294967295,,0,-76.470006,42.471894
978,978,0,-1,,0,0,0,, 4294967295,,0,-76.499637,42.450655
979,979,0,-1,,0,0,0,, 4294967295,,0,-76.498552,42.450690
980,980,0,-1,,0,0,0,, 4294967295,,0,-76.497458,42.450718
981,981,0,-1,,0,0,0,, 4294967295,,0,-76.502504,42.435558
982,982,0,-1,,0,0,0,, 4294967295,,0,-76.502566,42.436771
983,983,0,-1,,0,0,0,, 4294967295,,0,-76.502655,42.438519
984,984,0,-1,,0,0,0,, 4294967295,,0,-76.461564,42.447600
985,985,0,-1,,0,0,0,, 4294967295,,0,-76.471928,42.445537
986,986,0,-1,,0,0,0,, 4294967295,,0,-76.471992,42.447557
987,987,0,-1,,2,0,0,, 4294967295,,0,-76.481336,42.426265
988,988,0,-1,,0,0,0,, 4294967295,,0,-76.489608,42.428818
989,989,0,-1,,0,0,0,, 4294967295,,0,-76.468161,42.467064
990,990,0,-1,,0,0,0,, 4294967295,,0,-76.468148,42.468104
991,991,0,-1,,2,0,0,, 4294967295,,0,-76.466142,42.469053
992,992,0,-1,,2,0,0,, 4294967295,,0,-76.467047,42.468114
993,993,0,-1,,0,0,0,, 4294967295,,0,-76.515235,42.438886
994,994,0,-1,,0,0,0,, 4294967295,,0,-76.513285,42.438563
995,995,0,-1,,0,0,0,, 4294967295,,0,-76.456703,42.423983
996,996,0,-1,,0,0,0,, 4294967295,,0,-76.503623,42.433450
997,997,0,-1,,0,0,0,, 4294967295,,0,-76.477458,42.433367
998,998,0,-1,,0,0,0,, 4294967295,,0,-76.477318,42.434048
999,999,0,-1,,0,0,0,, 4294967295,,0,-76.477552,42.437834
1000,1000,0,-1,,0,0,0,, 4294967295,,0,-76.448458,42.423261
1001,1001,0,-1,,0,0,0,, 4294967295,,0,-76.448529,42.424253
1002,1002,0,-1,,0,0,0,, 4294967295,,0,-76.450629,42.424858
1003,1003,0,-1,,0,0,0,, 4294967295,,0,-76.450993,42.423911
1004,1004,0,-1,,0,0,0,, 4294967295,,0,-76.479840,42.483146
1005,1005,0,-1,,0,0,0,, 4294967295,,0,-76.467331,42.483410
1006,1006,0,-1,,2,0,0,, 4294967295,,0,-76.489675,42.435325
1007,1007,0,-1,,0,0,0,, 4294967295,,0,-76.496358,42.423901
1008,1008,0,-1,,2,0,0,, 4294967295,,0,-76.468689,42.401505
1009,1009,0,-1,,0,0,0,, 4294967295,,0,-76.504909,42.490899
1010,1010,0,-1,,0,0,0,, 4294967295,,0,-76.536864,42.473912
1011,1011,0,-1,,2,0,0,, 4294967295,,0,-76.482459,42.421582
1012,1012,0,-1,,0,0,0,, 4294967295,,0,-76.506042,42.437506
1013,1013,0,-1,,0,0,0,, 4294967295,,0,-76.506089,42.438411
1014,1014,0,-1,,0,0,0,, 4294967295,,0,-76.521461,42.451739
1015,1015,0,-1,,0,0,0,, 4294967295,,0,-76.477693,42.441150
1016,1016,0,-1,,0,0,0,, 4294967295,,0,-76.485063,42.442584
1017,1017,0,-1,,0,0,0,, 4294967295,,0,-76.485253,42.442708
1018,1018,0,-1,,0,0,0,, 4294967295,,0,-76.486462,42.453721
1019,1019,0,-1,,0,0,0,, 4294967295,,0,-76.485891,42.455668
1020,1020,0,-1,,0,0,0,, 4294967295,,0,-76.486233,42.453675
1021,1021,0,-1,,0,0,0,, 4294967295,,0,-76.477593,42.438887
1022,1022,0,-1,,0,0,0,, 4294967295,,0,-76.478808,42.439111
1023,1023,0,-1,,0,0,0,, 4294967295,,0,-76.432373,42.476076
1024,1024,0,-1,,0,0,0,, 4294967295,,0,-76.433139,42.476586
1025,1025,0,-1,,0,0,0,, 4294967295,,0,-76.472741,42.429774
1026,1026,0,-1,,2,0,0,, 4294967295,,0,-76.474326,42.429511
1027,1027,0,-1,,2,0,0,, 4294967295,,0,-76.478745,42.470890
1028,1028,0,-1,,0,0,0,, 4294967295,,0,-76.478879,42.471176
1029,1029,0,-1,,0,0,0,, 4294967295,,0,-76.481329,42.472424
1030,1030,0,-1,,0,0,0,, 4294967295,,0,-76.510491,42.439181
1031,1031,0,-1,,0,0,0,, 4294967295,,0,-76.510180,42.438488
1032,1032,0,-1,,2,0,0,, 4294967295,,0,-76.490563,42.443577
1033,1033,0,-1,,0,0,0,, 4294967295,,0,-76.494354,42.443460
1034,1034,0,-1,,2,0,0,, 4294967295,,0,-76.440355,42.448426
1035,1035,0,-1,,0,0,0,, 4294967295,,0,-76.507665,42.491233
1036,1036,0,-1,,2,0,0,, 4294967295,,0,-76.509201,42.486520
1037,1037,0,-1,,0,0,0,, 4294967295,,0,-76.500884,42.450673
1038,1038,0,-1,,0,0,0,, 4294967295,,0,-76.501159,42.450692
1039,1039,0,-1,,0,0,0,, 4294967295,,0,-76.502207,42.450223
1040,1040,0,-1,,0,0,0,, 4294967295,,0,-76.503224,42.449769
1041,1041,0,-1,,0,0,0,, 4294967295,,0,-76.508301,42.438346
1042,1042,0,-1,,2,0,0,, 4294967295,,0,-76.476271,42.487010
1043,1043,0,-1,,0,0,0,, 4294967295,,0,-76.436287,42.455887
1044,1044,0,-1,,0,0,0,, 4294967295,,0,-76.438114,42.456740
1045,1045,0,-1,,0,0,0,, 4294967295,,0,-76.478734,42.437885
1046,1046,0,-1,,0,0,0,, 4294967295,,0,-76.478755,42.439501
1047,1047,0,-1,,0,0,0,, 4294967295,,0,-76.480321,42.439833
1048,1048,0,-1,,0,0,0,, 4294967295,,0,-76.481994,42.441167
1049,1049,0,-1,,0,0,0,, 4294967295,,0,-76.482026,42.442066
1050,1050,0,-1,,0,0,0,, 4294967295,,0,-76.512467,42.434184
1051,1051,0,-1,,0,0,0,, 4294967295,,0,-76.512459,42.434072
1052,1052,0,-1,,0,0,0,, 4294967295,,0,-76.512334,42.434109
1053,1053,0,-1,,0,0,0,, 4294967295,,0,-76.512337,42.434227
1054,1054,0,-1,,2,0,0,, 4294967295,,0,-76.484872,42.494878
1055,1055,0,-1,,0,0,0,, 4294967295,,0,-76.472541,42.478452
1056,1056,0,-1,,0,0,0,, 4294967295,,0,-76.478503,42.481096
1057,1057,0,-1,,0,0,0,, 4294967295,,0,-76.523662,42.456456
1058,1058,0,-1,,0,0,0,, 4294967295,,0,-76.508554,42.443228
1059,1059,0,-1,,0,0,0,, 4294967295,,0,-76.506831,42.443278
1060,1060,0,-1,,2,0,0,, 4294967295,,0,-76.486951,42.487496
1061,1061,0,-1,,0,0,0,, 4294967295,,0,-76.512947,42.442681
1062,1062,0,-1,,2,0,0,, 4294967295,,0,-76.512540,42.445064
1063,1063,0,-1,,0,0,0,, 4294967295,,0,-76.512286,42.439518
1064,1064,0,-1,,0,0,0,, 4294967295,,0,-76.512222,42.439997
1065,1065,0,-1,,0,0,0,, 4294967295,,0,-76.513321,42.433781
1066,1066,0,-1,,0,0,0,, 4294967295,,0,-76.513315,42.433678
1067,1067,0,-1,,0,0,0,, 4294967295,,0,-76.513180,42.433752
1068,1068,0,-1,,0,0,0,, 4294967295,,0,-76.513183,42.433846
1069,1069,0,-1,,0,0,0,, 4294967295,,0,-76.496914,42.472871
1070,1070,0,-1,,0,0,0,, 4294967295,,0,-76.498888,42.472102
1071,1071,0,-1,,0,0,0,, 4294967295,,0,-76.491581,42.451303
1072,1072,0,-1,,2,0,0,, 4294967295,,0,-76.492126,42.451656
1073,1073,0,-1,,2,0,0,, 4294967295,,0,-76.571887,42.459253
1074,1074,0,-1,,0,0,0,, 4294967295,,0,-76.506619,42.435366
1075,1075,0,-1,,0,0,0,, 4294967295,,0,-76.503736,42.435520
1076,1076,0,-1,,0,0,0,, 4294967295,,0,-76.501525,42.435589
1077,1077,0,-1,,2,0,0,, 4294967295,,0,-76.540190,42.476168
1078,1078,0,-1,,2,0,0,, 4294967295,,0,-76.364086,42.459066
1079,1079,0,-1,,0,0,0,, 4294967295,,0,-76.490750,42.456199
1080,1080,0,-1,,0,0,0,, 4294967295,,0,-76.490980,42.457997
1081,1081,0,-1,,0,0,0,, 4294967295,,0,-76.491886,42.459573
1082,1082,0,-1,,0,0,0,, 4294967295,,0,-76.491943,42.460258
1083,1083,0,-1,,0,0,0,, 4294967295,,0,-76.499052,42.477119
1084,1084,0,-1,,2,0,0,, 4294967295,,0,-76.484663,42.409472
1085,1085,0,-1,,0,0,0,, 4294967295,,0,-76.528760,42.428020
1086,1086,0,-1,,0,0,0,, 4294967295,,0,-76.488138,42.453617
1087,1087,0,-1,,2,0,0,, 4294967295,,0,-76.489700,42.453953
1088,1088,0,-1,,2,0,0,, 4294967295,,0,-76.442116,42.448420
1089,1089,0,-1,,0,0,0,, 4294967295,,0,-76.468377,42.453634
1090,1090,0,-1,,2,0,0,, 4294967295,,0,-76.466686,42.453589
1091,1091,0,-1,,0,0,0,, 4294967295,,0,-76.478616,42.488437
1092,1092,0,-1,,0,0,0,, 4294967295,,0,-76.442541,42.453174
1093,1093,0,-1,,0,0,0,, 4294967295,,0,-76.441941,42.451316
1094,1094,0,-1,,0,0,0,, 4294967295,,0,-76.442669,42.453612
1095,1095,0,-1,,0,0,0,, 4294967295,,0,-76.448524,42.436303
1096,1096,0,-1,,0,0,0,, 4294967295,,0,-76.448733,42.440886
1097,1097,0,-1,,2,0,0,, 4294967295,,0,-76.478601,42.433915
1098,1098,0,-1,,0,0,0,, 4294967295,,0,-76.476060,42.432741
1099,1099,0,-1,,2,0,0,, 4294967295,,0,-76.486994,42.430450
1100,1100,0,-1,,0,0,0,, 4294967295,,0,-76.492147,42.431517
1101,1101,0,-1,,0,0,0,, 4294967295,,0,-76.449697,42.421550
1102,1102,0,-1,,0,0,0,, 4294967295,,0,-76.455263,42.421851
1103,1103,0,-1,,0,0,0,, 4294967295,,0,-76.470822,42.429438
1104,1104,0,-1,,0,0,0,, 4294967295,,0,-76.472125,42.429339
1105,1105,0,-1,,2,0,0,, 4294967295,,0,-76.493555,42.442348
1106,1106,0,-1,,0,0,0,, 4294967295,,0,-76.498853,42.472034
1107,1107,0,-1,,2,0,0,, 4294967295,,0,-76.479725,42.463632
1108,1108,0,-1,,0,0,0,, 4294967295,,0,-76.483871,42.463977
1109,1109,0,-1,,0,0,0,, 4294967295,,0,-76.478439,42.478367
1110,1110,0,-1,,0,0,0,, 4294967295,,0,-76.498467,42.449547
1111,1111,0,-1,,0,0,0,, 4294967295,,0,-76.497383,42.449579
1112,1112,0,-1,,0,0,0,, 4294967295,,0,-76.489136,42.451073
1113,1113,0,-1,,0,0,0,, 4294967295,,0,-76.486113,42.435806
1114,1114,0,-1,,0,0,0,, 4294967295,,0,-76.505847,42.427431
1115,1115,0,-1,,0,0,0,, 4294967295,,0,-76.458676,42.467298
1116,1116,0,-1,,0,0,0,, 4294967295,,0,-76.458762,42.469415
1117,1117,0,-1,,0,0,0,, 4294967295,,0,-76.456876,42.475545
1118,1118,0,-1,,0,0,0,, 4294967295,,0,-76.497425,42.450241
1119,1119,0,-1,,0,0,0,, 4294967295,,0,-76.496224,42.450288
1120,1120,0,-1,,0,0,0,, 4294967295,,0,-76.494979,42.450322
1121,1121,0,-1,,0,0,0,, 4294967295,,0,-76.539377,42.444704
1122,1122,0,-1,,0,0,0,, 4294967295,,0,-76.540882,42.443525
1123,1123,0,-1,,0,0,1,, 53,,0,-76.542772,42.442248
1124,1124,0,-1,,2,0,0,, 4294967295,,0,-76.492886,42.442321
1125,1125,0,-1,,0,0,0,, 4294967295,,0,-76.482909,42.456009
1126,1126,0,-1,,0,0,0,, 4294967295,,0,-76.483916,42.455230
1127,1127,0,-1,,0,0,0,, 4294967295,,0,-76.460125,42.470395
1128,1128,0,-1,,0,0,0,, 4294967295,,0,-76.459846,42.470520
1129,1129,0,-1,,2,0,0,, 4294967295,,0,-76.459929,42.474730
1130,1130,0,-1,,0,0,0,, 4294967295,,0,-76.490526,42.442418
1131,1131,0,-1,,2,0,0,, 4294967295,,0,-76.490544,42.442703
1132,1132,0,-1,,0,0,0,, 4294967295,,0,-76.499167,42.442590
1133,1133,0,-1,,0,0,0,, 4294967295,,0,-76.496962,42.442654
1134,1134,0,-1,,2,0,0,, 4294967295,,0,-76.494006,42.461378
1135,1135,0,-1,,0,0,0,, 4294967295,,0,-76.497395,42.419563
1136,1136,0,-1,,0,0,0,, 4294967295,,0,-76.501888,42.451583
1137,1137,0,-1,,0,0,0,, 4294967295,,0,-76.473706,42.471878
1138,1138,0,-1,,0,0,0,, 4294967295,,0,-76.464371,42.424362
1139,1139,0,-1,,2,0,0,, 4294967295,,0,-76.507549,42.484248
1140,1140,0,-1,,0,0,0,, 4294967295,,0,-76.502794,42.485157
1141,1141,0,-1,,0,0,0,, 4294967295,,0,-76.468954,42.467044
1142,1142,0,-1,,0,0,0,, 4294967295,,0,-76.491112,42.440633
1143,1143,0,-1,,0,0,0,, 4294967295,,0,-76.491679,42.440616
1144,1144,0,-1,,0,0,0,, 4294967295,,0,-76.494206,42.440543
1145,1145,0,-1,,0,0,0,, 4294967295,,0,-76.495444,42.440525
1146,1146,0,-1,,0,0,0,, 4294967295,,0,-76.505784,42.432697
1147,1147,0,-1,,0,0,0,, 4294967295,,0,-76.498236,42.446114
1148,1148,0,-1,,0,0,0,, 4294967295,,0,-76.498312,42.447257
1149,1149,0,-1,,0,0,0,, 4294967295,,0,-76.498652,42.452017
1150,1150,0,-1,,0,0,0,, 4294967295,,0,-76.500433,42.462170
1151,1151,0,-1,,0,0,0,, 4294967295,,0,-76.497234,42.447289
1152,1152,0,-1,,0,0,0,, 4294967295,,0,-76.496041,42.447323
1153,1153,0,-1,,0,0,0,, 4294967295,,0,-76.494815,42.447361
1154,1154,0,-1,,0,0,0,, 4294967295,,0,-76.500149,42.457962
1155,1155,0,-1,,0,0,0,, 4294967295,,0,-76.549491,42.476128
1156,1156,0,-1,,0,0,0,, 4294967295,,0,-76.485143,42.439315
1157,1157,0,-1,,2,0,0,, 4294967295,,0,-76.480891,42.486919
1158,1158,0,-1,,2,0,0,, 4294967295,,0,-76.502149,42.479879
1159,1159,0,-1,,0,0,0,, 4294967295,,0,-76.502556,42.480878
1160,1160,0,-1,,2,0,0,, 4294967295,,0,-76.503208,42.478010
1161,1161,0,-1,,2,0,0,, 4294967295,,0,-76.491230,42.447279
1162,1162,0,-1,,2,0,0,, 4294967295,,0,-76.523661,42.456891
1163,1163,0,-1,,0,0,0,, 4294967295,,0,-76.485157,42.439640
1164,1164,0,-1,,2,0,0,, 4294967295,,0,-76.470734,42.426465
1165,1165,0,-1,,0,0,0,, 4294967295,,0,-76.463683,42.422849
1166,1166,0,-1,,0,0,0,, 4294967295,,0,-76.463672,42.422791
1167,1167,0,-1,,0,0,0,, 4294967295,,0,-76.486931,42.468699
1168,1168,0,-1,,0,0,0,, 4294967295,,0,-76.485672,42.468779
1169,1169,0,-1,,0,0,0,, 4294967295,,0,-76.481277,42.469755
1170,1170,0,-1,,0,0,0,, 4294967295,,0,-76.482661,42.434186
1171,1171,0,-1,,0,0,0,, 4294967295,,0,-76.485707,42.483728
1172,1172,0,-1,,0,0,0,, 4294967295,,0,-76.487994,42.483804
1173,1173,0,-1,,2,0,0,, 4294967295,,0,-76.536940,42.475410
1174,1174,0,-1,,0,0,0,, 4294967295,,0,-76.538794,42.419231
1175,1175,0,-1,,0,0,0,, 4294967295,,0,-76.488090,42.453757
1176,1176,0,-1,,2,0,0,, 4294967295,,0,-76.507925,42.446334
1177,1177,0,-1,,0,0,0,, 4294967295,,0,-76.506482,42.444563
1178,1178,0,-1,,0,0,0,, 4294967295,,0,-76.486761,42.451020
1179,1179,0,-1,,0,0,0,, 4294967295,,0,-76.485911,42.451283
1180,1180,0,-1,,0,0,0,, 4294967295,,0,-76.483878,42.451371
1181,1181,0,-1,,0,0,0,, 4294967295,,0,-76.494431,42.443370
1182,1182,0,-1,,0,0,0,, 4294967295,,0,-76.493067,42.447254
1183,1183,0,-1,,0,0,0,, 4294967295,,0,-76.492381,42.449358
1184,1184,0,-1,,0,0,0,, 4294967295,,0,-76.459967,42.467266
1185,1185,0,-1,,2,0,0,, 4294967295,,0,-76.460038,42.468617
1186,1186,0,-1,,0,0,0,, 4294967295,,0,-76.523429,42.417700
1187,1187,0,-1,,2,0,0,, 4294967295,,0,-76.524980,42.418306
1188,1188,0,-1,,0,0,0,, 4294967295,,0,-76.445799,42.422620
1189,1189,0,-1,,2,0,0,, 4294967295,,0,-76.382193,42.395447
1190,1190,0,-1,,0,0,0,, 4294967295,,0,-76.500747,42.448417
1191,1191,0,-1,,0,0,0,, 4294967295,,0,-76.501464,42.449305
1192,1192,0,-1,,0,0,0,, 4294967295,,0,-76.501841,42.449771
1193,1193,0,-1,,0,0,0,, 4294967295,,0,-76.501912,42.449858
1194,1194,0,-1,,2,0,0,, 4294967295,,0,-76.491715,42.452085
1195,1195,0,-1,,0,0,0,, 4294967295,,0,-76.481785,42.437500
1196,1196,0,-1,,0,0,0,, 4294967295,,0,-76.454134,42.417711
1197,1197,0,-1,,2,0,1,, 67,,0,-76.436029,42.426828
1198,1198,0,-1,,0,0,0,, 4294967295,,0,-76.431267,42.430765
1199,1199,0,-1,,0,0,0,, 4294967295,,0,-76.504197,42.428867
1200,1200,0,-1,,0,0,0,, 4294967295,,0,-76.502445,42.430498
1201,1201,0,-1,,0,0,0,, 4294967295,,0,-76.501681,42.431318
1202,1202,0,-1,,0,0,0,, 4294967295,,0,-76.492391,42.430944
1203,1203,0,-1,,0,0,0,, 4294967295,,0,-76.464526,42.472005
1204,1204,0,-1,,0,0,0,, 4294967295,,0,-76.476884,42.464456
1205,1205,0,-1,,2,0,0,, 4294967295,,0,-76.478081,42.463388
1206,1206,0,-1,,0,0,0,, 4294967295,,0,-76.500448,42.460932
1207,1207,0,-1,,0,0,0,, 4294967295,,0,-76.494751,42.446228
1208,1208,0,-1,,0,0,0,, 4294967295,,0,-76.495980,42.446185
1209,1209,0,-1,,0,0,0,, 4294967295,,0,-76.497161,42.446147
1210,1210,0,-1,,2,0,0,, 4294967295,,0,-76.486468,42.401728
1211,1211,0,-1,,0,0,0,, 4294967295,,0,-76.488820,42.454212
1212,1212,0,-1,,0,0,0,, 4294967295,,0,-76.502486,42.448846
1213,1213,0,-1,,0,0,0,, 4294967295,,0,-76.500995,42.449515
1214,1214,0,-1,,0,0,0,, 4294967295,,0,-76.508342,42.439255
1215,1215,0,-1,,0,0,0,, 4294967295,,0,-76.508386,42.440114
1216,1216,0,-1,,0,0,0,, 4294967295,,0,-76.506126,42.449025
1217,1217,0,-1,,0,0,0,, 4294967295,,0,-76.504450,42.450522
1218,1218,0,-1,,0,0,0,, 4294967295,,0,-76.543811,42.407137
1219,1219,0,-1,,2,0,0,, 4294967295,,0,-76.551274,42.414799
1220,1220,0,-1,,0,0,0,, 4294967295,,0,-76.520704,42.450880
1221,1221,0,-1,,2,0,0,, 4294967295,,0,-76.522270,42.448712
1222,1222,0,-1,,0,0,0,, 4294967295,,0,-76.495427,42.454932
1223,1223,0,-1,,0,0,0,, 4294967295,,0,-76.495793,42.454895
1224,1224,0,-1,,0,0,0,, 4294967295,,0,-76.495586,42.454646
1225,1225,0,-1,,2,0,0,, 4294967295,,0,-76.501421,42.453390
1226,1226,0,-1,,0,0,0,, 4294967295,,0,-76.498816,42.435026
1227,1227,0,-1,,0,0,0,, 4294967295,,0,-76.503646,42.433850
1228,1228,0,-1,,0,0,0,, 4294967295,,0,-76.505831,42.434265
1229,1229,0,-1,,2,0,0,, 4294967295,,0,-76.442463,42.431111
1230,1230,0,-1,,0,0,0,, 4294967295,,0,-76.442437,42.432142
1231,1231,0,-1,,0,0,0,, 4294967295,,0,-76.526170,42.428689
1232,1232,0,-1,,0,0,0,, 4294967295,,0,-76.492778,42.472086
1233,1233,0,-1,,0,0,0,, 4294967295,,0,-76.481832,42.476468
1234,1234,0,-1,,0,0,0,, 4294967295,,0,-76.481949,42.476485
1235,1235,0,-1,,0,0,0,, 4294967295,,0,-76.489509,42.476616
1236,1236,0,-1,,0,0,0,, 4294967295,,0,-76.483354,42.476246
1237,1237,0,-1,,0,0,0,, 4294967295,,0,-76.491471,42.454520
1238,1238,0,-1,,2,0,0,, 4294967295,,0,-76.492261,42.454419
1239,1239,0,-1,,2,0,0,, 4294967295,,0,-76.491368,42.454210
1240,1240,0,-1,,0,0,0,, 4294967295,,0,-76.479962,42.438927
1241,1241,0,-1,,0,0,0,, 4294967295,,0,-76.480370,42.441103
1242,1242,0,-1,,2,0,0,, 4294967295,,0,-76.442048,42.391982
1243,1243,0,-1,,0,0,0,, 4294967295,,0,-76.436204,42.402762
1244,1244,0,-1,,2,0,0,, 4294967295,,0,-76.474736,42.476581
1245,1245,0,-1,,0,0,0,, 4294967295,,0,-76.520707,42.439208
1246,1246,0,-1,,2,0,0,, 4294967295,,0,-76.520864,42.443502
1247,1247,0,-1,,0,0,0,, 4294967295,,0,-76.506720,42.441082
1248,1248,0,-1,,0,0,0,, 4294967295,,0,-76.467663,42.490066
1249,1249,0,-1,,0,0,0,, 4294967295,,0,-76.470967,42.489985
1250,1250,0,-1,,0,0,0,, 4294967295,,0,-76.492775,42.437671
1251,1251,0,-1,,0,0,0,, 4294967295,,0,-76.490074,42.436808
1252,1252,0,-1,,0,0,0,, 4294967295,,0,-76.493045,42.438032
1253,1253,0,-1,,0,0,0,, 4294967295,,0,-76.492314,42.435876
1254,1254,0,-1,,0,0,0,, 4294967295,,0,-76.490022,42.436742
1255,1255,0,-1,,0,0,0,, 4294967295,,0,-76.498178,42.436911
1256,1256,0,-1,,0,0,0,, 4294967295,,0,-76.498887,42.436887
1257,1257,0,-1,,0,0,0,, 4294967295,,0,-76.495455,42.439242
1258,1258,0,-1,,0,0,0,, 4294967295,,0,-76.498829,42.435394
1259,1259,0,-1,,0,0,0,, 4294967295,,0,-76.498830,42.435501
1260,1260,0,-1,,0,0,0,, 4294967295,,0,-76.498879,42.436549
1261,1261,0,-1,,2,0,0,, 4294967295,,0,-76.507845,42.436297
1262,1262,0,-1,,0,0,0,, 4294967295,,0,-76.503670,42.434278
1263,1263,0,-1,,0,0,0,, 4294967295,,0,-76.501473,42.434530
1264,1264,0,-1,,0,0,0,, 4294967295,,0,-76.501477,42.434608
1265,1265,0,-1,,0,0,0,, 4294967295,,0,-76.501589,42.436803
1266,1266,0,-1,,0,0,0,, 4294967295,,0,-76.503651,42.433936
1267,1267,0,-1,,0,0,0,, 4294967295,,0,-76.503665,42.434198
1268,1268,0,-1,,0,0,0,, 4294967295,,0,-76.508204,42.436346
1269,1269,0,-1,,0,0,0,, 4294967295,,0,-76.508192,42.436022
1270,1270,0,-1,,0,0,0,, 4294967295,,0,-76.508218,42.436755
1271,1271,0,-1,,2,0,0,, 4294967295,,0,-76.498736,42.432216
1272,1272,0,-1,,0,0,0,, 4294967295,,0,-76.498850,42.434624
1273,1273,0,-1,,0,0,1,, 54,,0,-76.514466,42.440729
1274,1274,0,-1,,0,0,0,, 4294967295,,0,-76.515055,42.441130
1275,1275,0,-1,,0,0,0,, 4294967295,,0,-76.500501,42.455149
1276,1276,0,-1,,0,0,0,, 4294967295,,0,-76.500596,42.455175
1277,1277,0,-1,,0,0,0,, 4294967295,,0,-76.500922,42.454536
1278,1278,0,-1,,0,0,0,, 4294967295,,0,-76.502378,42.452795
1279,1279,0,-1,,0,0,0,, 4294967295,,0,-76.499902,42.454582
1280,1280,0,-1,,0,0,0,, 4294967295,,0,-76.499882,42.454269
1281,1281,0,-1,,0,0,0,, 4294967295,,0,-76.499050,42.440403
1282,1282,0,-1,,0,0,0,, 4294967295,,0,-76.499028,42.439549
1283,1283,0,-1,,0,0,0,, 4294967295,,0,-76.508572,42.445873
1284,1284,0,-1,,0,0,0,, 4294967295,,0,-76.506709,42.448393
1285,1285,0,-1,,0,0,0,, 4294967295,,0,-76.508263,42.437448
1286,1286,0,-1,,0,0,0,, 4294967295,,0,-76.485377,42.433261
1287,1287,0,-1,,0,0,0,, 4294967295,,0,-76.489980,42.436696
1288,1288,0,-1,,0,0,0,, 4294967295,,0,-76.514286,42.440985
1289,1289,0,-1,,0,0,0,, 4294967295,,0,-76.514997,42.441356
1290,1290,0,-1,,0,0,0,, 4294967295,,0,-76.514894,42.452374
1291,1291,0,-1,,0,0,0,, 4294967295,,0,-76.515364,42.452514
1292,1292,0,-1,,0,0,0,, 4294967295,,0,-76.519627,42.457751
1293,1293,0,-1,,0,0,0,, 4294967295,,0,-76.513520,42.443211
1294,1294,0,-1,,0,0,0,, 4294967295,,0,-76.514167,42.444185
1295,1295,0,-1,,0,0,0,, 4294967295,,0,-76.501811,42.441232
1296,1296,0,-1,,0,0,0,, 4294967295,,0,-76.500832,42.441263
1297,1297,0,-1,,0,0,0,, 4294967295,,0,-76.495679,42.440521
1298,1298,0,-1,,0,0,0,, 4294967295,,0,-76.513404,42.440081
1299,1299,0,-1,,2,0,0,, 4294967295,,0,-76.514758,42.440000
1300,1300,0,-1,,0,0,0,, 4294967295,,0,-76.513325,42.440887
1301,1301,0,-1,,0,0,0,, 4294967295,,0,-76.512050,42.440908
1302,1302,0,-1,,0,0,0,, 4294967295,,0,-76.511649,42.440919
1303,1303,0,-1,,0,0,0,, 4294967295,,0,-76.510859,42.440948
1304,1304,0,-1,,0,0,0,, 4294967295,,0,-76.513175,42.439956
1305,1305,0,-1,,0,0,0,, 4294967295,,0,-76.513098,42.439918
1306,1306,0,-1,,0,0,0,, 4294967295,,0,-76.512119,42.439439
1307,1307,0,-1,,0,0,0,, 4294967295,,0,-76.511757,42.439308
1308,1308,0,-1,,0,0,0,, 4294967295,,0,-76.495794,42.442694
1309,1309,0,-1,,0,0,0,, 4294967295,,0,-76.493718,42.439435
1310,1310,0,-1,,0,0,0,, 4294967295,,0,-76.510596,42.440043
1311,1311,0,-1,,0,0,0,, 4294967295,,0,-76.510062,42.438291
1312,1312,0,-1,,0,0,0,, 4294967295,,0,-76.509224,42.437492
1313,1313,0,-1,,0,0,0,, 4294967295,,0,-76.509618,42.433754
1314,1314,0,-1,,0,0,0,, 4294967295,,0,-76.484068,42.481348
1315,1315,0,-1,,0,0,0,, 4294967295,,0,-76.484169,42.481487
1316,1316,0,-1,,0,0,0,, 4294967295,,0,-76.483691,42.480822
1317,1317,0,-1,,0,0,0,, 4294967295,,0,-76.494690,42.480121
1318,1318,0,-1,,0,0,0,, 4294967295,,0,-76.498294,42.480015
1319,1319,0,-1,,0,0,0,, 4294967295,,0,-76.499370,42.478428
1320,1320,0,-1,,0,0,0,, 4294967295,,0,-76.499454,42.478733
1321,1321,0,-1,,0,0,0,, 4294967295,,0,-76.499473,42.478827
1322,1322,0,-1,,2,0,0,, 4294967295,,0,-76.510026,42.497071
1323,1323,0,-1,,0,0,0,, 4294967295,,0,-76.463050,42.482619
1324,1324,0,-1,,0,0,0,, 4294967295,,0,-76.464530,42.482561
1325,1325,0,-1,,0,0,0,, 4294967295,,0,-76.498993,42.463240
1326,1326,0,-1,,0,0,0,, 4294967295,,0,-76.498625,42.464116
1327,1327,0,-1,,0,0,0,, 4294967295,,0,-76.498520,42.463812
1328,1328,0,-1,,0,0,0,, 4294967295,,0,-76.498883,42.463060
1329,1329,0,-1,,0,0,0,, 4294967295,,0,-76.504135,42.450944
1330,1330,0,-1,,0,0,0,, 4294967295,,0,-76.532529,42.414022
1331,1331,0,-1,,0,0,0,, 4294967295,,0,-76.531400,42.414501
1332,1332,0,-1,,0,0,0,, 4294967295,,0,-76.485053,42.445168
1333,1333,0,-1,,2,0,0,, 4294967295,,0,-76.485567,42.448368
1334,1334,0,-1,,0,0,0,, 4294967295,,0,-76.500540,42.467468
1335,1335,0,-1,,0,0,0,, 4294967295,,0,-76.529343,42.415346
1336,1336,0,-1,,0,0,0,, 4294967295,,0,-76.525636,42.416802
1337,1337,0,-1,,0,0,0,, 4294967295,,0,-76.531048,42.414630
1338,1338,0,-1,,0,0,0,, 4294967295,,0,-76.467255,42.482179
1339,1339,0,-1,,0,0,0,, 4294967295,,0,-76.465268,42.482348
1340,1340,0,-1,,0,0,0,, 4294967295,,0,-76.467271,42.482365
1341,1341,0,-1,,0,0,0,, 4294967295,,0,-76.490044,42.480731
1342,1342,0,-1,,0,0,0,, 4294967295,,0,-76.512942,42.436449
1343,1343,0,-1,,0,0,0,, 4294967295,,0,-76.531372,42.414906
1344,1344,0,-1,,0,0,0,, 4294967295,,0,-76.527471,42.425635
1345,1345,0,-1,,0,0,0,, 4294967295,,0,-76.527216,42.426720
1346,1346,0,-1,,0,0,0,, 4294967295,,0,-76.495652,42.481479
1347,1347,0,-1,,0,0,0,, 4294967295,,0,-76.467611,42.478614
1348,1348,0,-1,,0,0,0,, 4294967295,,0,-76.450112,42.467510
1349,1349,0,-1,,0,0,0,, 4294967295,,0,-76.450574,42.478833
1350,1350,0,-1,,0,0,0,, 4294967295,,0,-76.480618,42.449526
1351,1351,0,-1,,0,0,0,, 4294967295,,0,-76.546063,42.404495
1352,1352,0,-1,,0,0,0,, 4294967295,,0,-76.533047,42.413810
1353,1353,0,-1,,0,0,0,, 4294967295,,0,-76.508434,42.441023
1354,1354,0,-1,,0,0,0,, 4294967295,,0,-76.509498,42.440994
1355,1355,0,-1,,0,0,0,, 4294967295,,0,-76.494809,42.437877
1356,1356,0,-1,,0,0,0,, 4294967295,,0,-76.494812,42.437902
1357,1357,0,-1,,0,0,0,, 4294967295,,0,-76.494963,42.438389
1358,1358,0,-1,,0,0,0,, 4294967295,,0,-76.512563,42.441457
1359,1359,0,-1,,0,0,0,, 4294967295,,0,-76.512481,42.440903
1360,1360,0,-1,,0,0,0,, 4294967295,,0,-76.492136,42.434960
1361,1361,0,-1,,0,0,0,, 4294967295,,0,-76.492083,42.434812
1362,1362,0,-1,,0,0,0,, 4294967295,,0,-76.541021,42.465334
1363,1363,0,-1,,0,0,0,, 4294967295,,0,-76.543061,42.464497
1364,1364,0,-1,,0,0,0,, 4294967295,,0,-76.483063,42.441417
1365,1365,0,-1,,0,0,0,, 4294967295,,0,-76.481720,42.437575
1366,1366,0,-1,,0,0,0,, 4294967295,,0,-76.507007,42.459690
1367,1367,0,-1,,0,0,0,, 4294967295,,0,-76.505480,42.461353
1368,1368,0,-1,,0,0,0,, 4294967295,,0,-76.502731,42.462507
1369,1369,0,-1,,0,0,0,, 4294967295,,0,-76.514699,42.425521
1370,1370,0,-1,,0,0,0,, 4294967295,,0,-76.511811,42.427019
1371,1371,0,-1,,0,0,0,, 4294967295,,0,-76.512053,42.429814
1372,1372,0,-1,,0,0,0,, 4294967295,,0,-76.512104,42.429879
1373,1373,0,-1,,0,0,0,, 4294967295,,0,-76.511283,42.430102
1374,1374,0,-1,,0,0,0,, 4294967295,,0,-76.509077,42.430329
1375,1375,0,-1,,0,0,0,, 4294967295,,0,-76.507935,42.430360
1376,1376,0,-1,,0,0,0,, 4294967295,,0,-76.507936,42.430455
1377,1377,0,-1,,0,0,0,, 4294967295,,0,-76.508745,42.430431
1378,1378,0,-1,,0,0,0,, 4294967295,,0,-76.511892,42.428568
1379,1379,0,-1,,0,0,0,, 4294967295,,0,-76.500668,42.413081
1380,1380,0,-1,,0,0,0,, 4294967295,,0,-76.500862,42.414171
1381,1381,0,-1,,0,0,0,, 4294967295,,0,-76.513295,42.429581
1382,1382,0,-1,,0,0,0,, 4294967295,,0,-76.511686,42.429952
1383,1383,0,-1,,0,0,0,, 4294967295,,0,-76.511288,42.430184
1384,1384,0,-1,,0,0,0,, 4294967295,,0,-76.511694,42.430034
1385,1385,0,-1,,0,0,0,, 4294967295,,0,-76.498746,42.414015
1386,1386,0,-1,,0,0,0,, 4294967295,,0,-76.499314,42.412601
1387,1387,0,-1,,0,0,0,, 4294967295,,0,-76.531487,42.449495
1388,1388,0,-1,,0,0,0,, 4294967295,,0,-76.530854,42.449512
1389,1389,0,-1,,0,0,0,, 4294967295,,0,-76.489647,42.443110
1390,1390,0,-1,,0,0,0,, 4294967295,,0,-76.489367,42.444733
1391,1391,0,-1,,0,0,0,, 4294967295,,0,-76.489553,42.443540
1392,1392,0,-1,,0,0,0,, 4294967295,,0,-76.489612,42.443272
1393,1393,0,-1,,0,0,0,, 4294967295,,0,-76.489112,42.445025
1394,1394,0,-1,,0,0,0,, 4294967295,,0,-76.489234,42.444883
1395,1395,0,-1,,0,0,0,, 4294967295,,0,-76.489536,42.445055
1396,1396,0,-1,,0,0,0,, 4294967295,,0,-76.486055,42.445572
1397,1397,0,-1,,2,0,0,, 4294967295,,0,-76.486620,42.444902
1398,1398,0,-1,,0,0,0,, 4294967295,,0,-76.479767,42.448518
1399,1399,0,-1,,0,0,0,, 4294967295,,0,-76.480825,42.450315
1400,1400,0,-1,,2,0,0,, 4294967295,,0,-76.480716,42.450695
1401,1401,0,-1,,0,0,0,, 4294967295,,0,-76.439136,42.458687
1402,1402,0,-1,,0,0,0,, 4294967295,,0,-76.448373,42.467747
1403,1403,0,-1,,0,0,0,, 4294967295,,0,-76.470698,42.453056
1404,1404,0,-1,,0,0,0,, 4294967295,,0,-76.470348,42.453219
1405,1405,0,-1,,0,0,0,, 4294967295,,0,-76.471652,42.452906
1406,1406,0,-1,,0,0,0,, 4294967295,,0,-76.466678,42.451380
1407,1407,0,-1,,0,0,0,, 4294967295,,0,-76.468399,42.452008
1408,1408,0,-1,,0,0,0,, 4294967295,,0,-76.481319,42.451876
1409,1409,0,-1,,0,0,0,, 4294967295,,0,-76.489828,42.452097
1410,1410,0,-1,,0,0,0,, 4294967295,,0,-76.489789,42.452628
1411,1411,0,-1,,0,0,0,, 4294967295,,0,-76.494674,42.453154
1412,1412,0,-1,,0,0,0,, 4294967295,,0,-76.494678,42.453397
1413,1413,0,-1,,0,0,0,, 4294967295,,0,-76.453990,42.452031
1414,1414,0,-1,,0,0,0,, 4294967295,,0,-76.451563,42.452777
1415,1415,0,-1,,0,0,0,, 4294967295,,0,-76.496910,42.456049
1416,1416,0,-1,,0,0,0,, 4294967295,,0,-76.449482,42.450922
1417,1417,0,-1,,0,0,0,, 4294967295,,0,-76.507996,42.431571
1418,1418,0,-1,,0,0,0,, 4294967295,,0,-76.508745,42.431548
1419,1419,0,-1,,0,0,0,, 4294967295,,0,-76.509714,42.431676
1420,1420,0,-1,,0,0,0,, 4294967295,,0,-76.509083,42.430425
1421,1421,0,-1,,0,0,0,, 4294967295,,0,-76.509038,42.429552
1422,1422,0,-1,,0,0,0,, 4294967295,,0,-76.508779,42.427729
1423,1423,0,-1,,0,0,0,, 4294967295,,0,-76.501108,42.431885
1424,1424,0,-1,,0,0,0,, 4294967295,,0,-76.501477,42.431543
1425,1425,0,-1,,0,0,0,, 4294967295,,0,-76.501332,42.431678
1426,1426,0,-1,,0,0,0,, 4294967295,,0,-76.501389,42.431774
1427,1427,0,-1,,0,0,0,, 4294967295,,0,-76.499991,42.455745
1428,1428,0,-1,,0,0,0,, 4294967295,,0,-76.498465,42.456735
1429,1429,0,-1,,0,0,0,, 4294967295,,0,-76.464639,42.487493
1430,1430,0,-1,,0,0,0,, 4294967295,,0,-76.511601,42.440020
1431,1431,0,-1,,0,0,0,, 4294967295,,0,-76.512007,42.440009
1432,1432,0,-1,,0,0,0,, 4294967295,,0,-76.504365,42.408468
1433,1433,0,-1,,2,0,0,, 4294967295,,0,-76.505002,42.406524
1434,1434,0,-1,,0,0,0,, 4294967295,,0,-76.485252,42.443127
1435,1435,0,-1,,0,0,0,, 4294967295,,0,-76.485209,42.442947
1436,1436,0,-1,,0,0,0,, 4294967295,,0,-76.485285,42.443272
1437,1437,0,-1,,0,0,0,, 4294967295,,0,-76.506529,42.448175
1438,1438,0,-1,,0,0,0,, 4294967295,,0,-76.495814,42.443333
1439,1439,0,-1,,0,0,0,, 4294967295,,0,-76.503837,42.437571
1440,1440,0,-1,,0,0,0,, 4294967295,,0,-76.495328,42.439615
1441,1441,0,-1,,0,0,0,, 4294967295,,0,-76.494522,42.443211
1442,1442,0,-1,,0,0,0,, 4294967295,,0,-76.494492,42.443277
1443,1443,0,-1,,0,0,0,, 4294967295,,0,-76.501957,42.447827
1444,1444,0,-1,,0,0,0,, 4294967295,,0,-76.501797,42.447899
1445,1445,0,-1,,0,0,0,, 4294967295,,0,-76.495820,42.443442
1446,1446,0,-1,,0,0,0,, 4294967295,,0,-76.501046,42.446979
1447,1447,0,-1,,0,0,0,, 4294967295,,0,-76.501202,42.446912
1448,1448,0,-1,,0,0,0,, 4294967295,,0,-76.501742,42.447924
1449,1449,0,-1,,0,0,0,, 4294967295,,0,-76.505204,42.450001
1450,1450,0,-1,,0,0,0,, 4294967295,,0,-76.504538,42.450588
1451,1451,0,-1,,0,0,0,, 4294967295,,0,-76.504040,42.450893
1452,1452,0,-1,,0,0,0,, 4294967295,,0,-76.503332,42.451554
1453,1453,0,-1,,0,0,0,, 4294967295,,0,-76.474736,42.443570
1454,1454,0,-1,,0,0,0,, 4294967295,,0,-76.470215,42.443729
1455,1455,0,-1,,0,0,0,, 4294967295,,0,-76.469667,42.443750
1456,1456,0,-1,,0,0,0,, 4294967295,,0,-76.464917,42.444963
1457,1457,0,-1,,0,0,0,, 4294967295,,0,-76.520127,42.419557
1458,1458,0,-1,,0,0,0,, 4294967295,,0,-76.514803,42.423910
1459,1459,0,-1,,0,0,1,, 64,,0,-76.513765,42.424803
1460,1460,0,-1,,0,0,0,, 4294967295,,0,-76.511281,42.426374
1461,1461,0,-1,,0,0,0,, 4294967295,,0,-76.465228,42.438580
1462,1462,0,-1,,0,0,0,, 4294967295,,0,-76.463167,42.438629
1463,1463,0,-1,,0,0,0,, 4294967295,,0,-76.462670,42.438638
1464,1464,0,-1,,0,0,0,, 4294967295,,0,-76.462780,42.438637
1465,1465,0,-1,,2,0,0,, 4294967295,,0,-76.522019,42.417156
1466,1466,0,-1,,0,0,0,, 4294967295,,0,-76.476425,42.442719
1467,1467,0,-1,,0,0,0,, 4294967295,,0,-76.476617,42.443193
1468,1468,0,-1,,0,0,0,, 4294967295,,0,-76.524198,42.417389
1469,1469,0,-1,,0,0,0,, 4294967295,,0,-76.523797,42.417558
1470,1470,0,-1,,0,0,0,, 4294967295,,0,-76.479811,42.445259
1471,1471,0,-1,,0,0,0,, 4294967295,,0,-76.475826,42.445258
1472,1472,0,-1,,0,0,0,, 4294967295,,0,-76.448747,42.441185
1473,1473,0,-1,,0,0,0,, 4294967295,,0,-76.470454,42.444346
1474,1474,0,-1,,2,0,0,, 4294967295,,0,-76.471056,42.444864
1475,1475,0,-1,,0,0,0,, 4294967295,,0,-76.494879,42.448500
1476,1476,0,-1,,2,0,0,, 4294967295,,0,-76.495043,42.450911
1477,1477,0,-1,,0,0,0,, 4294967295,,0,-76.491838,42.449584
1478,1478,0,-1,,0,0,0,, 4294967295,,0,-76.490349,42.449291
1479,1479,0,-1,,2,0,0,, 4294967295,,0,-76.475542,42.455332
1480,1480,0,-1,,0,0,0,, 4294967295,,0,-76.487093,42.459435
1481,1481,0,-1,,0,0,0,, 4294967295,,0,-76.462560,42.487590
1482,1482,0,-1,,0,0,0,, 4294967295,,0,-76.464074,42.487503
1483,1483,0,-1,,0,0,0,, 4294967295,,0,-76.436024,42.402986
1484,1484,0,-1,,0,0,0,, 4294967295,,0,-76.452488,42.412500
1485,1485,0,-1,,0,0,0,, 4294967295,,0,-76.448559,42.414590
1486,1486,0,-1,,0,0,1,, 77,,0,-76.429433,42.405365
1487,1487,0,-1,,0,0,0,, 4294967295,,0,-76.467504,42.487169
1488,1488,0,-1,,0,0,0,, 4294967295,,0,-76.464964,42.487337
1489,1489,0,-1,,0,0,0,, 4294967295,,0,-76.454192,42.410995
1490,1490,0,-1,,0,0,0,, 4294967295,,0,-76.453961,42.411350
1491,1491,0,-1,,0,0,0,, 4294967295,,0,-76.495158,42.440489
1492,1492,0,-1,,0,0,0,, 4294967295,,0,-76.464335,42.435868
1493,1493,0,-1,,0,0,0,, 4294967295,,0,-76.463405,42.434918
1494,1494,0,-1,,2,0,0,, 4294967295,,0,-76.483835,42.436545
1495,1495,0,-1,,2,0,0,, 4294967295,,0,-76.543357,42.464440
1496,1496,0,-1,,2,0,0,, 4294967295,,0,-76.547917,42.401761
1497,1497,0,-1,,0,0,0,, 4294967295,,0,-76.548171,42.402707
1498,1498,0,-1,,0,0,1,, 74,,0,-76.514295,42.410111
1499,1499,0,-1,,2,0,0,, 4294967295,,0,-76.521820,42.390924
1500,1500,0,-1,,0,0,0,, 4294967295,,0,-76.482310,42.454682
1501,1501,0,-1,,0,0,0,, 4294967295,,0,-76.483755,42.456907
1502,1502,0,-1,,0,0,0,, 4294967295,,0,-76.485209,42.456055
1503,1503,0,-1,,2,0,0,, 4294967295,,0,-76.484541,42.458704
1504,1504,0,-1,,0,0,0,, 4294967295,,0,-76.470738,42.448910
1505,1505,0,-1,,0,0,0,, 4294967295,,0,-76.474125,42.449488
1506,1506,0,-1,,0,0,0,, 4294967295,,0,-76.509317,42.481157
1507,1507,0,-1,,0,0,0,, 4294967295,,0,-76.522224,42.436703
1508,1508,0,-1,,0,0,0,, 4294967295,,0,-76.506217,42.448926
1509,1509,0,-1,,2,0,0,, 4294967295,,0,-76.504952,42.491864
1510,1510,0,-1,,0,0,0,, 4294967295,,0,-76.546311,42.402834
1511,1511,0,-1,,0,0,0,, 4294967295,,0,-76.546160,42.404128
1512,1512,0,-1,,0,0,0,, 4294967295,,0,-76.508041,42.432622
1513,1513,0,-1,,0,0,0,, 4294967295,,0,-76.458262,42.475492
1514,1514,0,-1,,0,0,0,, 4294967295,,0,-76.478600,42.488859
1515,1515,0,-1,,0,0,0,, 4294967295,,0,-76.476027,42.489851
1516,1516,0,-1,,0,0,0,, 4294967295,,0,-76.462961,42.435921
1517,1517,0,-1,,0,0,0,, 4294967295,,0,-76.464088,42.436181
1518,1518,0,-1,,0,0,0,, 4294967295,,0,-76.500069,42.470504
1519,1519,0,-1,,0,0,0,, 4294967295,,0,-76.445938,42.420783
1520,1520,0,-1,,2,0,1,, 56,,0,-76.459703,42.438425
1521,1521,0,-1,,0,0,0,, 4294967295,,0,-76.502106,42.404086
1522,1522,0,-1,,2,0,0,, 4294967295,,0,-76.497586,42.404959
1523,1523,0,-1,,0,0,0,, 4294967295,,0,-76.515225,42.452670
1524,1524,0,-1,,0,0,0,, 4294967295,,0,-76.501674,42.438550
1525,1525,0,-1,,0,0,0,, 4294967295,,0,-76.500692,42.438581
1526,1526,0,-1,,0,0,0,, 4294967295,,0,-76.491526,42.423306
1527,1527,0,-1,,0,0,0,, 4294967295,,0,-76.491711,42.424602
1528,1528,0,-1,,0,0,0,, 4294967295,,0,-76.492021,42.425098
1529,1529,0,-1,,2,0,0,, 4294967295,,0,-76.504311,42.431885
1530,1530,0,-1,,0,0,0,, 4294967295,,0,-76.504230,42.431791
1531,1531,0,-1,,0,0,0,, 4294967295,,0,-76.464532,42.482446
1532,1532,0,-1,,0,0,0,, 4294967295,,0,-76.465125,42.482535
1533,1533,0,-1,,0,0,0,, 4294967295,,0,-76.432823,42.478434
1534,1534,0,-1,,2,0,0,, 4294967295,,0,-76.430823,42.477406
1535,1535,0,-1,,0,0,0,, 4294967295,,0,-76.465345,42.482520
1536,1536,0,-1,,0,0,0,, 4294967295,,0,-76.483953,42.437678
1537,1537,0,-1,,0,0,0,, 4294967295,,0,-76.496841,42.440486
1538,1538,0,-1,,0,0,0,, 4294967295,,0,-76.496339,42.440501
1539,1539,0,-1,,0,0,0,, 4294967295,,0,-76.501876,42.442514
1540,1540,0,-1,,0,0,0,, 4294967295,,0,-76.501922,42.443423
1541,1541,0,-1,,0,0,0,, 4294967295,,0,-76.501979,42.444517
1542,1542,0,-1,,0,0,0,, 4294967295,,0,-76.495019,42.438491
1543,1543,0,-1,,0,0,0,, 4294967295,,0,-76.491147,42.429082
1544,1544,0,-1,,0,0,0,, 4294967295,,0,-76.495761,42.422807
1545,1545,0,-1,,0,0,0,, 4294967295,,0,-76.495661,42.422630
1546,1546,0,-1,,0,0,0,, 4294967295,,0,-76.500996,42.444543
1547,1547,0,-1,,0,0,0,, 4294967295,,0,-76.499479,42.444590
1548,1548,0,-1,,0,0,0,, 4294967295,,0,-76.505870,42.447338
1549,1549,0,-1,,0,0,0,, 4294967295,,0,-76.502437,42.447611
1550,1550,0,-1,,0,0,0,, 4294967295,,0,-76.504375,42.445489
1551,1551,0,-1,,0,0,0,, 4294967295,,0,-76.503548,42.444469
1552,1552,0,-1,,0,0,0,, 4294967295,,0,-76.499729,42.451980
1553,1553,0,-1,,0,0,0,, 4294967295,,0,-76.497543,42.452054
1554,1554,0,-1,,0,0,0,, 4294967295,,0,-76.497584,42.452795
1555,1555,0,-1,,0,0,0,, 4294967295,,0,-76.494670,42.452888
1556,1556,0,-1,,0,0,0,, 4294967295,,0,-76.494672,42.453075
1557,1557,0,-1,,0,0,0,, 4294967295,,0,-76.479222,42.481330
1558,1558,0,-1,,0,0,0,, 4294967295,,0,-76.470612,42.481955
1559,1559,0,-1,,0,0,0,, 4294967295,,0,-76.483574,42.480657
1560,1560,0,-1,,0,0,0,, 4294967295,,0,-76.487676,42.486712
1561,1561,0,-1,,2,0,0,, 4294967295,,0,-76.488687,42.482406
1562,1562,0,-1,,0,0,0,, 4294967295,,0,-76.501620,42.439462
1563,1563,0,-1,,0,0,0,, 4294967295,,0,-76.500855,42.439486
1564,1564,0,-1,,0,0,0,, 4294967295,,0,-76.518999,42.439037
1565,1565,0,-1,,0,0,0,, 4294967295,,0,-76.529621,42.460532
1566,1566,0,-1,,0,0,0,, 4294967295,,0,-76.538727,42.466068
1567,1567,0,-1,,0,0,0,, 4294967295,,0,-76.541779,42.467925
1568,1568,0,-1,,0,0,0,, 4294967295,,0,-76.542270,42.468238
1569,1569,0,-1,,2,0,0,, 4294967295,,0,-76.636916,42.529434
1570,1570,0,-1,,0,0,0,, 4294967295,,0,-76.496645,42.440493
1571,1571,0,-1,,0,0,0,, 4294967295,,0,-76.500894,42.442541
1572,1572,0,-1,,0,0,0,, 4294967295,,0,-76.497415,42.438679
1573,1573,0,-1,,0,0,0,, 4294967295,,0,-76.495227,42.438834
1574,1574,0,-1,,0,0,0,, 4294967295,,0,-76.499392,42.436870
1575,1575,0,-1,,0,0,0,, 4294967295,,0,-76.503882,42.438480
1576,1576,0,-1,,0,0,0,, 4294967295,,0,-76.502365,42.431277
1577,1577,0,-1,,0,0,0,, 4294967295,,0,-76.507885,42.429593
1578,1578,0,-1,,0,0,0,, 4294967295,,0,-76.512516,42.436458
1579,1579,0,-1,,0,0,0,, 4294967295,,0,-76.509704,42.431520
1580,1580,0,-1,,0,0,0,, 4294967295,,0,-76.513311,42.429689
1581,1581,0,-1,,0,0,0,, 4294967295,,0,-76.504833,42.453608
1582,1582,0,-1,,0,0,0,, 4294967295,,0,-76.505903,42.452913
1583,1583,0,-1,,0,0,0,, 4294967295,,0,-76.506011,42.453046
1584,1584,0,-1,,0,0,0,, 4294967295,,0,-76.506298,42.453425
1585,1585,0,-1,,0,0,0,, 4294967295,,0,-76.500990,42.451842
1586,1586,0,-1,,2,0,0,, 4294967295,,0,-76.622497,42.451224
1587,1587,0,-1,,0,0,0,, 4294967295,,0,-76.539963,42.448209
1588,1588,0,-1,,0,0,0,, 4294967295,,0,-76.531186,42.448447
1589,1589,0,-1,,0,0,0,, 4294967295,,0,-76.481101,42.469761
1590,1590,0,-1,,0,0,0,, 4294967295,,0,-76.478392,42.468767
1591,1591,0,-1,,0,0,0,, 4294967295,,0,-76.479991,42.469860
1592,1592,0,-1,,0,0,0,, 4294967295,,0,-76.491028,42.439289
1593,1593,0,-1,,0,0,0,, 4294967295,,0,-76.482486,42.451119
1594,1594,0,-1,,0,0,0,, 4294967295,,0,-76.469869,42.447549
1595,1595,0,-1,,0,0,0,, 4294967295,,0,-76.466869,42.447355
1596,1596,0,-1,,0,0,0,, 4294967295,,0,-76.467380,42.447534
1597,1597,0,-1,,0,0,0,, 4294967295,,0,-76.474997,42.449416
1598,1598,0,-1,,0,0,0,, 4294967295,,0,-76.479450,42.450894
1599,1599,0,-1,,0,0,0,, 4294967295,,0,-76.478104,42.468626
1600,1600,0,-1,,0,0,0,, 4294967295,,0,-76.466928,42.476806
1601,1601,0,-1,,0,0,0,, 4294967295,,0,-76.464662,42.472831
1602,1602,0,-1,,0,0,0,, 4294967295,,0,-76.467044,42.479049
1603,1603,0,-1,,0,0,0,, 4294967295,,0,-76.465755,42.480866
1604,1604,0,-1,,2,0,0,, 4294967295,,0,-76.466511,42.480843
1605,1605,0,-1,,2,0,0,, 4294967295,,0,-76.461925,42.474716
1606,1606,0,-1,,0,0,0,, 4294967295,,0,-76.484967,42.453580
1607,1607,0,-1,,0,0,0,, 4294967295,,0,-76.482426,42.478936
1608,1608,0,-1,,0,0,0,, 4294967295,,0,-76.469590,42.486125
1609,1609,0,-1,,0,0,0,, 4294967295,,0,-76.467453,42.486182
1610,1610,0,-1,,0,0,0,, 4294967295,,0,-76.464987,42.487473
1611,1611,0,-1,,0,0,0,, 4294967295,,0,-76.467519,42.487329
1612,1612,0,-1,,0,0,0,, 4294967295,,0,-76.496198,42.420504
1613,1613,0,-1,,2,0,0,, 4294967295,,0,-76.546453,42.401688
1614,1614,0,-1,,2,0,0,, 4294967295,,0,-76.476052,42.433681
1615,1615,0,-1,,0,0,0,, 4294967295,,0,-76.500616,42.439493
1616,1616,0,-1,,0,0,0,, 4294967295,,0,-76.490082,42.492206
1617,1617,0,-1,,0,0,0,, 4294967295,,0,-76.490095,42.492564
1618,1618,0,-1,,2,0,0,, 4294967295,,0,-76.490606,42.501525
1619,1619,0,-1,,2,0,0,, 4294967295,,0,-76.511317,42.444252
1620,1620,0,-1,,0,0,0,, 4294967295,,0,-76.509603,42.444518
1621,1621,0,-1,,0,0,0,, 4294967295,,0,-76.500130,42.457689
1622,1622,0,-1,,0,0,0,, 4294967295,,0,-76.500060,42.456679
1623,1623,0,-1,,0,0,0,, 4294967295,,0,-76.503586,42.432757
1624,1624,0,-1,,0,0,0,, 4294967295,,0,-76.501322,42.442529
1625,1625,0,-1,,0,0,0,, 4294967295,,0,-76.500821,42.449595
1626,1626,0,-1,,0,0,0,, 4294967295,,0,-76.500835,42.449845
1627,1627,0,-1,,0,0,0,, 4294967295,,0,-76.479672,42.443141
1628,1628,0,-1,,0,0,0,, 4294967295,,0,-76.481478,42.444137
1629,1629,0,-1,,0,0,0,, 4294967295,,0,-76.481575,42.445223
1630,1630,0,-1,,2,0,0,, 4294967295,,0,-76.481598,42.446385
1631,1631,0,-1,,0,0,0,, 4294967295,,0,-76.476815,42.443157
1632,1632,0,-1,,0,0,0,, 4294967295,,0,-76.476835,42.443153
1633,1633,0,-1,,0,0,0,, 4294967295,,0,-76.510647,42.440953
1634,1634,0,-1,,0,0,0,, 4294967295,,0,-76.510633,42.440696
1635,1635,0,-1,,0,0,0,, 4294967295,,0,-76.475037,42.459032
1636,1636,0,-1,,0,0,0,, 4294967295,,0,-76.478229,42.468449
1637,1637,0,-1,,0,0,0,, 4294967295,,0,-76.464555,42.436311
1638,1638,0,-1,,0,0,0,, 4294967295,,0,-76.462878,42.435904
1639,1639,0,-1,,0,0,0,, 4294967295,,0,-76.458412,42.435045
1640,1640,0,-1,,0,0,0,, 4294967295,,0,-76.483231,42.451408
1641,1641,0,-1,,0,0,0,, 4294967295,,0,-76.482529,42.451367
1642,1642,0,-1,,0,0,0,, 4294967295,,0,-76.502830,42.452241
1643,1643,0,-1,,0,0,0,, 4294967295,,0,-76.485155,42.482915
1644,1644,0,-1,,0,0,0,, 4294967295,,0,-76.486930,42.485600
1645,1645,0,-1,,0,0,0,, 4294967295,,0,-76.484630,42.482148
1646,1646,0,-1,,0,0,0,, 4294967295,,0,-76.486257,42.482559
1647,1647,0,-1,,0,0,0,, 4294967295,,0,-76.485748,42.482711
1648,1648,0,-1,,0,0,0,, 4294967295,,0,-76.484983,42.482667
1649,1649,0,-1,,0,0,0,, 4294967295,,0,-76.481798,42.475974
1650,1650,0,-1,,0,0,0,, 4294967295,,0,-76.481757,42.475360
1651,1651,0,-1,,0,0,0,, 4294967295,,0,-76.480797,42.471115
1652,1652,0,-1,,0,0,0,, 4294967295,,0,-76.488349,42.487725
1653,1653,0,-1,,0,0,0,, 4294967295,,0,-76.489917,42.491285
1654,1654,0,-1,,0,0,0,, 4294967295,,0,-76.486986,42.485689
1655,1655,0,-1,,0,0,0,, 4294967295,,0,-76.465067,42.478667
1656,1656,0,-1,,0,0,0,, 4294967295,,0,-76.467180,42.481497
1657,1657,0,-1,,0,0,0,, 4294967295,,0,-76.467310,42.483045
1658,1658,0,-1,,0,0,0,, 4294967295,,0,-76.470211,42.481984
1659,1659,0,-1,,0,0,0,, 4294967295,,0,-76.479944,42.484277
1660,1660,0,-1,,0,0,0,, 4294967295,,0,-76.466965,42.477707
1661,1661,0,-1,,0,0,0,, 4294967295,,0,-76.466949,42.477416
1662,1662,0,-1,,0,0,0,, 4294967295,,0,-76.466941,42.476993
1663,1663,0,-1,,0,0,0,, 4294967295,,0,-76.460719,42.446579
1664,1664,0,-1,,0,0,0,, 4294967295,,0,-76.449351,42.450979
1665,1665,0,-1,,0,0,0,, 4294967295,,0,-76.448898,42.444146
1666,1666,0,-1,,2,0,0,, 4294967295,,0,-76.451983,42.444000
1667,1667,0,-1,,2,0,0,, 4294967295,,0,-76.488661,42.481764
1668,1668,0,-1,,0,0,0,, 4294967295,,0,-76.494793,42.423051
1669,1669,0,-1,,0,0,0,, 4294967295,,0,-76.494843,42.423241
1670,1670,0,-1,,0,0,0,, 4294967295,,0,-76.447802,42.468057
1671,1671,0,-1,,2,0,1,, 37,,0,-76.430478,42.472034
1672,1672,0,-1,,0,0,0,, 4294967295,,0,-76.480308,42.469753
1673,1673,0,-1,,0,0,0,, 4294967295,,0,-76.465783,42.445951
1674,1674,0,-1,,0,0,0,, 4294967295,,0,-76.465339,42.445532
1675,1675,0,-1,,2,0,0,, 4294967295,,0,-76.551743,42.401649
1676,1676,0,-1,,0,0,0,, 4294967295,,0,-76.509803,42.439211
1677,1677,0,-1,,0,0,0,, 4294967295,,0,-76.481544,42.444889
1678,1678,0,-1,,0,0,0,, 4294967295,,0,-76.460996,42.446975
1679,1679,0,-1,,0,0,1,, 47,,0,-76.434081,42.457590
1680,1680,0,-1,,0,0,0,, 4294967295,,0,-76.470286,42.443364
1681,1681,0,-1,,0,0,0,, 4294967295,,0,-76.466333,42.440080
1682,1682,0,-1,,0,0,0,, 4294967295,,0,-76.508539,42.442949
1683,1683,0,-1,,0,0,0,, 4294967295,,0,-76.508587,42.443840
1684,1684,0,-1,,0,0,0,, 4294967295,,0,-76.465741,42.438816
1685,1685,0,-1,,0,0,0,, 4294967295,,0,-76.465588,42.438547
1686,1686,0,-1,,0,0,0,, 4294967295,,0,-76.465561,42.438480
1687,1687,0,-1,,0,0,0,, 4294967295,,0,-76.465346,42.438003
1688,1688,0,-1,,0,0,0,, 4294967295,,0,-76.464730,42.436683
1689,1689,0,-1,,0,0,0,, 4294967295,,0,-76.520547,42.419231
1690,1690,0,-1,,0,0,0,, 4294967295,,0,-76.438968,42.457150
1691,1691,0,-1,,0,0,0,, 4294967295,,0,-76.481931,42.477070
1692,1692,0,-1,,2,0,0,, 4294967295,,0,-76.476088,42.491023
1693,1693,0,-1,,2,0,1,, 35,,0,-76.484255,42.472314
1694,1694,0,-1,,0,0,0,, 4294967295,,0,-76.479763,42.447700
1695,1695,0,-1,,2,0,0,, 4294967295,,0,-76.519098,42.436446
1696,1696,0,-1,,0,0,0,, 4294967295,,0,-76.502964,42.410664
1697,1697,0,-1,,2,0,0,, 4294967295,,0,-76.504472,42.409864
1698,1698,0,-1,,0,0,0,, 4294967295,,0,-76.540783,42.465030
1699,1699,0,-1,,0,0,0,, 4294967295,,0,-76.540161,42.464058
1700,1700,0,-1,,2,0,0,, 4294967295,,0,-76.490187,42.451287
1701,1701,0,-1,,0,0,0,, 4294967295,,0,-76.501227,42.411026
1702,1702,0,-1,,0,0,0,, 4294967295,,0,-76.500797,42.411371
1703,1703,0,-1,,0,0,0,, 4294967295,,0,-76.499224,42.414376
1704,1704,0,-1,,2,0,0,, 4294967295,,0,-76.486790,42.438599
1705,1705,0,-1,,2,0,0,, 4294967295,,0,-76.485652,42.435205
1706,1706,0,-1,,0,0,0,, 4294967295,,0,-76.487177,42.436664
1707,1707,0,-1,,2,0,0,, 4294967295,,0,-76.471355,42.432172
1708,1708,0,-1,,2,0,0,, 4294967295,,0,-76.471633,42.431139
1709,1709,0,-1,,2,0,0,, 4294967295,,0,-76.469007,42.430295
1710,1710,0,-1,,2,0,0,, 4294967295,,0,-76.493894,42.482037
1711,1711,0,-1,,2,0,0,, 4294967295,,0,-76.465794,42.448352
1712,1712,0,-1,,2,0,0,, 4294967295,,0,-76.476759,42.444070
1713,1713,0,-1,,2,0,0,, 4294967295,,0,-76.532088,42.437767
1714,1714,0,-1,,2,0,0,, 4294967295,,0,-76.481595,42.433556
1715,1715,0,-1,,2,0,0,, 4294967295,,0,-76.449611,42.421799
1716,1716,0,-1,,0,0,0,, 4294967295,,0,-76.463527,42.403380
1717,1717,0,-1,,0,0,0,, 4294967295,,0,-76.490992,42.463373
1718,1718,0,-1,,0,0,0,, 4294967295,,0,-76.510887,42.402723
1719,1719,0,-1,,0,0,0,, 4294967295,,0,-76.469242,42.443776
1720,1720,0,-1,,0,0,0,, 4294967295,,0,-76.486017,42.423933
1721,1721,0,-1,,0,0,0,, 4294967295,,0,-76.514548,42.429587
1722,1722,0,-1,,0,0,0,, 4294967295,,0,-76.476787,42.489816
1723,1723,0,-1,,0,0,0,, 4294967295,,0,-76.476924,42.489811
1724,1724,0,-1,,0,0,0,, 4294967295,,0,-76.527928,42.468986
1725,1725,0,-1,,0,0,0,, 4294967295,,0,-76.534847,42.480834
1726,1726,0,-1,,2,0,0,, 4294967295,,0,-76.541222,42.495108
1727,1727,0,-1,,2,0,0,, 4294967295,,0,-76.572311,42.466870
1728,1728,0,-1,,0,0,0,, 4294967295,,0,-76.544794,42.460058
1729,1729,0,-1,,2,0,0,, 4294967295,,0,-76.530521,42.394297
1730,1730,0,-1,,2,0,0,, 4294967295,,0,-76.458946,42.401151
1731,1731,0,-1,,2,0,0,, 4294967295,,0,-76.511223,42.492987
1732,1732,0,-1,,0,0,0,, 4294967295,,0,-76.447708,42.414101
1733,1733,0,-1,,0,0,0,, 4294967295,,0,-76.447251,42.413840
1734,1734,0,-1,,2,0,0,, 4294967295,,0,-76.542085,42.443589
1735,1735,0,-1,,0,0,0,, 4294967295,,0,-76.500424,42.423715
1736,1736,0,-1,,0,0,0,, 4294967295,,0,-76.496583,42.430683
1737,1737,0,-1,,0,0,0,, 4294967295,,0,-76.462558,42.487497
1738,1738,0,-1,,0,0,0,, 4294967295,,0,-76.464060,42.487395
1739,1739,0,-1,,0,0,0,, 4294967295,,0,-76.463136,42.480910
1740,1740,0,-1,,0,0,0,, 4294967295,,0,-76.480801,42.455134
1741,1741,0,-1,,0,0,0,, 4294967295,,0,-76.474433,42.457515
1742,1742,0,-1,,0,0,0,, 4294967295,,0,-76.474765,42.458318
1743,1743,0,-1,,0,0,0,, 4294967295,,0,-76.488317,42.483812
1744,1744,0,-1,,0,0,0,, 4294967295,,0,-76.488158,42.484084
1745,1745,0,-1,,2,0,0,, 4294967295,,0,-76.539913,42.463549
1746,1746,0,-1,,0,0,0,, 4294967295,,0,-76.540654,42.465499
1747,1747,0,-1,,0,0,0,, 4294967295,,0,-76.540333,42.465673
1748,1748,0,-1,,0,0,0,, 4294967295,,0,-76.530906,42.450757
1749,1749,0,-1,,2,0,0,, 4294967295,,0,-76.530988,42.450931
1750,1750,0,-1,,0,0,0,, 4294967295,,0,-76.502653,42.416934
1751,1751,0,-1,,0,0,0,, 4294967295,,0,-76.503057,42.407318
1752,1752,0,-1,,2,0,0,, 4294967295,,0,-76.486961,42.367731
1753,1753,0,-1,,0,0,0,, 4294967295,,0,-76.500535,42.411580
1754,1754,0,-1,,0,0,0,, 4294967295,,0,-76.487032,42.450468
1755,1755,0,-1,,0,0,0,, 4294967295,,0,-76.488302,42.449320
1756,1756,0,-1,,2,0,0,, 4294967295,,0,-76.451288,42.494638
1757,1757,0,-1,,0,0,0,, 4294967295,,0,-76.501645,42.407778
1758,1758,0,-1,,0,0,0,, 4294967295,,0,-76.503073,42.407965
1759,1759,0,-1,,0,0,0,, 4294967295,,0,-76.495305,42.438981
1760,1760,0,-1,,2,0,0,, 4294967295,,0,-76.428114,42.430773
1761,1761,0,-1,,0,0,0,, 4294967295,,0,-76.448393,42.433141
1762,1762,0,-1,,2,0,0,, 4294967295,,0,-76.427384,42.460347
1763,1763,0,-1,,2,0,0,, 4294967295,,0,-76.423680,42.402590
1764,1764,0,-1,,2,0,0,, 4294967295,,0,-76.457123,42.425926
1765,1765,0,-1,,0,0,0,, 4294967295,,0,-76.462764,42.431331
1766,1766,0,-1,,2,0,0,, 4294967295,,0,-76.477228,42.455335
1767,1767,0,-1,,2,0,0,, 4294967295,,0,-76.506063,42.427354
1768,1768,0,-1,,2,0,0,, 4294967295,,0,-76.449740,42.421406
1769,1769,0,-1,,2,0,0,, 4294967295,,0,-76.496234,42.422220
1770,1770,0,-1,,0,0,0,, 4294967295,,0,-76.498460,42.421470
1771,1771,0,-1,,0,0,0,, 4294967295,,0,-76.471594,42.489965
1772,1772,0,-1,,0,0,0,, 4294967295,,0,-76.471575,42.489693
1773,1773,0,-1,,2,0,0,, 4294967295,,0,-76.543195,42.412812
1774,1774,0,-1,,2,0,0,, 4294967295,,0,-76.543538,42.412696
1775,1775,0,-1,,0,0,0,, 4294967295,,0,-76.486816,42.441887
1776,1776,0,-1,,0,0,0,, 4294967295,,0,-76.487486,42.442144
1777,1777,0,-1,,0,0,0,, 4294967295,,0,-76.501672,42.431779
1778,1778,0,-1,,0,0,0,, 4294967295,,0,-76.512671,42.439080
1779,1779,0,-1,,0,0,0,, 4294967295,,0,-76.488474,42.437534
1780,1780,0,-1,,0,0,0,, 4294967295,,0,-76.488474,42.437521
1781,1781,0,-1,,2,0,0,, 4294967295,,0,-76.487500,42.436518
1782,1782,0,-1,,0,0,0,, 4294967295,,0,-76.503259,42.448506
1783,1783,0,-1,,0,0,0,, 4294967295,,0,-76.443207,42.442932
1784,1784,0,-1,,2,0,0,, 4294967295,,0,-76.494600,42.421013
1785,1785,0,-1,,0,0,0,, 4294967295,,0,-76.474774,42.441273
1786,1786,0,-1,,0,0,0,, 4294967295,,0,-76.474075,42.440017
1787,1787,0,-1,,0,0,0,, 4294967295,,0,-76.473276,42.439283
1788,1788,0,-1,,0,0,0,, 4294967295,,0,-76.472674,42.438444
1789,1789,0,-1,,2,0,0,, 4294967295,,0,-76.496640,42.429364
1790,1790,0,-1,,2,0,0,, 4294967295,,0,-76.479708,42.455006
1791,1791,0,-1,,0,0,0,, 4294967295,,0,-76.473755,42.448198
1792,1792,0,-1,,2,0,0,, 4294967295,,0,-76.513357,42.439712
1793,1793,0,-1,,0,0,0,, 4294967295,,0,-76.471968,42.438738
1794,1794,0,-1,,0,0,0,, 4294967295,,0,-76.472565,42.439566
1795,1795,0,-1,,2,0,0,, 4294967295,,0,-76.471755,42.439229
1796,1796,0,-1,,2,0,0,, 4294967295,,0,-76.483388,42.426207
1797,1797,0,-1,,0,0,0,, 4294967295,,0,-76.512422,42.439364
1798,1798,0,-1,,0,0,0,, 4294967295,,0,-76.499061,42.477155
1799,1799,0,-1,,0,0,0,, 4294967295,,0,-76.483415,42.462793
1800,1800,0,-1,,0,0,0,, 4294967295,,0,-76.480714,42.445247
1801,1801,0,-1,,0,0,0,, 4294967295,,0,-76.494881,42.462933
1802,1802,0,-1,,0,0,0,, 4294967295,,0,-76.468816,42.441999
1803,1803,0,-1,,0,0,0,, 4294967295,,0,-76.501427,42.431794
1804,1804,0,-1,,0,0,0,, 4294967295,,0,-76.501545,42.431822
1805,1805,0,-1,,0,0,0,, 4294967295,,0,-76.501730,42.431666
1806,1806,0,-1,,0,0,0,, 4294967295,,0,-76.501671,42.431578
1807,1807,0,-1,,0,0,0,, 4294967295,,0,-76.501611,42.431542
1808,1808,0,-1,,2,0,0,, 4294967295,,0,-76.433313,42.476614
1809,1809,0,-1,,2,0,0,, 4294967295,,0,-76.430746,42.476115
1810,1810,0,-1,,2,0,0,, 4294967295,,0,-76.448352,42.422140
1811,1811,0,-1,,0,0,0,, 4294967295,,0,-76.468494,42.455782
1812,1812,0,-1,,2,0,0,, 4294967295,,0,-76.446571,42.419951
1813,1813,0,-1,,2,0,0,, 4294967295,,0,-76.446918,42.419938
1814,1814,0,-1,,2,0,0,, 4294967295,,0,-76.486799,42.441435
1815,1815,0,-1,,0,0,0,, 4294967295,,0,-76.494959,42.492418
1816,1816,0,-1,,0,0,0,, 4294967295,,0,-76.489999,42.491645
1817,1817,0,-1,,2,0,0,, 4294967295,,0,-76.448758,42.413505
1818,1818,0,-1,,0,0,0,, 4294967295,,0,-76.530611,42.449725
1819,1819,0,-1,,0,0,0,, 4294967295,,0,-76.539237,42.444814
1820,1820,0,-1,,0,0,0,, 4294967295,,0,-76.495140,42.438699
1821,1821,0,-1,,0,0,0,, 4294967295,,0,-76.526770,42.425564
1822,1822,0,-1,,2,0,0,, 4294967295,,0,-76.526575,42.426019
1823,1823,0,-1,,2,0,0,, 4294967295,,0,-76.488625,42.486246
1824,1824,0,-1,,2,0,0,, 4294967295,,0,-76.478591,42.489196
1825,1825,0,-1,,0,0,0,, 4294967295,,0,-76.523121,42.462033
1826,1826,0,-1,,0,0,0,, 4294967295,,0,-76.503666,42.434212
1827,1827,0,-1,,2,0,0,, 4294967295,,0,-76.517184,42.424273
1828,1828,0,-1,,2,0,0,, 4294967295,,0,-76.469724,42.496335
1829,1829,0,-1,,2,0,1,, 65,,0,-76.486535,42.423649
1830,1830,0,-1,,0,0,0,, 4294967295,,0,-76.502623,42.443405
1831,1831,0,-1,,2,0,0,, 4294967295,,0,-76.438151,42.456759
1832,1832,0,-1,,2,0,0,, 4294967295,,0,-76.438621,42.456986
1833,1833,0,-1,,2,0,0,, 4294967295,,0,-76.482188,42.462788
1834,1834,0,-1,,2,0,0,, 4294967295,,0,-76.488501,42.431525
1835,1835,0,-1,,0,0,0,, 4294967295,,0,-76.501836,42.439456
1836,1836,0,-1,,0,0,0,, 4294967295,,0,-76.503820,42.439392
1837,1837,0,-1,,0,0,0,, 4294967295,,0,-76.504039,42.439386
1838,1838,0,-1,,0,0,0,, 4294967295,,0,-76.512824,42.436453
1839,1839,0,-1,,0,0,0,, 4294967295,,0,-76.502019,42.431442
1840,1840,0,-1,,0,0,0,, 4294967295,,0,-76.502098,42.431426
1841,1841,0,-1,,0,0,0,, 4294967295,,0,-76.500933,42.449537
1842,1842,0,-1,,0,0,0,, 4294967295,,0,-76.501022,42.449670
1843,1843,0,-1,,0,0,0,, 4294967295,,0,-76.500990,42.449810
1844,1844,0,-1,,0,0,0,, 4294967295,,0,-76.501108,42.449779
1845,1845,0,-1,,0,0,0,, 4294967295,,0,-76.501651,42.449963
1846,1846,0,-1,,0,0,0,, 4294967295,,0,-76.505100,42.453500
1847,1847,0,-1,,0,0,0,, 4294967295,,0,-76.505770,42.453162
1848,1848,0,-1,,0,0,0,, 4294967295,,0,-76.515319,42.452888
1849,1849,0,-1,,2,0,0,, 4294967295,,0,-76.513723,42.454863
1850,1850,0,-1,,2,0,0,, 4294967295,,0,-76.473745,42.432699
1851,1851,0,-1,,2,0,0,, 4294967295,,0,-76.474371,42.431988
1852,1852,0,-1,,2,0,0,, 4294967295,,0,-76.478597,42.487912
1853,1853,0,-1,,0,0,0,, 4294967295,,0,-76.501731,42.427214
1854,1854,0,-1,,2,0,0,, 4294967295,,0,-76.499232,42.428230
